target,workload,concurrency,rep,phase,ts,total,active,idle,idle_in_transaction,other,error
proxy_pool,readonly_steady,10,1,before,2026-05-06T15:29:57.763505+00:00,1,0,1,0,0,
proxy_pool,readonly_steady,10,1,during,2026-05-06T15:29:58.792648+00:00,10,1,9,0,0,
proxy_pool,readonly_steady,10,1,during,2026-05-06T15:30:00.014470+00:00,10,1,9,0,0,
proxy_pool,readonly_steady,10,1,during,2026-05-06T15:30:01.246428+00:00,10,2,8,0,0,
proxy_pool,readonly_steady,10,1,during,2026-05-06T15:30:02.473058+00:00,10,0,10,0,0,
proxy_pool,readonly_steady,10,1,during,2026-05-06T15:30:03.703282+00:00,10,2,8,0,0,
proxy_pool,readonly_steady,10,1,during,2026-05-06T15:30:04.931146+00:00,10,1,9,0,0,
proxy_pool,readonly_steady,10,1,during,2026-05-06T15:30:06.158746+00:00,10,1,9,0,0,
proxy_pool,readonly_steady,10,1,during,2026-05-06T15:30:07.227923+00:00,10,1,9,0,0,
proxy_pool,readonly_steady,10,1,during,2026-05-06T15:30:08.415085+00:00,10,2,8,0,0,
proxy_pool,readonly_steady,10,1,during,2026-05-06T15:30:09.642808+00:00,10,1,9,0,0,
proxy_pool,readonly_steady,10,1,during,2026-05-06T15:30:10.868706+00:00,10,2,8,0,0,
proxy_pool,readonly_steady,10,1,during,2026-05-06T15:30:12.099448+00:00,10,3,7,0,0,
proxy_pool,readonly_steady,10,1,during,2026-05-06T15:30:13.326963+00:00,10,1,9,0,0,
proxy_pool,readonly_steady,10,1,during,2026-05-06T15:30:14.470894+00:00,10,2,8,0,0,
proxy_pool,readonly_steady,10,1,during,2026-05-06T15:30:15.591192+00:00,10,2,8,0,0,
proxy_pool,readonly_steady,10,1,during,2026-05-06T15:30:16.707111+00:00,10,3,7,0,0,
proxy_pool,readonly_steady,10,1,during,2026-05-06T15:30:17.835580+00:00,10,1,9,0,0,
proxy_pool,readonly_steady,10,1,during,2026-05-06T15:30:19.063955+00:00,10,1,9,0,0,
proxy_pool,readonly_steady,10,1,during,2026-05-06T15:30:20.290790+00:00,10,1,9,0,0,
proxy_pool,readonly_steady,10,1,during,2026-05-06T15:30:21.519051+00:00,10,2,8,0,0,
proxy_pool,readonly_steady,10,1,during,2026-05-06T15:30:22.589481+00:00,10,2,8,0,0,
proxy_pool,readonly_steady,10,1,during,2026-05-06T15:30:23.775976+00:00,10,2,8,0,0,
proxy_pool,readonly_steady,10,1,during,2026-05-06T15:30:24.898592+00:00,10,2,8,0,0,
proxy_pool,readonly_steady,10,1,during,2026-05-06T15:30:26.024957+00:00,10,1,9,0,0,
proxy_pool,readonly_steady,10,1,during,2026-05-06T15:30:27.253692+00:00,10,1,9,0,0,
proxy_pool,readonly_steady,10,1,during,2026-05-06T15:30:28.483520+00:00,10,1,9,0,0,
proxy_pool,readonly_steady,10,1,during,2026-05-06T15:30:29.711681+00:00,10,0,10,0,0,
proxy_pool,readonly_steady,10,1,during,2026-05-06T15:30:30.783030+00:00,10,4,6,0,0,
proxy_pool,readonly_steady,10,1,during,2026-05-06T15:30:31.918820+00:00,10,0,10,0,0,
proxy_pool,readonly_steady,10,1,during,2026-05-06T15:30:33.105037+00:00,10,4,6,0,0,
proxy_pool,readonly_steady,10,1,during,2026-05-06T15:30:34.319505+00:00,10,1,9,0,0,
proxy_pool,readonly_steady,10,1,during,2026-05-06T15:30:35.447228+00:00,10,2,8,0,0,
proxy_pool,readonly_steady,10,1,during,2026-05-06T15:30:36.514745+00:00,10,3,7,0,0,
proxy_pool,readonly_steady,10,1,during,2026-05-06T15:30:37.699010+00:00,10,3,7,0,0,
proxy_pool,readonly_steady,10,1,during,2026-05-06T15:30:38.928151+00:00,10,2,8,0,0,
proxy_pool,readonly_steady,10,1,during,2026-05-06T15:30:40.150488+00:00,10,0,10,0,0,
proxy_pool,readonly_steady,10,1,during,2026-05-06T15:30:41.221191+00:00,10,1,9,0,0,
proxy_pool,readonly_steady,10,1,during,2026-05-06T15:30:42.410064+00:00,10,3,7,0,0,
proxy_pool,readonly_steady,10,1,during,2026-05-06T15:30:43.638656+00:00,10,3,7,0,0,
proxy_pool,readonly_steady,10,1,during,2026-05-06T15:30:44.868145+00:00,10,5,5,0,0,
proxy_pool,readonly_steady,10,1,during,2026-05-06T15:30:46.096948+00:00,10,1,9,0,0,
proxy_pool,readonly_steady,10,1,during,2026-05-06T15:30:47.326451+00:00,10,1,9,0,0,
proxy_pool,readonly_steady,10,1,during,2026-05-06T15:30:48.520558+00:00,10,1,9,0,0,
proxy_pool,readonly_steady,10,1,during,2026-05-06T15:30:49.591541+00:00,10,2,8,0,0,
proxy_pool,readonly_steady,10,1,during,2026-05-06T15:30:50.703952+00:00,10,1,9,0,0,
proxy_pool,readonly_steady,10,1,during,2026-05-06T15:30:51.830798+00:00,10,0,10,0,0,
proxy_pool,readonly_steady,10,1,during,2026-05-06T15:30:52.900017+00:00,10,3,7,0,0,
proxy_pool,readonly_steady,10,1,during,2026-05-06T15:30:54.069864+00:00,10,2,8,0,0,
proxy_pool,readonly_steady,10,1,during,2026-05-06T15:30:55.212988+00:00,10,2,8,0,0,
proxy_pool,readonly_steady,10,1,during,2026-05-06T15:30:56.345793+00:00,10,2,8,0,0,
proxy_pool,readonly_steady,10,1,during,2026-05-06T15:30:57.449424+00:00,10,3,7,0,0,
proxy_pool,readonly_steady,10,1,after_15s,2026-05-06T15:31:13.544753+00:00,10,0,10,0,0,
proxy_pool,readonly_steady,10,1,after_30s,2026-05-06T15:31:28.700102+00:00,10,0,10,0,0,
proxy_pool,readonly_steady,10,1,after_45s,2026-05-06T15:31:43.853259+00:00,10,0,10,0,0,
proxy_pool,readonly_steady,10,1,after_60s,2026-05-06T15:31:58.925194+00:00,0,0,0,0,0,
proxy_pool,readonly_steady,10,1,after_90s,2026-05-06T15:32:29.118122+00:00,0,0,0,0,0,
proxy_pool,readonly_steady,10,2,before,2026-05-06T15:32:39.983543+00:00,1,0,1,0,0,
proxy_pool,readonly_steady,10,2,during,2026-05-06T15:32:41.095235+00:00,7,0,7,0,0,
proxy_pool,readonly_steady,10,2,during,2026-05-06T15:32:42.159088+00:00,8,1,7,0,0,
proxy_pool,readonly_steady,10,2,during,2026-05-06T15:32:43.261618+00:00,8,0,8,0,0,
proxy_pool,readonly_steady,10,2,during,2026-05-06T15:32:44.475419+00:00,8,0,8,0,0,
proxy_pool,readonly_steady,10,2,during,2026-05-06T15:32:45.704402+00:00,8,2,6,0,0,
proxy_pool,readonly_steady,10,2,during,2026-05-06T15:32:46.932817+00:00,8,2,6,0,0,
proxy_pool,readonly_steady,10,2,during,2026-05-06T15:32:48.166027+00:00,8,0,8,0,0,
proxy_pool,readonly_steady,10,2,during,2026-05-06T15:32:49.391256+00:00,8,3,5,0,0,
proxy_pool,readonly_steady,10,2,during,2026-05-06T15:32:50.459016+00:00,8,1,7,0,0,
proxy_pool,readonly_steady,10,2,during,2026-05-06T15:32:51.643776+00:00,8,1,7,0,0,
proxy_pool,readonly_steady,10,2,during,2026-05-06T15:32:52.767396+00:00,8,2,6,0,0,
proxy_pool,readonly_steady,10,2,during,2026-05-06T15:32:53.896991+00:00,8,1,7,0,0,
proxy_pool,readonly_steady,10,2,during,2026-05-06T15:32:55.127919+00:00,8,1,7,0,0,
proxy_pool,readonly_steady,10,2,during,2026-05-06T15:32:56.253638+00:00,8,2,6,0,0,
proxy_pool,readonly_steady,10,2,during,2026-05-06T15:32:57.380127+00:00,8,1,7,0,0,
proxy_pool,readonly_steady,10,2,during,2026-05-06T15:32:58.451674+00:00,8,0,8,0,0,
proxy_pool,readonly_steady,10,2,during,2026-05-06T15:32:59.632412+00:00,8,0,8,0,0,
proxy_pool,readonly_steady,10,2,during,2026-05-06T15:33:00.861096+00:00,8,0,8,0,0,
proxy_pool,readonly_steady,10,2,during,2026-05-06T15:33:02.092417+00:00,8,0,8,0,0,
proxy_pool,readonly_steady,10,2,during,2026-05-06T15:33:03.163445+00:00,8,1,7,0,0,
proxy_pool,readonly_steady,10,2,during,2026-05-06T15:33:04.341603+00:00,8,1,7,0,0,
proxy_pool,readonly_steady,10,2,during,2026-05-06T15:33:05.572039+00:00,8,3,5,0,0,
proxy_pool,readonly_steady,10,2,during,2026-05-06T15:33:06.640139+00:00,8,1,7,0,0,
proxy_pool,readonly_steady,10,2,during,2026-05-06T15:33:07.822845+00:00,8,1,7,0,0,
proxy_pool,readonly_steady,10,2,during,2026-05-06T15:33:09.052100+00:00,8,3,5,0,0,
proxy_pool,readonly_steady,10,2,during,2026-05-06T15:33:10.284784+00:00,8,0,8,0,0,
proxy_pool,readonly_steady,10,2,during,2026-05-06T15:33:11.512288+00:00,8,1,7,0,0,
proxy_pool,readonly_steady,10,2,during,2026-05-06T15:33:12.636782+00:00,8,0,8,0,0,
proxy_pool,readonly_steady,10,2,during,2026-05-06T15:33:13.764929+00:00,8,2,6,0,0,
proxy_pool,readonly_steady,10,2,during,2026-05-06T15:33:14.992819+00:00,8,1,7,0,0,
proxy_pool,readonly_steady,10,2,during,2026-05-06T15:33:16.224792+00:00,8,0,8,0,0,
proxy_pool,readonly_steady,10,2,during,2026-05-06T15:33:17.450405+00:00,8,0,8,0,0,
proxy_pool,readonly_steady,10,2,during,2026-05-06T15:33:18.622589+00:00,8,1,7,0,0,
proxy_pool,readonly_steady,10,2,during,2026-05-06T15:33:19.702582+00:00,8,1,7,0,0,
proxy_pool,readonly_steady,10,2,during,2026-05-06T15:33:20.932521+00:00,8,0,8,0,0,
proxy_pool,readonly_steady,10,2,during,2026-05-06T15:33:22.160358+00:00,8,0,8,0,0,
proxy_pool,readonly_steady,10,2,during,2026-05-06T15:33:23.388358+00:00,8,2,6,0,0,
proxy_pool,readonly_steady,10,2,during,2026-05-06T15:33:24.486711+00:00,8,1,7,0,0,
proxy_pool,readonly_steady,10,2,during,2026-05-06T15:33:25.561734+00:00,8,1,7,0,0,
proxy_pool,readonly_steady,10,2,during,2026-05-06T15:33:26.665938+00:00,8,1,7,0,0,
proxy_pool,readonly_steady,10,2,during,2026-05-06T15:33:27.894458+00:00,8,2,6,0,0,
proxy_pool,readonly_steady,10,2,during,2026-05-06T15:33:29.123979+00:00,8,1,7,0,0,
proxy_pool,readonly_steady,10,2,during,2026-05-06T15:33:30.352317+00:00,8,1,7,0,0,
proxy_pool,readonly_steady,10,2,during,2026-05-06T15:33:31.480883+00:00,8,1,7,0,0,
proxy_pool,readonly_steady,10,2,during,2026-05-06T15:33:32.605446+00:00,8,1,7,0,0,
proxy_pool,readonly_steady,10,2,during,2026-05-06T15:33:33.833799+00:00,8,1,7,0,0,
proxy_pool,readonly_steady,10,2,during,2026-05-06T15:33:35.063140+00:00,8,2,6,0,0,
proxy_pool,readonly_steady,10,2,during,2026-05-06T15:33:36.292709+00:00,8,1,7,0,0,
proxy_pool,readonly_steady,10,2,during,2026-05-06T15:33:37.522049+00:00,8,2,6,0,0,
proxy_pool,readonly_steady,10,2,during,2026-05-06T15:33:38.646047+00:00,8,1,7,0,0,
proxy_pool,readonly_steady,10,2,during,2026-05-06T15:33:39.773815+00:00,8,2,6,0,0,
proxy_pool,readonly_steady,10,2,after_15s,2026-05-06T15:33:55.754471+00:00,8,0,8,0,0,
proxy_pool,readonly_steady,10,2,after_30s,2026-05-06T15:34:10.906325+00:00,8,0,8,0,0,
proxy_pool,readonly_steady,10,2,after_45s,2026-05-06T15:34:26.061316+00:00,8,0,8,0,0,
proxy_pool,readonly_steady,10,2,after_60s,2026-05-06T15:34:41.220525+00:00,0,0,0,0,0,
proxy_pool,readonly_steady,10,2,after_90s,2026-05-06T15:35:11.325574+00:00,0,0,0,0,0,
proxy_pool,readonly_steady,10,3,before,2026-05-06T15:35:18.084764+00:00,1,0,1,0,0,
proxy_pool,readonly_steady,10,3,during,2026-05-06T15:35:19.312091+00:00,9,2,7,0,0,
proxy_pool,readonly_steady,10,3,during,2026-05-06T15:35:20.455593+00:00,9,2,7,0,0,
proxy_pool,readonly_steady,10,3,during,2026-05-06T15:35:21.565346+00:00,9,0,9,0,0,
proxy_pool,readonly_steady,10,3,during,2026-05-06T15:35:22.692095+00:00,10,0,10,0,0,
proxy_pool,readonly_steady,10,3,during,2026-05-06T15:35:23.816865+00:00,10,1,9,0,0,
proxy_pool,readonly_steady,10,3,during,2026-05-06T15:35:25.044638+00:00,10,2,8,0,0,
proxy_pool,readonly_steady,10,3,during,2026-05-06T15:35:26.276296+00:00,10,0,10,0,0,
proxy_pool,readonly_steady,10,3,during,2026-05-06T15:35:27.503259+00:00,10,4,6,0,0,
proxy_pool,readonly_steady,10,3,during,2026-05-06T15:35:28.574685+00:00,10,5,5,0,0,
proxy_pool,readonly_steady,10,3,during,2026-05-06T15:35:29.755454+00:00,10,2,8,0,0,
proxy_pool,readonly_steady,10,3,during,2026-05-06T15:35:30.984982+00:00,10,2,8,0,0,
proxy_pool,readonly_steady,10,3,during,2026-05-06T15:35:32.213916+00:00,10,1,9,0,0,
proxy_pool,readonly_steady,10,3,during,2026-05-06T15:35:33.442034+00:00,10,1,9,0,0,
proxy_pool,readonly_steady,10,3,during,2026-05-06T15:35:34.507854+00:00,10,1,9,0,0,
proxy_pool,readonly_steady,10,3,during,2026-05-06T15:35:35.695362+00:00,10,3,7,0,0,
proxy_pool,readonly_steady,10,3,during,2026-05-06T15:35:36.923948+00:00,10,0,10,0,0,
proxy_pool,readonly_steady,10,3,during,2026-05-06T15:35:38.156982+00:00,10,1,9,0,0,
proxy_pool,readonly_steady,10,3,during,2026-05-06T15:35:39.380613+00:00,10,1,9,0,0,
proxy_pool,readonly_steady,10,3,during,2026-05-06T15:35:40.456321+00:00,10,5,5,0,0,
proxy_pool,readonly_steady,10,3,during,2026-05-06T15:35:41.641283+00:00,10,5,5,0,0,
proxy_pool,readonly_steady,10,3,during,2026-05-06T15:35:42.862524+00:00,10,1,9,0,0,
proxy_pool,readonly_steady,10,3,during,2026-05-06T15:35:44.092913+00:00,10,1,9,0,0,
proxy_pool,readonly_steady,10,3,during,2026-05-06T15:35:45.321252+00:00,10,2,8,0,0,
proxy_pool,readonly_steady,10,3,during,2026-05-06T15:35:46.503662+00:00,10,2,8,0,0,
proxy_pool,readonly_steady,10,3,during,2026-05-06T15:35:47.780957+00:00,10,2,8,0,0,
proxy_pool,readonly_steady,10,3,during,2026-05-06T15:35:49.008023+00:00,10,0,10,0,0,
proxy_pool,readonly_steady,10,3,during,2026-05-06T15:35:50.236922+00:00,10,3,7,0,0,
proxy_pool,readonly_steady,10,3,during,2026-05-06T15:35:51.465070+00:00,10,2,8,0,0,
proxy_pool,readonly_steady,10,3,during,2026-05-06T15:35:52.594440+00:00,10,4,6,0,0,
proxy_pool,readonly_steady,10,3,during,2026-05-06T15:35:53.717567+00:00,10,3,7,0,0,
proxy_pool,readonly_steady,10,3,during,2026-05-06T15:35:54.946975+00:00,10,1,9,0,0,
proxy_pool,readonly_steady,10,3,during,2026-05-06T15:35:56.177111+00:00,10,3,7,0,0,
proxy_pool,readonly_steady,10,3,during,2026-05-06T15:35:57.405879+00:00,10,1,9,0,0,
proxy_pool,readonly_steady,10,3,during,2026-05-06T15:35:58.534975+00:00,10,1,9,0,0,
proxy_pool,readonly_steady,10,3,during,2026-05-06T15:35:59.677306+00:00,10,1,9,0,0,
proxy_pool,readonly_steady,10,3,during,2026-05-06T15:36:00.749051+00:00,10,4,6,0,0,
proxy_pool,readonly_steady,10,3,during,2026-05-06T15:36:01.855633+00:00,10,5,5,0,0,
proxy_pool,readonly_steady,10,3,during,2026-05-06T15:36:02.994142+00:00,10,1,9,0,0,
proxy_pool,readonly_steady,10,3,during,2026-05-06T15:36:04.113607+00:00,10,3,7,0,0,
proxy_pool,readonly_steady,10,3,during,2026-05-06T15:36:05.193411+00:00,10,1,9,0,0,
proxy_pool,readonly_steady,10,3,during,2026-05-06T15:36:06.415767+00:00,10,3,7,0,0,
proxy_pool,readonly_steady,10,3,during,2026-05-06T15:36:07.644586+00:00,10,1,9,0,0,
proxy_pool,readonly_steady,10,3,during,2026-05-06T15:36:08.877841+00:00,10,4,6,0,0,
proxy_pool,readonly_steady,10,3,during,2026-05-06T15:36:10.102761+00:00,10,2,8,0,0,
proxy_pool,readonly_steady,10,3,during,2026-05-06T15:36:11.331863+00:00,10,1,9,0,0,
proxy_pool,readonly_steady,10,3,during,2026-05-06T15:36:12.491325+00:00,10,1,9,0,0,
proxy_pool,readonly_steady,10,3,during,2026-05-06T15:36:13.584304+00:00,10,1,9,0,0,
proxy_pool,readonly_steady,10,3,during,2026-05-06T15:36:14.718093+00:00,10,1,9,0,0,
proxy_pool,readonly_steady,10,3,during,2026-05-06T15:36:15.838470+00:00,10,1,9,0,0,
proxy_pool,readonly_steady,10,3,during,2026-05-06T15:36:17.070586+00:00,10,1,9,0,0,
proxy_pool,readonly_steady,10,3,during,2026-05-06T15:36:18.301025+00:00,10,0,10,0,0,
proxy_pool,readonly_steady,10,3,after_15s,2026-05-06T15:36:33.866820+00:00,10,0,10,0,0,
proxy_pool,readonly_steady,10,3,after_30s,2026-05-06T15:36:49.022245+00:00,10,0,10,0,0,
proxy_pool,readonly_steady,10,3,after_45s,2026-05-06T15:37:04.174987+00:00,10,0,10,0,0,
proxy_pool,readonly_steady,10,3,after_60s,2026-05-06T15:37:19.331793+00:00,0,0,0,0,0,
proxy_pool,readonly_steady,10,3,after_90s,2026-05-06T15:37:49.437963+00:00,0,0,0,0,0,
proxy_pool,readonly_steady,50,1,before,2026-05-06T15:37:56.196991+00:00,1,0,1,0,0,
proxy_pool,readonly_steady,50,1,during,2026-05-06T15:37:57.425133+00:00,31,2,29,0,0,
proxy_pool,readonly_steady,50,1,during,2026-05-06T15:37:58.514079+00:00,33,0,33,0,0,
proxy_pool,readonly_steady,50,1,during,2026-05-06T15:37:59.678085+00:00,33,4,29,0,0,
proxy_pool,readonly_steady,50,1,during,2026-05-06T15:38:00.906299+00:00,33,3,30,0,0,
proxy_pool,readonly_steady,50,1,during,2026-05-06T15:38:02.136121+00:00,33,11,22,0,0,
proxy_pool,readonly_steady,50,1,during,2026-05-06T15:38:03.373678+00:00,33,0,33,0,0,
proxy_pool,readonly_steady,50,1,during,2026-05-06T15:38:04.490427+00:00,33,1,32,0,0,
proxy_pool,readonly_steady,50,1,during,2026-05-06T15:38:05.617557+00:00,33,0,33,0,0,
proxy_pool,readonly_steady,50,1,during,2026-05-06T15:38:06.744971+00:00,33,0,33,0,0,
proxy_pool,readonly_steady,50,1,during,2026-05-06T15:38:07.871026+00:00,33,0,33,0,0,
proxy_pool,readonly_steady,50,1,during,2026-05-06T15:38:08.997310+00:00,33,2,31,0,0,
proxy_pool,readonly_steady,50,1,during,2026-05-06T15:38:10.125189+00:00,33,1,32,0,0,
proxy_pool,readonly_steady,50,1,during,2026-05-06T15:38:11.353357+00:00,34,3,31,0,0,
proxy_pool,readonly_steady,50,1,during,2026-05-06T15:38:12.490666+00:00,34,6,28,0,0,
proxy_pool,readonly_steady,50,1,during,2026-05-06T15:38:13.605810+00:00,34,0,34,0,0,
proxy_pool,readonly_steady,50,1,during,2026-05-06T15:38:14.837152+00:00,34,3,31,0,0,
proxy_pool,readonly_steady,50,1,during,2026-05-06T15:38:16.062544+00:00,34,5,29,0,0,
proxy_pool,readonly_steady,50,1,during,2026-05-06T15:38:17.291835+00:00,34,2,32,0,0,
proxy_pool,readonly_steady,50,1,during,2026-05-06T15:38:18.506823+00:00,34,4,30,0,0,
proxy_pool,readonly_steady,50,1,during,2026-05-06T15:38:19.749021+00:00,34,2,32,0,0,
proxy_pool,readonly_steady,50,1,during,2026-05-06T15:38:20.875146+00:00,34,1,33,0,0,
proxy_pool,readonly_steady,50,1,during,2026-05-06T15:38:22.105077+00:00,34,2,32,0,0,
proxy_pool,readonly_steady,50,1,during,2026-05-06T15:38:23.335443+00:00,34,5,29,0,0,
proxy_pool,readonly_steady,50,1,during,2026-05-06T15:38:24.456557+00:00,34,2,32,0,0,
proxy_pool,readonly_steady,50,1,during,2026-05-06T15:38:25.689381+00:00,34,2,32,0,0,
proxy_pool,readonly_steady,50,1,during,2026-05-06T15:38:26.917667+00:00,34,2,32,0,0,
proxy_pool,readonly_steady,50,1,during,2026-05-06T15:38:28.148419+00:00,34,1,33,0,0,
proxy_pool,readonly_steady,50,1,during,2026-05-06T15:38:29.273931+00:00,34,2,32,0,0,
proxy_pool,readonly_steady,50,1,during,2026-05-06T15:38:30.474396+00:00,34,0,34,0,0,
proxy_pool,readonly_steady,50,1,during,2026-05-06T15:38:31.731929+00:00,34,0,34,0,0,
proxy_pool,readonly_steady,50,1,during,2026-05-06T15:38:38.792021+00:00,34,2,32,0,0,
proxy_pool,readonly_steady,50,1,during,2026-05-06T15:38:40.034531+00:00,34,6,28,0,0,
proxy_pool,readonly_steady,50,1,during,2026-05-06T15:38:41.254896+00:00,34,1,33,0,0,
proxy_pool,readonly_steady,50,1,during,2026-05-06T15:38:42.484010+00:00,34,1,33,0,0,
proxy_pool,readonly_steady,50,1,during,2026-05-06T15:38:43.568647+00:00,34,0,34,0,0,
proxy_pool,readonly_steady,50,1,during,2026-05-06T15:38:44.737874+00:00,34,3,31,0,0,
proxy_pool,readonly_steady,50,1,during,2026-05-06T15:38:45.966697+00:00,34,1,33,0,0,
proxy_pool,readonly_steady,50,1,during,2026-05-06T15:38:47.194757+00:00,34,4,30,0,0,
proxy_pool,readonly_steady,50,1,during,2026-05-06T15:38:48.423446+00:00,34,4,30,0,0,
proxy_pool,readonly_steady,50,1,during,2026-05-06T15:38:49.653376+00:00,34,5,29,0,0,
proxy_pool,readonly_steady,50,1,during,2026-05-06T15:38:50.880933+00:00,34,0,34,0,0,
proxy_pool,readonly_steady,50,1,during,2026-05-06T15:38:52.109445+00:00,34,2,32,0,0,
proxy_pool,readonly_steady,50,1,during,2026-05-06T15:38:53.338234+00:00,34,5,29,0,0,
proxy_pool,readonly_steady,50,1,during,2026-05-06T15:38:54.537873+00:00,34,0,34,0,0,
proxy_pool,readonly_steady,50,1,during,2026-05-06T15:38:55.797020+00:00,34,1,33,0,0,
proxy_pool,readonly_steady,50,1,during,2026-05-06T15:38:57.338562+00:00,34,0,34,0,0,
proxy_pool,readonly_steady,50,1,after_15s,2026-05-06T15:39:12.580625+00:00,34,0,34,0,0,
proxy_pool,readonly_steady,50,1,after_30s,2026-05-06T15:39:27.745551+00:00,34,0,34,0,0,
proxy_pool,readonly_steady,50,1,after_45s,2026-05-06T15:39:42.902932+00:00,34,0,34,0,0,
proxy_pool,readonly_steady,50,1,after_60s,2026-05-06T15:39:58.164070+00:00,0,0,0,0,0,
proxy_pool,readonly_steady,50,1,after_90s,2026-05-06T15:40:28.369041+00:00,0,0,0,0,0,
proxy_pool,readonly_steady,50,2,before,2026-05-06T15:40:34.924704+00:00,1,0,1,0,0,
proxy_pool,readonly_steady,50,2,during,2026-05-06T15:40:35.965365+00:00,32,1,31,0,0,
proxy_pool,readonly_steady,50,2,during,2026-05-06T15:40:37.178051+00:00,32,8,24,0,0,
proxy_pool,readonly_steady,50,2,during,2026-05-06T15:40:38.404683+00:00,33,0,33,0,0,
proxy_pool,readonly_steady,50,2,during,2026-05-06T15:40:39.635489+00:00,33,7,26,0,0,
proxy_pool,readonly_steady,50,2,during,2026-05-06T15:40:40.862052+00:00,33,6,27,0,0,
proxy_pool,readonly_steady,50,2,during,2026-05-06T15:40:42.092171+00:00,33,1,32,0,0,
proxy_pool,readonly_steady,50,2,during,2026-05-06T15:40:43.323753+00:00,33,0,33,0,0,
proxy_pool,readonly_steady,50,2,during,2026-05-06T15:40:44.490064+00:00,33,3,30,0,0,
proxy_pool,readonly_steady,50,2,during,2026-05-06T15:40:45.778899+00:00,33,3,30,0,0,
proxy_pool,readonly_steady,50,2,during,2026-05-06T15:40:47.007103+00:00,33,1,32,0,0,
proxy_pool,readonly_steady,50,2,during,2026-05-06T15:40:48.234492+00:00,33,1,32,0,0,
proxy_pool,readonly_steady,50,2,during,2026-05-06T15:40:49.464128+00:00,33,0,33,0,0,
proxy_pool,readonly_steady,50,2,during,2026-05-06T15:40:50.591270+00:00,33,5,28,0,0,
proxy_pool,readonly_steady,50,2,during,2026-05-06T15:40:51.718347+00:00,33,1,32,0,0,
proxy_pool,readonly_steady,50,2,during,2026-05-06T15:40:52.949681+00:00,33,0,33,0,0,
proxy_pool,readonly_steady,50,2,during,2026-05-06T15:40:54.178833+00:00,33,1,32,0,0,
proxy_pool,readonly_steady,50,2,during,2026-05-06T15:40:55.403260+00:00,33,3,30,0,0,
proxy_pool,readonly_steady,50,2,during,2026-05-06T15:40:56.522535+00:00,33,2,31,0,0,
proxy_pool,readonly_steady,50,2,during,2026-05-06T15:40:57.657918+00:00,33,3,30,0,0,
proxy_pool,readonly_steady,50,2,during,2026-05-06T15:40:58.885113+00:00,33,3,30,0,0,
proxy_pool,readonly_steady,50,2,during,2026-05-06T15:41:00.114736+00:00,34,3,31,0,0,
proxy_pool,readonly_steady,50,2,during,2026-05-06T15:41:01.342836+00:00,34,3,31,0,0,
proxy_pool,readonly_steady,50,2,during,2026-05-06T15:41:02.473849+00:00,34,1,33,0,0,
proxy_pool,readonly_steady,50,2,during,2026-05-06T15:41:03.597375+00:00,34,4,30,0,0,
proxy_pool,readonly_steady,50,2,during,2026-05-06T15:41:04.826135+00:00,34,3,31,0,0,
proxy_pool,readonly_steady,50,2,during,2026-05-06T15:41:06.052700+00:00,34,2,32,0,0,
proxy_pool,readonly_steady,50,2,during,2026-05-06T15:41:07.240675+00:00,34,1,33,0,0,
proxy_pool,readonly_steady,50,2,during,2026-05-06T15:41:08.351768+00:00,34,4,30,0,0,
proxy_pool,readonly_steady,50,2,during,2026-05-06T15:41:09.489857+00:00,34,0,34,0,0,
proxy_pool,readonly_steady,50,2,during,2026-05-06T15:41:10.629038+00:00,34,3,31,0,0,
proxy_pool,readonly_steady,50,2,during,2026-05-06T15:41:11.713196+00:00,34,0,34,0,0,
proxy_pool,readonly_steady,50,2,during,2026-05-06T15:41:12.799797+00:00,34,6,28,0,0,
proxy_pool,readonly_steady,50,2,during,2026-05-06T15:41:14.042443+00:00,34,3,31,0,0,
proxy_pool,readonly_steady,50,2,during,2026-05-06T15:41:15.269185+00:00,34,1,33,0,0,
proxy_pool,readonly_steady,50,2,during,2026-05-06T15:41:16.427265+00:00,34,1,33,0,0,
proxy_pool,readonly_steady,50,2,during,2026-05-06T15:41:17.523083+00:00,34,2,32,0,0,
proxy_pool,readonly_steady,50,2,during,2026-05-06T15:41:18.651573+00:00,34,2,32,0,0,
proxy_pool,readonly_steady,50,2,during,2026-05-06T15:41:19.775549+00:00,34,4,30,0,0,
proxy_pool,readonly_steady,50,2,during,2026-05-06T15:41:21.003483+00:00,34,7,27,0,0,
proxy_pool,readonly_steady,50,2,during,2026-05-06T15:41:22.234247+00:00,34,1,33,0,0,
proxy_pool,readonly_steady,50,2,during,2026-05-06T15:41:23.465503+00:00,34,2,32,0,0,
proxy_pool,readonly_steady,50,2,during,2026-05-06T15:41:24.589715+00:00,34,2,32,0,0,
proxy_pool,readonly_steady,50,2,during,2026-05-06T15:41:25.719558+00:00,34,7,27,0,0,
proxy_pool,readonly_steady,50,2,during,2026-05-06T15:41:26.944532+00:00,34,2,32,0,0,
proxy_pool,readonly_steady,50,2,during,2026-05-06T15:41:28.173387+00:00,34,0,34,0,0,
proxy_pool,readonly_steady,50,2,during,2026-05-06T15:41:29.403603+00:00,34,2,32,0,0,
proxy_pool,readonly_steady,50,2,during,2026-05-06T15:41:30.506953+00:00,34,4,30,0,0,
proxy_pool,readonly_steady,50,2,during,2026-05-06T15:41:31.759523+00:00,34,3,31,0,0,
proxy_pool,readonly_steady,50,2,during,2026-05-06T15:41:32.887355+00:00,34,4,30,0,0,
proxy_pool,readonly_steady,50,2,during,2026-05-06T15:41:34.112292+00:00,34,4,30,0,0,
proxy_pool,readonly_steady,50,2,during,2026-05-06T15:41:35.344802+00:00,34,0,34,0,0,
proxy_pool,readonly_steady,50,2,after_15s,2026-05-06T15:41:51.109062+00:00,34,0,34,0,0,
proxy_pool,readonly_steady,50,2,after_30s,2026-05-06T15:42:06.266028+00:00,34,0,34,0,0,
proxy_pool,readonly_steady,50,2,after_45s,2026-05-06T15:42:21.413012+00:00,34,0,34,0,0,
proxy_pool,readonly_steady,50,2,after_60s,2026-05-06T15:42:36.541371+00:00,0,0,0,0,0,
proxy_pool,readonly_steady,50,2,after_90s,2026-05-06T15:43:06.728054+00:00,0,0,0,0,0,
proxy_pool,readonly_steady,50,3,before,2026-05-06T15:43:13.378414+00:00,1,0,1,0,0,
proxy_pool,readonly_steady,50,3,during,2026-05-06T15:43:14.504936+00:00,25,0,25,0,0,
proxy_pool,readonly_steady,50,3,during,2026-05-06T15:43:15.629311+00:00,27,2,25,0,0,
proxy_pool,readonly_steady,50,3,during,2026-05-06T15:43:16.856161+00:00,27,0,27,0,0,
proxy_pool,readonly_steady,50,3,during,2026-05-06T15:43:18.084594+00:00,27,2,25,0,0,
proxy_pool,readonly_steady,50,3,during,2026-05-06T15:43:19.313594+00:00,27,0,27,0,0,
proxy_pool,readonly_steady,50,3,during,2026-05-06T15:43:20.533426+00:00,27,2,25,0,0,
proxy_pool,readonly_steady,50,3,during,2026-05-06T15:43:21.675770+00:00,27,3,24,0,0,
proxy_pool,readonly_steady,50,3,during,2026-05-06T15:43:22.893817+00:00,27,3,24,0,0,
proxy_pool,readonly_steady,50,3,during,2026-05-06T15:43:24.121350+00:00,29,0,29,0,0,
proxy_pool,readonly_steady,50,3,during,2026-05-06T15:43:25.245820+00:00,29,0,29,0,0,
proxy_pool,readonly_steady,50,3,during,2026-05-06T15:43:26.475075+00:00,29,3,26,0,0,
proxy_pool,readonly_steady,50,3,during,2026-05-06T15:43:27.684042+00:00,29,5,24,0,0,
proxy_pool,readonly_steady,50,3,during,2026-05-06T15:43:28.930507+00:00,30,0,30,0,0,
proxy_pool,readonly_steady,50,3,during,2026-05-06T15:43:30.162001+00:00,30,3,27,0,0,
proxy_pool,readonly_steady,50,3,during,2026-05-06T15:43:31.386232+00:00,30,0,30,0,0,
proxy_pool,readonly_steady,50,3,during,2026-05-06T15:43:32.524307+00:00,30,0,30,0,0,
proxy_pool,readonly_steady,50,3,during,2026-05-06T15:43:33.694861+00:00,30,3,27,0,0,
proxy_pool,readonly_steady,50,3,during,2026-05-06T15:43:34.867353+00:00,30,4,26,0,0,
proxy_pool,readonly_steady,50,3,during,2026-05-06T15:43:36.096397+00:00,30,15,15,0,0,
proxy_pool,readonly_steady,50,3,during,2026-05-06T15:43:37.321386+00:00,30,0,30,0,0,
proxy_pool,readonly_steady,50,3,during,2026-05-06T15:43:38.540226+00:00,30,1,29,0,0,
proxy_pool,readonly_steady,50,3,during,2026-05-06T15:43:39.706077+00:00,30,0,30,0,0,
proxy_pool,readonly_steady,50,3,during,2026-05-06T15:43:40.801813+00:00,30,1,29,0,0,
proxy_pool,readonly_steady,50,3,during,2026-05-06T15:43:42.029473+00:00,30,1,29,0,0,
proxy_pool,readonly_steady,50,3,during,2026-05-06T15:43:43.258570+00:00,30,4,26,0,0,
proxy_pool,readonly_steady,50,3,during,2026-05-06T15:43:44.458436+00:00,30,2,28,0,0,
proxy_pool,readonly_steady,50,3,during,2026-05-06T15:43:45.712857+00:00,30,2,28,0,0,
proxy_pool,readonly_steady,50,3,during,2026-05-06T15:43:46.939021+00:00,30,5,25,0,0,
proxy_pool,readonly_steady,50,3,during,2026-05-06T15:43:48.168110+00:00,30,5,25,0,0,
proxy_pool,readonly_steady,50,3,during,2026-05-06T15:43:49.396357+00:00,30,0,30,0,0,
proxy_pool,readonly_steady,50,3,during,2026-05-06T15:43:50.481741+00:00,30,0,30,0,0,
proxy_pool,readonly_steady,50,3,during,2026-05-06T15:43:51.646706+00:00,30,1,29,0,0,
proxy_pool,readonly_steady,50,3,during,2026-05-06T15:43:52.876042+00:00,30,8,22,0,0,
proxy_pool,readonly_steady,50,3,during,2026-05-06T15:43:54.103499+00:00,30,4,26,0,0,
proxy_pool,readonly_steady,50,3,during,2026-05-06T15:43:55.331970+00:00,30,0,30,0,0,
proxy_pool,readonly_steady,50,3,during,2026-05-06T15:43:56.550612+00:00,30,1,29,0,0,
proxy_pool,readonly_steady,50,3,during,2026-05-06T15:43:57.735079+00:00,30,8,22,0,0,
proxy_pool,readonly_steady,50,3,during,2026-05-06T15:43:58.911942+00:00,30,2,28,0,0,
proxy_pool,readonly_steady,50,3,during,2026-05-06T15:44:00.144800+00:00,30,4,26,0,0,
proxy_pool,readonly_steady,50,3,during,2026-05-06T15:44:01.369322+00:00,30,3,27,0,0,
proxy_pool,readonly_steady,50,3,during,2026-05-06T15:44:02.452208+00:00,30,3,27,0,0,
proxy_pool,readonly_steady,50,3,during,2026-05-06T15:44:03.722250+00:00,30,3,27,0,0,
proxy_pool,readonly_steady,50,3,during,2026-05-06T15:44:04.952802+00:00,30,5,25,0,0,
proxy_pool,readonly_steady,50,3,during,2026-05-06T15:44:06.178401+00:00,30,4,26,0,0,
proxy_pool,readonly_steady,50,3,during,2026-05-06T15:44:07.411749+00:00,30,0,30,0,0,
proxy_pool,readonly_steady,50,3,during,2026-05-06T15:44:08.497201+00:00,30,2,28,0,0,
proxy_pool,readonly_steady,50,3,during,2026-05-06T15:44:09.658687+00:00,30,2,28,0,0,
proxy_pool,readonly_steady,50,3,during,2026-05-06T15:44:10.886972+00:00,30,2,28,0,0,
proxy_pool,readonly_steady,50,3,during,2026-05-06T15:44:12.113890+00:00,30,2,28,0,0,
proxy_pool,readonly_steady,50,3,during,2026-05-06T15:44:13.345355+00:00,30,5,25,0,0,
proxy_pool,readonly_steady,50,3,during,2026-05-06T15:44:14.507614+00:00,30,0,30,0,0,
proxy_pool,readonly_steady,50,3,after_15s,2026-05-06T15:44:29.717079+00:00,30,0,30,0,0,
proxy_pool,readonly_steady,50,3,after_30s,2026-05-06T15:44:44.864582+00:00,30,0,30,0,0,
proxy_pool,readonly_steady,50,3,after_45s,2026-05-06T15:45:00.014381+00:00,30,0,30,0,0,
proxy_pool,readonly_steady,50,3,after_60s,2026-05-06T15:45:15.161880+00:00,0,0,0,0,0,
proxy_pool,readonly_steady,50,3,after_90s,2026-05-06T15:45:45.255248+00:00,0,0,0,0,0,
proxy_pool,readonly_steady,100,1,before,2026-05-06T15:45:51.956859+00:00,1,0,1,0,0,
proxy_pool,readonly_steady,100,1,during,2026-05-06T15:45:53.042449+00:00,68,17,51,0,0,
proxy_pool,readonly_steady,100,1,during,2026-05-06T15:45:54.268239+00:00,68,0,68,0,0,
proxy_pool,readonly_steady,100,1,during,2026-05-06T15:45:55.499396+00:00,68,6,62,0,0,
proxy_pool,readonly_steady,100,1,during,2026-05-06T15:45:56.624064+00:00,68,13,55,0,0,
proxy_pool,readonly_steady,100,1,during,2026-05-06T15:45:57.749051+00:00,68,2,66,0,0,
proxy_pool,readonly_steady,100,1,during,2026-05-06T15:45:58.979458+00:00,68,4,64,0,0,
proxy_pool,readonly_steady,100,1,during,2026-05-06T15:46:00.205888+00:00,68,1,67,0,0,
proxy_pool,readonly_steady,100,1,during,2026-05-06T15:46:01.437048+00:00,68,2,66,0,0,
proxy_pool,readonly_steady,100,1,during,2026-05-06T15:46:02.535662+00:00,68,0,68,0,0,
proxy_pool,readonly_steady,100,1,during,2026-05-06T15:46:03.689620+00:00,68,2,66,0,0,
proxy_pool,readonly_steady,100,1,during,2026-05-06T15:46:04.915343+00:00,68,7,61,0,0,
proxy_pool,readonly_steady,100,1,during,2026-05-06T15:46:06.144057+00:00,68,3,65,0,0,
proxy_pool,readonly_steady,100,1,during,2026-05-06T15:46:07.372301+00:00,68,3,65,0,0,
proxy_pool,readonly_steady,100,1,during,2026-05-06T15:46:08.528125+00:00,68,0,68,0,0,
proxy_pool,readonly_steady,100,1,during,2026-05-06T15:46:14.702702+00:00,68,6,62,0,0,
proxy_pool,readonly_steady,100,1,during,2026-05-06T15:46:15.820091+00:00,68,3,65,0,0,
proxy_pool,readonly_steady,100,1,during,2026-05-06T15:46:16.952888+00:00,68,1,67,0,0,
proxy_pool,readonly_steady,100,1,during,2026-05-06T15:46:18.055381+00:00,68,21,47,0,0,
proxy_pool,readonly_steady,100,1,during,2026-05-06T15:46:19.147227+00:00,68,3,65,0,0,
proxy_pool,readonly_steady,100,1,during,2026-05-06T15:46:20.270842+00:00,68,3,65,0,0,
proxy_pool,readonly_steady,100,1,during,2026-05-06T15:46:21.499939+00:00,68,0,68,0,0,
proxy_pool,readonly_steady,100,1,during,2026-05-06T15:46:22.622574+00:00,68,5,63,0,0,
proxy_pool,readonly_steady,100,1,during,2026-05-06T15:46:23.751792+00:00,68,7,61,0,0,
proxy_pool,readonly_steady,100,1,during,2026-05-06T15:46:24.982824+00:00,68,4,64,0,0,
proxy_pool,readonly_steady,100,1,during,2026-05-06T15:46:26.207484+00:00,68,11,57,0,0,
proxy_pool,readonly_steady,100,1,during,2026-05-06T15:46:27.438631+00:00,68,1,67,0,0,
proxy_pool,readonly_steady,100,1,during,2026-05-06T15:46:28.533538+00:00,68,0,68,0,0,
proxy_pool,readonly_steady,100,1,during,2026-05-06T15:46:29.690011+00:00,68,2,66,0,0,
proxy_pool,readonly_steady,100,1,during,2026-05-06T15:46:30.916389+00:00,68,9,59,0,0,
proxy_pool,readonly_steady,100,1,during,2026-05-06T15:46:32.146767+00:00,68,11,57,0,0,
proxy_pool,readonly_steady,100,1,during,2026-05-06T15:46:33.375025+00:00,68,4,64,0,0,
proxy_pool,readonly_steady,100,1,during,2026-05-06T15:46:34.474881+00:00,68,6,62,0,0,
proxy_pool,readonly_steady,100,1,during,2026-05-06T15:46:35.626616+00:00,68,3,65,0,0,
proxy_pool,readonly_steady,100,1,during,2026-05-06T15:46:36.853637+00:00,68,2,66,0,0,
proxy_pool,readonly_steady,100,1,during,2026-05-06T15:46:38.082895+00:00,68,1,67,0,0,
proxy_pool,readonly_steady,100,1,during,2026-05-06T15:46:39.312173+00:00,68,4,64,0,0,
proxy_pool,readonly_steady,100,1,during,2026-05-06T15:46:40.525401+00:00,68,5,63,0,0,
proxy_pool,readonly_steady,100,1,during,2026-05-06T15:46:41.770337+00:00,68,1,67,0,0,
proxy_pool,readonly_steady,100,1,during,2026-05-06T15:46:42.894315+00:00,68,3,65,0,0,
proxy_pool,readonly_steady,100,1,during,2026-05-06T15:46:44.123799+00:00,68,1,67,0,0,
proxy_pool,readonly_steady,100,1,during,2026-05-06T15:46:45.349793+00:00,68,2,66,0,0,
proxy_pool,readonly_steady,100,1,during,2026-05-06T15:46:46.571878+00:00,68,3,65,0,0,
proxy_pool,readonly_steady,100,1,during,2026-05-06T15:46:47.705960+00:00,68,0,68,0,0,
proxy_pool,readonly_steady,100,1,during,2026-05-06T15:46:48.934373+00:00,68,3,65,0,0,
proxy_pool,readonly_steady,100,1,during,2026-05-06T15:46:50.163563+00:00,68,4,64,0,0,
proxy_pool,readonly_steady,100,1,during,2026-05-06T15:46:51.392108+00:00,68,0,68,0,0,
proxy_pool,readonly_steady,100,1,during,2026-05-06T15:46:52.488496+00:00,68,0,68,0,0,
proxy_pool,readonly_steady,100,1,after_15s,2026-05-06T15:47:08.176243+00:00,68,0,68,0,0,
proxy_pool,readonly_steady,100,1,after_30s,2026-05-06T15:47:23.327703+00:00,68,0,68,0,0,
proxy_pool,readonly_steady,100,1,after_45s,2026-05-06T15:47:38.441428+00:00,68,0,68,0,0,
proxy_pool,readonly_steady,100,1,after_60s,2026-05-06T15:47:53.632792+00:00,0,0,0,0,0,
proxy_pool,readonly_steady,100,1,after_90s,2026-05-06T15:48:23.733793+00:00,0,0,0,0,0,
proxy_pool,readonly_steady,100,2,before,2026-05-06T15:48:30.287573+00:00,1,0,1,0,0,
proxy_pool,readonly_steady,100,2,during,2026-05-06T15:48:31.517176+00:00,64,1,63,0,0,
proxy_pool,readonly_steady,100,2,during,2026-05-06T15:48:32.642341+00:00,64,0,64,0,0,
proxy_pool,readonly_steady,100,2,during,2026-05-06T15:48:33.771814+00:00,64,3,61,0,0,
proxy_pool,readonly_steady,100,2,during,2026-05-06T15:48:34.997250+00:00,64,5,59,0,0,
proxy_pool,readonly_steady,100,2,during,2026-05-06T15:48:36.228766+00:00,64,6,58,0,0,
proxy_pool,readonly_steady,100,2,during,2026-05-06T15:48:37.456311+00:00,64,5,59,0,0,
proxy_pool,readonly_steady,100,2,during,2026-05-06T15:48:38.554380+00:00,64,0,64,0,0,
proxy_pool,readonly_steady,100,2,during,2026-05-06T15:48:39.708307+00:00,64,10,54,0,0,
proxy_pool,readonly_steady,100,2,during,2026-05-06T15:48:40.938105+00:00,64,1,63,0,0,
proxy_pool,readonly_steady,100,2,during,2026-05-06T15:48:42.166475+00:00,64,3,61,0,0,
proxy_pool,readonly_steady,100,2,during,2026-05-06T15:48:43.290985+00:00,64,4,60,0,0,
proxy_pool,readonly_steady,100,2,during,2026-05-06T15:48:44.498619+00:00,64,5,59,0,0,
proxy_pool,readonly_steady,100,2,during,2026-05-06T15:48:45.753215+00:00,64,1,63,0,0,
proxy_pool,readonly_steady,100,2,during,2026-05-06T15:48:46.878856+00:00,64,3,61,0,0,
proxy_pool,readonly_steady,100,2,during,2026-05-06T15:48:48.102733+00:00,64,2,62,0,0,
proxy_pool,readonly_steady,100,2,during,2026-05-06T15:48:49.334155+00:00,64,7,57,0,0,
proxy_pool,readonly_steady,100,2,during,2026-05-06T15:48:50.508872+00:00,64,0,64,0,0,
proxy_pool,readonly_steady,100,2,during,2026-05-06T15:48:51.793056+00:00,64,0,64,0,0,
proxy_pool,readonly_steady,100,2,during,2026-05-06T15:48:53.017470+00:00,64,1,63,0,0,
proxy_pool,readonly_steady,100,2,during,2026-05-06T15:48:54.246885+00:00,64,1,63,0,0,
proxy_pool,readonly_steady,100,2,during,2026-05-06T15:48:55.371923+00:00,64,0,64,0,0,
proxy_pool,readonly_steady,100,2,during,2026-05-06T15:48:56.592266+00:00,64,8,56,0,0,
proxy_pool,readonly_steady,100,2,during,2026-05-06T15:48:57.729252+00:00,64,3,61,0,0,
proxy_pool,readonly_steady,100,2,during,2026-05-06T15:48:58.955794+00:00,64,12,52,0,0,
proxy_pool,readonly_steady,100,2,during,2026-05-06T15:49:00.188406+00:00,64,2,62,0,0,
proxy_pool,readonly_steady,100,2,during,2026-05-06T15:49:01.412736+00:00,64,3,61,0,0,
proxy_pool,readonly_steady,100,2,during,2026-05-06T15:49:02.532230+00:00,64,0,64,0,0,
proxy_pool,readonly_steady,100,2,during,2026-05-06T15:49:03.664836+00:00,64,6,58,0,0,
proxy_pool,readonly_steady,100,2,during,2026-05-06T15:49:04.894647+00:00,64,5,59,0,0,
proxy_pool,readonly_steady,100,2,during,2026-05-06T15:49:06.121710+00:00,64,1,63,0,0,
proxy_pool,readonly_steady,100,2,during,2026-05-06T15:49:07.349223+00:00,64,0,64,0,0,
proxy_pool,readonly_steady,100,2,during,2026-05-06T15:49:08.572468+00:00,64,2,62,0,0,
proxy_pool,readonly_steady,100,2,during,2026-05-06T15:49:09.807806+00:00,64,5,59,0,0,
proxy_pool,readonly_steady,100,2,during,2026-05-06T15:49:11.038195+00:00,64,9,55,0,0,
proxy_pool,readonly_steady,100,2,during,2026-05-06T15:49:12.265324+00:00,64,3,61,0,0,
proxy_pool,readonly_steady,100,2,during,2026-05-06T15:49:13.494850+00:00,64,3,61,0,0,
proxy_pool,readonly_steady,100,2,during,2026-05-06T15:49:14.587738+00:00,64,1,63,0,0,
proxy_pool,readonly_steady,100,2,during,2026-05-06T15:49:15.747738+00:00,64,3,61,0,0,
proxy_pool,readonly_steady,100,2,during,2026-05-06T15:49:16.977529+00:00,64,0,64,0,0,
proxy_pool,readonly_steady,100,2,during,2026-05-06T15:49:18.207216+00:00,64,5,59,0,0,
proxy_pool,readonly_steady,100,2,during,2026-05-06T15:49:19.432363+00:00,64,3,61,0,0,
proxy_pool,readonly_steady,100,2,during,2026-05-06T15:49:20.551660+00:00,64,7,57,0,0,
proxy_pool,readonly_steady,100,2,during,2026-05-06T15:49:21.688250+00:00,64,0,64,0,0,
proxy_pool,readonly_steady,100,2,during,2026-05-06T15:49:22.917304+00:00,64,4,60,0,0,
proxy_pool,readonly_steady,100,2,during,2026-05-06T15:49:24.141427+00:00,64,2,62,0,0,
proxy_pool,readonly_steady,100,2,during,2026-05-06T15:49:25.370234+00:00,64,7,57,0,0,
proxy_pool,readonly_steady,100,2,during,2026-05-06T15:49:26.540527+00:00,64,4,60,0,0,
proxy_pool,readonly_steady,100,2,during,2026-05-06T15:49:27.828685+00:00,64,1,63,0,0,
proxy_pool,readonly_steady,100,2,during,2026-05-06T15:49:29.057453+00:00,64,6,58,0,0,
proxy_pool,readonly_steady,100,2,during,2026-05-06T15:49:30.284767+00:00,64,3,61,0,0,
proxy_pool,readonly_steady,100,2,during,2026-05-06T15:49:31.712840+00:00,64,0,64,0,0,
proxy_pool,readonly_steady,100,2,after_15s,2026-05-06T15:49:46.868011+00:00,64,0,64,0,0,
proxy_pool,readonly_steady,100,2,after_30s,2026-05-06T15:50:02.021292+00:00,64,0,64,0,0,
proxy_pool,readonly_steady,100,2,after_45s,2026-05-06T15:50:17.172567+00:00,64,0,64,0,0,
proxy_pool,readonly_steady,100,2,after_60s,2026-05-06T15:50:32.326162+00:00,0,0,0,0,0,
proxy_pool,readonly_steady,100,2,after_90s,2026-05-06T15:51:02.429568+00:00,0,0,0,0,0,
proxy_pool,readonly_steady,100,3,before,2026-05-06T15:51:09.190982+00:00,1,0,1,0,0,
proxy_pool,readonly_steady,100,3,during,2026-05-06T15:51:10.420306+00:00,60,1,59,0,0,
proxy_pool,readonly_steady,100,3,during,2026-05-06T15:51:11.651575+00:00,60,0,60,0,0,
proxy_pool,readonly_steady,100,3,during,2026-05-06T15:51:12.879548+00:00,60,0,60,0,0,
proxy_pool,readonly_steady,100,3,during,2026-05-06T15:51:14.107917+00:00,60,0,60,0,0,
proxy_pool,readonly_steady,100,3,during,2026-05-06T15:51:15.336906+00:00,60,0,60,0,0,
proxy_pool,readonly_steady,100,3,during,2026-05-06T15:51:16.493333+00:00,60,4,56,0,0,
proxy_pool,readonly_steady,100,3,during,2026-05-06T15:51:17.801603+00:00,60,8,52,0,0,
proxy_pool,readonly_steady,100,3,during,2026-05-06T15:51:18.919206+00:00,60,3,57,0,0,
proxy_pool,readonly_steady,100,3,during,2026-05-06T15:51:20.009796+00:00,60,0,60,0,0,
proxy_pool,readonly_steady,100,3,during,2026-05-06T15:51:21.175091+00:00,60,9,51,0,0,
proxy_pool,readonly_steady,100,3,during,2026-05-06T15:51:22.306901+00:00,60,0,60,0,0,
proxy_pool,readonly_steady,100,3,during,2026-05-06T15:51:23.444811+00:00,60,3,57,0,0,
proxy_pool,readonly_steady,100,3,during,2026-05-06T15:51:24.561773+00:00,60,0,60,0,0,
proxy_pool,readonly_steady,100,3,during,2026-05-06T15:51:25.656125+00:00,60,3,57,0,0,
proxy_pool,readonly_steady,100,3,during,2026-05-06T15:51:26.804977+00:00,60,0,60,0,0,
proxy_pool,readonly_steady,100,3,during,2026-05-06T15:51:28.034462+00:00,60,1,59,0,0,
proxy_pool,readonly_steady,100,3,during,2026-05-06T15:51:29.263421+00:00,60,2,58,0,0,
proxy_pool,readonly_steady,100,3,during,2026-05-06T15:51:30.493125+00:00,60,11,49,0,0,
proxy_pool,readonly_steady,100,3,during,2026-05-06T15:51:31.721569+00:00,60,2,58,0,0,
proxy_pool,readonly_steady,100,3,during,2026-05-06T15:51:32.950284+00:00,60,0,60,0,0,
proxy_pool,readonly_steady,100,3,during,2026-05-06T15:51:34.178184+00:00,60,4,56,0,0,
proxy_pool,readonly_steady,100,3,during,2026-05-06T15:51:35.412067+00:00,60,4,56,0,0,
proxy_pool,readonly_steady,100,3,during,2026-05-06T15:51:36.524719+00:00,60,5,55,0,0,
proxy_pool,readonly_steady,100,3,during,2026-05-06T15:51:37.660028+00:00,60,3,57,0,0,
proxy_pool,readonly_steady,100,3,during,2026-05-06T15:51:38.893616+00:00,60,3,57,0,0,
proxy_pool,readonly_steady,100,3,during,2026-05-06T15:51:40.119589+00:00,60,0,60,0,0,
proxy_pool,readonly_steady,100,3,during,2026-05-06T15:51:41.348863+00:00,60,15,45,0,0,
proxy_pool,readonly_steady,100,3,during,2026-05-06T15:51:42.477273+00:00,60,2,58,0,0,
proxy_pool,readonly_steady,100,3,during,2026-05-06T15:51:43.599052+00:00,60,2,58,0,0,
proxy_pool,readonly_steady,100,3,during,2026-05-06T15:51:44.726027+00:00,60,0,60,0,0,
proxy_pool,readonly_steady,100,3,during,2026-05-06T15:51:45.852012+00:00,60,0,60,0,0,
proxy_pool,readonly_steady,100,3,during,2026-05-06T15:51:47.082348+00:00,60,4,56,0,0,
proxy_pool,readonly_steady,100,3,during,2026-05-06T15:51:48.311670+00:00,60,2,58,0,0,
proxy_pool,readonly_steady,100,3,during,2026-05-06T15:51:49.542270+00:00,60,3,57,0,0,
proxy_pool,readonly_steady,100,3,during,2026-05-06T15:51:50.665897+00:00,60,2,58,0,0,
proxy_pool,readonly_steady,100,3,during,2026-05-06T15:51:51.793059+00:00,60,0,60,0,0,
proxy_pool,readonly_steady,100,3,during,2026-05-06T15:51:53.019991+00:00,60,2,58,0,0,
proxy_pool,readonly_steady,100,3,during,2026-05-06T15:51:54.250312+00:00,60,6,54,0,0,
proxy_pool,readonly_steady,100,3,during,2026-05-06T15:51:55.476337+00:00,60,4,56,0,0,
proxy_pool,readonly_steady,100,3,during,2026-05-06T15:51:56.606737+00:00,60,1,59,0,0,
proxy_pool,readonly_steady,100,3,during,2026-05-06T15:51:57.735664+00:00,60,1,59,0,0,
proxy_pool,readonly_steady,100,3,during,2026-05-06T15:51:58.959792+00:00,60,10,50,0,0,
proxy_pool,readonly_steady,100,3,during,2026-05-06T15:52:00.192030+00:00,60,2,58,0,0,
proxy_pool,readonly_steady,100,3,during,2026-05-06T15:52:01.319676+00:00,60,5,55,0,0,
proxy_pool,readonly_steady,100,3,during,2026-05-06T15:52:02.443799+00:00,60,3,57,0,0,
proxy_pool,readonly_steady,100,3,during,2026-05-06T15:52:03.671409+00:00,60,4,56,0,0,
proxy_pool,readonly_steady,100,3,during,2026-05-06T15:52:04.766558+00:00,60,10,50,0,0,
proxy_pool,readonly_steady,100,3,during,2026-05-06T15:52:05.922263+00:00,60,2,58,0,0,
proxy_pool,readonly_steady,100,3,during,2026-05-06T15:52:07.155216+00:00,60,2,58,0,0,
proxy_pool,readonly_steady,100,3,during,2026-05-06T15:52:08.385036+00:00,60,7,53,0,0,
proxy_pool,readonly_steady,100,3,during,2026-05-06T15:52:09.612677+00:00,60,0,60,0,0,
proxy_pool,readonly_steady,100,3,after_15s,2026-05-06T15:52:25.582928+00:00,60,0,60,0,0,
proxy_pool,readonly_steady,100,3,after_30s,2026-05-06T15:52:40.737300+00:00,60,0,60,0,0,
proxy_pool,readonly_steady,100,3,after_45s,2026-05-06T15:52:55.889812+00:00,60,0,60,0,0,
proxy_pool,readonly_steady,100,3,after_60s,2026-05-06T15:53:11.047658+00:00,0,0,0,0,0,
proxy_pool,readonly_steady,100,3,after_90s,2026-05-06T15:53:41.150024+00:00,0,0,0,0,0,
proxy_pool,readonly_steady,250,1,before,2026-05-06T15:53:47.908872+00:00,1,0,1,0,0,
proxy_pool,readonly_steady,250,1,during,2026-05-06T15:53:49.143482+00:00,78,8,70,0,0,
proxy_pool,readonly_steady,250,1,during,2026-05-06T15:53:50.372716+00:00,78,11,67,0,0,
proxy_pool,readonly_steady,250,1,during,2026-05-06T15:53:51.600348+00:00,78,0,78,0,0,
proxy_pool,readonly_steady,250,1,during,2026-05-06T15:53:52.726043+00:00,78,7,71,0,0,
proxy_pool,readonly_steady,250,1,during,2026-05-06T15:53:53.853207+00:00,78,14,64,0,0,
proxy_pool,readonly_steady,250,1,during,2026-05-06T15:53:55.083740+00:00,78,3,75,0,0,
proxy_pool,readonly_steady,250,1,during,2026-05-06T15:53:56.310004+00:00,78,4,74,0,0,
proxy_pool,readonly_steady,250,1,during,2026-05-06T15:53:57.538762+00:00,78,5,73,0,0,
proxy_pool,readonly_steady,250,1,during,2026-05-06T15:53:58.666054+00:00,78,2,76,0,0,
proxy_pool,readonly_steady,250,1,during,2026-05-06T15:53:59.791730+00:00,78,4,74,0,0,
proxy_pool,readonly_steady,250,1,during,2026-05-06T15:54:01.021399+00:00,78,0,78,0,0,
proxy_pool,readonly_steady,250,1,during,2026-05-06T15:54:02.247338+00:00,78,6,72,0,0,
proxy_pool,readonly_steady,250,1,during,2026-05-06T15:54:03.478970+00:00,78,0,78,0,0,
proxy_pool,readonly_steady,250,1,during,2026-05-06T15:54:04.580972+00:00,78,4,74,0,0,
proxy_pool,readonly_steady,250,1,during,2026-05-06T15:54:05.733417+00:00,78,2,76,0,0,
proxy_pool,readonly_steady,250,1,during,2026-05-06T15:54:06.960565+00:00,78,0,78,0,0,
proxy_pool,readonly_steady,250,1,during,2026-05-06T15:54:08.188256+00:00,78,2,76,0,0,
proxy_pool,readonly_steady,250,1,during,2026-05-06T15:54:09.319860+00:00,78,2,76,0,0,
proxy_pool,readonly_steady,250,1,during,2026-05-06T15:54:10.448915+00:00,78,8,70,0,0,
proxy_pool,readonly_steady,250,1,during,2026-05-06T15:54:11.673017+00:00,78,0,78,0,0,
proxy_pool,readonly_steady,250,1,during,2026-05-06T15:54:12.770245+00:00,78,0,78,0,0,
proxy_pool,readonly_steady,250,1,during,2026-05-06T15:54:13.868450+00:00,78,3,75,0,0,
proxy_pool,readonly_steady,250,1,during,2026-05-06T15:54:15.149234+00:00,78,4,74,0,0,
proxy_pool,readonly_steady,250,1,during,2026-05-06T15:54:16.381341+00:00,78,5,73,0,0,
proxy_pool,readonly_steady,250,1,during,2026-05-06T15:54:17.506404+00:00,78,3,75,0,0,
proxy_pool,readonly_steady,250,1,during,2026-05-06T15:54:18.632104+00:00,78,3,75,0,0,
proxy_pool,readonly_steady,250,1,during,2026-05-06T15:54:19.860279+00:00,78,2,76,0,0,
proxy_pool,readonly_steady,250,1,during,2026-05-06T15:54:21.090784+00:00,78,9,69,0,0,
proxy_pool,readonly_steady,250,1,during,2026-05-06T15:54:22.320576+00:00,78,8,70,0,0,
proxy_pool,readonly_steady,250,1,during,2026-05-06T15:54:23.545269+00:00,78,5,73,0,0,
proxy_pool,readonly_steady,250,1,during,2026-05-06T15:54:24.677013+00:00,78,0,78,0,0,
proxy_pool,readonly_steady,250,1,during,2026-05-06T15:54:25.808314+00:00,78,1,77,0,0,
proxy_pool,readonly_steady,250,1,during,2026-05-06T15:54:27.026597+00:00,78,2,76,0,0,
proxy_pool,readonly_steady,250,1,during,2026-05-06T15:54:28.258340+00:00,78,0,78,0,0,
proxy_pool,readonly_steady,250,1,during,2026-05-06T15:54:29.488250+00:00,78,1,77,0,0,
proxy_pool,readonly_steady,250,1,during,2026-05-06T15:54:30.611508+00:00,78,0,78,0,0,
proxy_pool,readonly_steady,250,1,during,2026-05-06T15:54:31.743771+00:00,78,3,75,0,0,
proxy_pool,readonly_steady,250,1,during,2026-05-06T15:54:32.967466+00:00,78,0,78,0,0,
proxy_pool,readonly_steady,250,1,during,2026-05-06T15:54:34.196889+00:00,78,0,78,0,0,
proxy_pool,readonly_steady,250,1,during,2026-05-06T15:54:35.426756+00:00,78,0,78,0,0,
proxy_pool,readonly_steady,250,1,during,2026-05-06T15:54:36.533169+00:00,78,2,76,0,0,
proxy_pool,readonly_steady,250,1,during,2026-05-06T15:54:37.680311+00:00,78,6,72,0,0,
proxy_pool,readonly_steady,250,1,during,2026-05-06T15:54:38.907188+00:00,78,7,71,0,0,
proxy_pool,readonly_steady,250,1,during,2026-05-06T15:54:40.135212+00:00,78,9,69,0,0,
proxy_pool,readonly_steady,250,1,during,2026-05-06T15:54:41.365757+00:00,78,3,75,0,0,
proxy_pool,readonly_steady,250,1,during,2026-05-06T15:54:42.467705+00:00,78,6,72,0,0,
proxy_pool,readonly_steady,250,1,during,2026-05-06T15:54:43.617516+00:00,78,2,76,0,0,
proxy_pool,readonly_steady,250,1,during,2026-05-06T15:54:44.844221+00:00,78,3,75,0,0,
proxy_pool,readonly_steady,250,1,during,2026-05-06T15:54:46.076523+00:00,78,0,78,0,0,
proxy_pool,readonly_steady,250,1,during,2026-05-06T15:54:47.303764+00:00,78,16,62,0,0,
proxy_pool,readonly_steady,250,1,during,2026-05-06T15:54:49.047207+00:00,78,0,78,0,0,
proxy_pool,readonly_steady,250,1,after_15s,2026-05-06T15:55:04.294930+00:00,78,0,78,0,0,
proxy_pool,readonly_steady,250,1,after_30s,2026-05-06T15:55:19.450115+00:00,78,0,78,0,0,
proxy_pool,readonly_steady,250,1,after_45s,2026-05-06T15:55:34.705913+00:00,78,0,78,0,0,
proxy_pool,readonly_steady,250,1,after_60s,2026-05-06T15:55:49.964580+00:00,0,0,0,0,0,
proxy_pool,readonly_steady,250,1,after_90s,2026-05-06T15:56:20.068090+00:00,0,0,0,0,0,
proxy_pool,readonly_steady,250,2,before,2026-05-06T15:56:26.506862+00:00,1,0,1,0,0,
proxy_pool,readonly_steady,250,2,during,2026-05-06T15:56:27.543449+00:00,68,2,66,0,0,
proxy_pool,readonly_steady,250,2,during,2026-05-06T15:56:28.637558+00:00,68,0,68,0,0,
proxy_pool,readonly_steady,250,2,during,2026-05-06T15:56:29.770843+00:00,68,14,54,0,0,
proxy_pool,readonly_steady,250,2,during,2026-05-06T15:56:30.906030+00:00,68,1,67,0,0,
proxy_pool,readonly_steady,250,2,during,2026-05-06T15:56:32.001409+00:00,68,21,47,0,0,
proxy_pool,readonly_steady,250,2,during,2026-05-06T15:56:33.095823+00:00,68,5,63,0,0,
proxy_pool,readonly_steady,250,2,during,2026-05-06T15:56:34.202562+00:00,68,0,68,0,0,
proxy_pool,readonly_steady,250,2,during,2026-05-06T15:56:35.393205+00:00,68,0,68,0,0,
proxy_pool,readonly_steady,250,2,during,2026-05-06T15:56:36.495224+00:00,68,11,57,0,0,
proxy_pool,readonly_steady,250,2,during,2026-05-06T15:56:37.682012+00:00,68,0,68,0,0,
proxy_pool,readonly_steady,250,2,during,2026-05-06T15:56:38.913053+00:00,68,0,68,0,0,
proxy_pool,readonly_steady,250,2,during,2026-05-06T15:56:40.140278+00:00,68,2,66,0,0,
proxy_pool,readonly_steady,250,2,during,2026-05-06T15:56:41.369977+00:00,68,0,68,0,0,
proxy_pool,readonly_steady,250,2,during,2026-05-06T15:56:42.512165+00:00,68,4,64,0,0,
proxy_pool,readonly_steady,250,2,during,2026-05-06T15:56:43.623434+00:00,68,0,68,0,0,
proxy_pool,readonly_steady,250,2,during,2026-05-06T15:56:44.850212+00:00,68,3,65,0,0,
proxy_pool,readonly_steady,250,2,during,2026-05-06T15:56:46.079260+00:00,68,6,62,0,0,
proxy_pool,readonly_steady,250,2,during,2026-05-06T15:56:47.323653+00:00,68,2,66,0,0,
proxy_pool,readonly_steady,250,2,during,2026-05-06T15:56:48.462173+00:00,68,4,64,0,0,
proxy_pool,readonly_steady,250,2,during,2026-05-06T15:56:49.773210+00:00,68,1,67,0,0,
proxy_pool,readonly_steady,250,2,during,2026-05-06T15:56:50.994169+00:00,68,0,68,0,0,
proxy_pool,readonly_steady,250,2,during,2026-05-06T15:56:52.223607+00:00,68,1,67,0,0,
proxy_pool,readonly_steady,250,2,during,2026-05-06T15:56:53.430030+00:00,68,0,68,0,0,
proxy_pool,readonly_steady,250,2,during,2026-05-06T15:56:54.527004+00:00,68,0,68,0,0,
proxy_pool,readonly_steady,250,2,during,2026-05-06T15:56:55.704119+00:00,68,2,66,0,0,
proxy_pool,readonly_steady,250,2,during,2026-05-06T15:56:56.933756+00:00,68,2,66,0,0,
proxy_pool,readonly_steady,250,2,during,2026-05-06T15:56:58.160811+00:00,68,3,65,0,0,
proxy_pool,readonly_steady,250,2,during,2026-05-06T15:56:59.394939+00:00,68,1,67,0,0,
proxy_pool,readonly_steady,250,2,during,2026-05-06T15:57:00.493718+00:00,68,4,64,0,0,
proxy_pool,readonly_steady,250,2,during,2026-05-06T15:57:01.752227+00:00,68,6,62,0,0,
proxy_pool,readonly_steady,250,2,during,2026-05-06T15:57:02.874601+00:00,68,4,64,0,0,
proxy_pool,readonly_steady,250,2,during,2026-05-06T15:57:04.101869+00:00,68,0,68,0,0,
proxy_pool,readonly_steady,250,2,during,2026-05-06T15:57:05.329820+00:00,68,0,68,0,0,
proxy_pool,readonly_steady,250,2,during,2026-05-06T15:57:06.551899+00:00,68,2,66,0,0,
proxy_pool,readonly_steady,250,2,during,2026-05-06T15:57:07.793238+00:00,68,7,61,0,0,
proxy_pool,readonly_steady,250,2,during,2026-05-06T15:57:09.016145+00:00,68,13,55,0,0,
proxy_pool,readonly_steady,250,2,during,2026-05-06T15:57:10.244540+00:00,68,2,66,0,0,
proxy_pool,readonly_steady,250,2,during,2026-05-06T15:57:11.472201+00:00,68,4,64,0,0,
proxy_pool,readonly_steady,250,2,during,2026-05-06T15:57:12.599099+00:00,68,1,67,0,0,
proxy_pool,readonly_steady,250,2,during,2026-05-06T15:57:13.731546+00:00,68,2,66,0,0,
proxy_pool,readonly_steady,250,2,during,2026-05-06T15:57:14.954880+00:00,68,1,67,0,0,
proxy_pool,readonly_steady,250,2,during,2026-05-06T15:57:16.183918+00:00,68,6,62,0,0,
proxy_pool,readonly_steady,250,2,during,2026-05-06T15:57:17.410900+00:00,68,3,65,0,0,
proxy_pool,readonly_steady,250,2,during,2026-05-06T15:57:18.540519+00:00,68,2,66,0,0,
proxy_pool,readonly_steady,250,2,during,2026-05-06T15:57:19.661457+00:00,68,5,63,0,0,
proxy_pool,readonly_steady,250,2,during,2026-05-06T15:57:20.893418+00:00,68,4,64,0,0,
proxy_pool,readonly_steady,250,2,during,2026-05-06T15:57:22.121738+00:00,68,0,68,0,0,
proxy_pool,readonly_steady,250,2,during,2026-05-06T15:57:23.351189+00:00,68,3,65,0,0,
proxy_pool,readonly_steady,250,2,during,2026-05-06T15:57:24.572677+00:00,68,5,63,0,0,
proxy_pool,readonly_steady,250,2,during,2026-05-06T15:57:25.821283+00:00,68,2,66,0,0,
proxy_pool,readonly_steady,250,2,during,2026-05-06T15:57:26.909674+00:00,68,0,68,0,0,
proxy_pool,readonly_steady,250,2,after_15s,2026-05-06T15:57:42.699506+00:00,68,0,68,0,0,
proxy_pool,readonly_steady,250,2,after_30s,2026-05-06T15:57:57.954719+00:00,68,0,68,0,0,
proxy_pool,readonly_steady,250,2,after_45s,2026-05-06T15:58:13.109476+00:00,68,0,68,0,0,
proxy_pool,readonly_steady,250,2,after_60s,2026-05-06T15:58:28.262772+00:00,0,0,0,0,0,
proxy_pool,readonly_steady,250,2,after_90s,2026-05-06T15:58:58.366141+00:00,0,0,0,0,0,
proxy_pool,readonly_steady,250,3,before,2026-05-06T15:59:04.713276+00:00,1,0,1,0,0,
proxy_pool,readonly_steady,250,3,during,2026-05-06T15:59:05.784887+00:00,1,0,1,0,0,
proxy_pool,readonly_steady,250,3,during,2026-05-06T15:59:06.969382+00:00,63,6,57,0,0,
proxy_pool,readonly_steady,250,3,during,2026-05-06T15:59:08.199473+00:00,63,4,59,0,0,
proxy_pool,readonly_steady,250,3,during,2026-05-06T15:59:09.427498+00:00,63,6,57,0,0,
proxy_pool,readonly_steady,250,3,during,2026-05-06T15:59:10.521518+00:00,63,8,55,0,0,
proxy_pool,readonly_steady,250,3,during,2026-05-06T15:59:16.697662+00:00,63,5,58,0,0,
proxy_pool,readonly_steady,250,3,during,2026-05-06T15:59:17.834107+00:00,63,4,59,0,0,
proxy_pool,readonly_steady,250,3,during,2026-05-06T15:59:19.054148+00:00,63,7,56,0,0,
proxy_pool,readonly_steady,250,3,during,2026-05-06T15:59:20.281488+00:00,63,2,61,0,0,
proxy_pool,readonly_steady,250,3,during,2026-05-06T15:59:21.509583+00:00,63,5,58,0,0,
proxy_pool,readonly_steady,250,3,during,2026-05-06T15:59:22.636615+00:00,63,9,54,0,0,
proxy_pool,readonly_steady,250,3,during,2026-05-06T15:59:23.769312+00:00,63,8,55,0,0,
proxy_pool,readonly_steady,250,3,during,2026-05-06T15:59:25.004478+00:00,63,3,60,0,0,
proxy_pool,readonly_steady,250,3,during,2026-05-06T15:59:26.219558+00:00,63,11,52,0,0,
proxy_pool,readonly_steady,250,3,during,2026-05-06T15:59:27.451453+00:00,63,11,52,0,0,
proxy_pool,readonly_steady,250,3,during,2026-05-06T15:59:28.574265+00:00,63,4,59,0,0,
proxy_pool,readonly_steady,250,3,during,2026-05-06T15:59:29.702269+00:00,63,0,63,0,0,
proxy_pool,readonly_steady,250,3,during,2026-05-06T15:59:30.933279+00:00,63,0,63,0,0,
proxy_pool,readonly_steady,250,3,during,2026-05-06T15:59:32.159213+00:00,63,2,61,0,0,
proxy_pool,readonly_steady,250,3,during,2026-05-06T15:59:33.389427+00:00,63,6,57,0,0,
proxy_pool,readonly_steady,250,3,during,2026-05-06T15:59:34.480171+00:00,63,6,57,0,0,
proxy_pool,readonly_steady,250,3,during,2026-05-06T15:59:35.641074+00:00,63,0,63,0,0,
proxy_pool,readonly_steady,250,3,during,2026-05-06T15:59:36.870557+00:00,63,7,56,0,0,
proxy_pool,readonly_steady,250,3,during,2026-05-06T15:59:38.097826+00:00,63,0,63,0,0,
proxy_pool,readonly_steady,250,3,during,2026-05-06T15:59:39.325603+00:00,63,1,62,0,0,
proxy_pool,readonly_steady,250,3,during,2026-05-06T15:59:40.494098+00:00,63,1,62,0,0,
proxy_pool,readonly_steady,250,3,during,2026-05-06T15:59:41.804275+00:00,63,3,60,0,0,
proxy_pool,readonly_steady,250,3,during,2026-05-06T15:59:42.912143+00:00,63,1,62,0,0,
proxy_pool,readonly_steady,250,3,during,2026-05-06T15:59:44.137664+00:00,63,1,62,0,0,
proxy_pool,readonly_steady,250,3,during,2026-05-06T15:59:45.265281+00:00,63,3,60,0,0,
proxy_pool,readonly_steady,250,3,during,2026-05-06T15:59:46.496310+00:00,63,5,58,0,0,
proxy_pool,readonly_steady,250,3,during,2026-05-06T15:59:47.727525+00:00,63,1,62,0,0,
proxy_pool,readonly_steady,250,3,during,2026-05-06T15:59:48.953919+00:00,63,6,57,0,0,
proxy_pool,readonly_steady,250,3,during,2026-05-06T15:59:50.179432+00:00,63,3,60,0,0,
proxy_pool,readonly_steady,250,3,during,2026-05-06T15:59:51.409884+00:00,63,3,60,0,0,
proxy_pool,readonly_steady,250,3,during,2026-05-06T15:59:52.536208+00:00,63,0,63,0,0,
proxy_pool,readonly_steady,250,3,during,2026-05-06T15:59:53.661280+00:00,63,0,63,0,0,
proxy_pool,readonly_steady,250,3,during,2026-05-06T15:59:54.892500+00:00,63,5,58,0,0,
proxy_pool,readonly_steady,250,3,during,2026-05-06T15:59:56.119914+00:00,63,1,62,0,0,
proxy_pool,readonly_steady,250,3,during,2026-05-06T15:59:57.346597+00:00,63,7,56,0,0,
proxy_pool,readonly_steady,250,3,during,2026-05-06T15:59:58.567221+00:00,63,0,63,0,0,
proxy_pool,readonly_steady,250,3,during,2026-05-06T15:59:59.809543+00:00,63,1,62,0,0,
proxy_pool,readonly_steady,250,3,during,2026-05-06T16:00:01.033358+00:00,63,1,62,0,0,
proxy_pool,readonly_steady,250,3,during,2026-05-06T16:00:02.262542+00:00,63,6,57,0,0,
proxy_pool,readonly_steady,250,3,during,2026-05-06T16:00:03.491768+00:00,63,2,61,0,0,
proxy_pool,readonly_steady,250,3,during,2026-05-06T16:00:04.617576+00:00,63,0,63,0,0,
proxy_pool,readonly_steady,250,3,during,2026-05-06T16:00:06.147550+00:00,63,0,63,0,0,
proxy_pool,readonly_steady,250,3,after_15s,2026-05-06T16:00:21.302616+00:00,63,0,63,0,0,
proxy_pool,readonly_steady,250,3,after_30s,2026-05-06T16:00:36.457002+00:00,63,0,63,0,0,
proxy_pool,readonly_steady,250,3,after_45s,2026-05-06T16:00:51.612186+00:00,63,0,63,0,0,
proxy_pool,readonly_steady,250,3,after_60s,2026-05-06T16:01:06.766446+00:00,0,0,0,0,0,
proxy_pool,readonly_steady,250,3,after_90s,2026-05-06T16:01:36.898835+00:00,0,0,0,0,0,
proxy_pool,readonly_connect,1,1,before,2026-05-06T16:01:46.596836+00:00,1,0,1,0,0,
proxy_pool,readonly_connect,1,1,during,2026-05-06T16:01:47.622513+00:00,1,0,1,0,0,
proxy_pool,readonly_connect,1,1,during,2026-05-06T16:01:48.678737+00:00,1,0,1,0,0,
proxy_pool,readonly_connect,1,1,during,2026-05-06T16:01:49.744484+00:00,1,0,1,0,0,
proxy_pool,readonly_connect,1,1,during,2026-05-06T16:01:50.806662+00:00,1,0,1,0,0,
proxy_pool,readonly_connect,1,1,during,2026-05-06T16:01:51.922036+00:00,1,0,1,0,0,
proxy_pool,readonly_connect,1,1,during,2026-05-06T16:01:53.047417+00:00,1,0,1,0,0,
proxy_pool,readonly_connect,1,1,during,2026-05-06T16:01:54.273169+00:00,1,0,1,0,0,
proxy_pool,readonly_connect,1,1,during,2026-05-06T16:01:55.503035+00:00,1,0,1,0,0,
proxy_pool,readonly_connect,1,1,during,2026-05-06T16:01:56.630377+00:00,1,0,1,0,0,
proxy_pool,readonly_connect,1,1,during,2026-05-06T16:01:57.697538+00:00,1,0,1,0,0,
proxy_pool,readonly_connect,1,1,during,2026-05-06T16:01:58.758187+00:00,1,0,1,0,0,
proxy_pool,readonly_connect,1,1,during,2026-05-06T16:01:59.813859+00:00,1,0,1,0,0,
proxy_pool,readonly_connect,1,1,during,2026-05-06T16:02:01.031709+00:00,1,0,1,0,0,
proxy_pool,readonly_connect,1,1,during,2026-05-06T16:02:02.261276+00:00,1,0,1,0,0,
proxy_pool,readonly_connect,1,1,during,2026-05-06T16:02:03.490354+00:00,1,0,1,0,0,
proxy_pool,readonly_connect,1,1,during,2026-05-06T16:02:04.616653+00:00,1,0,1,0,0,
proxy_pool,readonly_connect,1,1,during,2026-05-06T16:02:05.741405+00:00,1,0,1,0,0,
proxy_pool,readonly_connect,1,1,during,2026-05-06T16:02:06.805564+00:00,1,0,1,0,0,
proxy_pool,readonly_connect,1,1,during,2026-05-06T16:02:07.862402+00:00,1,0,1,0,0,
proxy_pool,readonly_connect,1,1,during,2026-05-06T16:02:09.018626+00:00,1,0,1,0,0,
proxy_pool,readonly_connect,1,1,during,2026-05-06T16:02:10.249164+00:00,1,0,1,0,0,
proxy_pool,readonly_connect,1,1,during,2026-05-06T16:02:11.474471+00:00,1,0,1,0,0,
proxy_pool,readonly_connect,1,1,during,2026-05-06T16:02:12.546602+00:00,1,0,1,0,0,
proxy_pool,readonly_connect,1,1,during,2026-05-06T16:02:13.615107+00:00,1,0,1,0,0,
proxy_pool,readonly_connect,1,1,during,2026-05-06T16:02:14.683084+00:00,1,0,1,0,0,
proxy_pool,readonly_connect,1,1,during,2026-05-06T16:02:15.755210+00:00,1,0,1,0,0,
proxy_pool,readonly_connect,1,1,after_15s,2026-05-06T16:02:31.750073+00:00,1,0,1,0,0,
proxy_pool,readonly_connect,1,1,after_30s,2026-05-06T16:02:46.903379+00:00,1,0,1,0,0,
proxy_pool,readonly_connect,1,1,after_45s,2026-05-06T16:03:02.060005+00:00,1,0,1,0,0,
proxy_pool,readonly_connect,1,1,after_60s,2026-05-06T16:03:17.211906+00:00,0,0,0,0,0,
proxy_pool,readonly_connect,1,1,after_90s,2026-05-06T16:03:47.313307+00:00,0,0,0,0,0,
proxy_pool,readonly_connect,1,2,before,2026-05-06T16:03:54.174652+00:00,1,0,1,0,0,
proxy_pool,readonly_connect,1,2,during,2026-05-06T16:03:55.201811+00:00,1,0,1,0,0,
proxy_pool,readonly_connect,1,2,during,2026-05-06T16:03:56.260262+00:00,1,0,1,0,0,
proxy_pool,readonly_connect,1,2,during,2026-05-06T16:03:57.318839+00:00,1,0,1,0,0,
proxy_pool,readonly_connect,1,2,during,2026-05-06T16:03:58.474863+00:00,1,0,1,0,0,
proxy_pool,readonly_connect,1,2,during,2026-05-06T16:03:59.601235+00:00,1,0,1,0,0,
proxy_pool,readonly_connect,1,2,during,2026-05-06T16:04:00.727053+00:00,1,0,1,0,0,
proxy_pool,readonly_connect,1,2,during,2026-05-06T16:04:01.853806+00:00,1,0,1,0,0,
proxy_pool,readonly_connect,1,2,during,2026-05-06T16:04:02.923727+00:00,1,0,1,0,0,
proxy_pool,readonly_connect,1,2,during,2026-05-06T16:04:03.988793+00:00,1,0,1,0,0,
proxy_pool,readonly_connect,1,2,during,2026-05-06T16:04:05.136020+00:00,1,0,1,0,0,
proxy_pool,readonly_connect,1,2,during,2026-05-06T16:04:06.359243+00:00,1,0,1,0,0,
proxy_pool,readonly_connect,1,2,during,2026-05-06T16:04:07.587000+00:00,1,0,1,0,0,
proxy_pool,readonly_connect,1,2,during,2026-05-06T16:04:08.713997+00:00,1,0,1,0,0,
proxy_pool,readonly_connect,1,2,during,2026-05-06T16:04:09.779355+00:00,1,0,1,0,0,
proxy_pool,readonly_connect,1,2,during,2026-05-06T16:04:10.837099+00:00,1,0,1,0,0,
proxy_pool,readonly_connect,1,2,during,2026-05-06T16:04:11.893760+00:00,1,0,1,0,0,
proxy_pool,readonly_connect,1,2,during,2026-05-06T16:04:13.116593+00:00,1,0,1,0,0,
proxy_pool,readonly_connect,1,2,during,2026-05-06T16:04:14.344880+00:00,1,0,1,0,0,
proxy_pool,readonly_connect,1,2,during,2026-05-06T16:04:15.575836+00:00,1,0,1,0,0,
proxy_pool,readonly_connect,1,2,during,2026-05-06T16:04:16.804156+00:00,1,0,1,0,0,
proxy_pool,readonly_connect,1,2,during,2026-05-06T16:04:17.871755+00:00,1,0,1,0,0,
proxy_pool,readonly_connect,1,2,during,2026-05-06T16:04:18.935098+00:00,1,0,1,0,0,
proxy_pool,readonly_connect,1,2,during,2026-05-06T16:04:19.993381+00:00,1,0,1,0,0,
proxy_pool,readonly_connect,1,2,during,2026-05-06T16:04:21.104215+00:00,1,0,1,0,0,
proxy_pool,readonly_connect,1,2,during,2026-05-06T16:04:22.338956+00:00,1,0,1,0,0,
proxy_pool,readonly_connect,1,2,during,2026-05-06T16:04:23.559000+00:00,1,0,1,0,0,
proxy_pool,readonly_connect,1,2,during,2026-05-06T16:04:24.787544+00:00,1,0,1,0,0,
proxy_pool,readonly_connect,1,2,after_15s,2026-05-06T16:04:40.765942+00:00,1,0,1,0,0,
proxy_pool,readonly_connect,1,2,after_30s,2026-05-06T16:04:55.916473+00:00,1,0,1,0,0,
proxy_pool,readonly_connect,1,2,after_45s,2026-05-06T16:05:11.070358+00:00,1,0,1,0,0,
proxy_pool,readonly_connect,1,2,after_60s,2026-05-06T16:05:26.225462+00:00,0,0,0,0,0,
proxy_pool,readonly_connect,1,2,after_90s,2026-05-06T16:05:56.325085+00:00,0,0,0,0,0,
proxy_pool,readonly_connect,1,3,before,2026-05-06T16:06:02.878818+00:00,1,0,1,0,0,
proxy_pool,readonly_connect,1,3,during,2026-05-06T16:06:03.906751+00:00,1,0,1,0,0,
proxy_pool,readonly_connect,1,3,during,2026-05-06T16:06:04.963006+00:00,1,0,1,0,0,
proxy_pool,readonly_connect,1,3,during,2026-05-06T16:06:06.018768+00:00,1,0,1,0,0,
proxy_pool,readonly_connect,1,3,during,2026-05-06T16:06:07.078160+00:00,1,0,1,0,0,
proxy_pool,readonly_connect,1,3,during,2026-05-06T16:06:08.203071+00:00,1,0,1,0,0,
proxy_pool,readonly_connect,1,3,during,2026-05-06T16:06:09.432405+00:00,1,0,1,0,0,
proxy_pool,readonly_connect,1,3,during,2026-05-06T16:06:10.506256+00:00,1,0,1,0,0,
proxy_pool,readonly_connect,1,3,during,2026-05-06T16:06:11.687373+00:00,1,0,1,0,0,
proxy_pool,readonly_connect,1,3,during,2026-05-06T16:06:12.750281+00:00,1,0,1,0,0,
proxy_pool,readonly_connect,1,3,during,2026-05-06T16:06:13.811054+00:00,1,0,1,0,0,
proxy_pool,readonly_connect,1,3,during,2026-05-06T16:06:14.964521+00:00,1,0,1,0,0,
proxy_pool,readonly_connect,1,3,during,2026-05-06T16:06:16.190862+00:00,1,0,1,0,0,
proxy_pool,readonly_connect,1,3,during,2026-05-06T16:06:17.314790+00:00,1,0,1,0,0,
proxy_pool,readonly_connect,1,3,during,2026-05-06T16:06:18.539810+00:00,1,0,1,0,0,
proxy_pool,readonly_connect,1,3,during,2026-05-06T16:06:19.610558+00:00,1,0,1,0,0,
proxy_pool,readonly_connect,1,3,during,2026-05-06T16:06:20.676889+00:00,1,0,1,0,0,
proxy_pool,readonly_connect,1,3,during,2026-05-06T16:06:21.739485+00:00,1,0,1,0,0,
proxy_pool,readonly_connect,1,3,during,2026-05-06T16:06:22.951332+00:00,1,0,1,0,0,
proxy_pool,readonly_connect,1,3,during,2026-05-06T16:06:24.175259+00:00,1,0,1,0,0,
proxy_pool,readonly_connect,1,3,during,2026-05-06T16:06:25.315002+00:00,1,0,1,0,0,
proxy_pool,readonly_connect,1,3,during,2026-05-06T16:06:26.507068+00:00,1,0,1,0,0,
proxy_pool,readonly_connect,1,3,during,2026-05-06T16:06:27.572875+00:00,1,0,1,0,0,
proxy_pool,readonly_connect,1,3,during,2026-05-06T16:06:28.630409+00:00,1,0,1,0,0,
proxy_pool,readonly_connect,1,3,during,2026-05-06T16:06:29.688798+00:00,1,0,1,0,0,
proxy_pool,readonly_connect,1,3,during,2026-05-06T16:06:30.749756+00:00,1,0,1,0,0,
proxy_pool,readonly_connect,1,3,during,2026-05-06T16:06:31.809656+00:00,1,0,1,0,0,
proxy_pool,readonly_connect,1,3,during,2026-05-06T16:06:32.979222+00:00,1,0,1,0,0,
proxy_pool,readonly_connect,1,3,during,2026-05-06T16:06:34.210682+00:00,1,0,1,0,0,
proxy_pool,readonly_connect,1,3,during,2026-05-06T16:06:35.440390+00:00,1,0,1,0,0,
proxy_pool,readonly_connect,1,3,during,2026-05-06T16:06:36.566812+00:00,1,0,1,0,0,
proxy_pool,readonly_connect,1,3,during,2026-05-06T16:06:37.690643+00:00,1,0,1,0,0,
proxy_pool,readonly_connect,1,3,after_15s,2026-05-06T16:06:52.847337+00:00,1,0,1,0,0,
proxy_pool,readonly_connect,1,3,after_30s,2026-05-06T16:07:08.001951+00:00,1,0,1,0,0,
proxy_pool,readonly_connect,1,3,after_45s,2026-05-06T16:07:23.153122+00:00,1,0,1,0,0,
proxy_pool,readonly_connect,1,3,after_60s,2026-05-06T16:07:38.304887+00:00,0,0,0,0,0,
proxy_pool,readonly_connect,1,3,after_90s,2026-05-06T16:08:08.420623+00:00,0,0,0,0,0,
proxy_pool,readonly_connect,10,1,before,2026-05-06T16:08:14.775245+00:00,1,0,1,0,0,
proxy_pool,readonly_connect,10,1,during,2026-05-06T16:08:15.809570+00:00,8,0,8,0,0,
proxy_pool,readonly_connect,10,1,during,2026-05-06T16:08:16.880295+00:00,8,0,8,0,0,
proxy_pool,readonly_connect,10,1,during,2026-05-06T16:08:17.943537+00:00,8,0,8,0,0,
proxy_pool,readonly_connect,10,1,during,2026-05-06T16:08:19.000284+00:00,8,0,8,0,0,
proxy_pool,readonly_connect,10,1,during,2026-05-06T16:08:20.097547+00:00,8,0,8,0,0,
proxy_pool,readonly_connect,10,1,during,2026-05-06T16:08:21.159458+00:00,8,0,8,0,0,
proxy_pool,readonly_connect,10,1,during,2026-05-06T16:08:22.354466+00:00,8,0,8,0,0,
proxy_pool,readonly_connect,10,1,during,2026-05-06T16:08:23.412569+00:00,8,0,8,0,0,
proxy_pool,readonly_connect,10,1,during,2026-05-06T16:08:24.473812+00:00,8,0,8,0,0,
proxy_pool,readonly_connect,10,1,during,2026-05-06T16:08:25.532170+00:00,8,0,8,0,0,
proxy_pool,readonly_connect,10,1,during,2026-05-06T16:08:26.653964+00:00,8,0,8,0,0,
proxy_pool,readonly_connect,10,1,during,2026-05-06T16:08:27.719540+00:00,8,0,8,0,0,
proxy_pool,readonly_connect,10,1,during,2026-05-06T16:08:28.779564+00:00,8,0,8,0,0,
proxy_pool,readonly_connect,10,1,during,2026-05-06T16:08:29.843095+00:00,8,0,8,0,0,
proxy_pool,readonly_connect,10,1,during,2026-05-06T16:08:30.903939+00:00,8,0,8,0,0,
proxy_pool,readonly_connect,10,1,during,2026-05-06T16:08:31.963958+00:00,8,0,8,0,0,
proxy_pool,readonly_connect,10,1,during,2026-05-06T16:08:33.026932+00:00,8,0,8,0,0,
proxy_pool,readonly_connect,10,1,during,2026-05-06T16:08:34.089370+00:00,8,0,8,0,0,
proxy_pool,readonly_connect,10,1,during,2026-05-06T16:08:35.157507+00:00,8,0,8,0,0,
proxy_pool,readonly_connect,10,1,during,2026-05-06T16:08:36.220160+00:00,8,0,8,0,0,
proxy_pool,readonly_connect,10,1,during,2026-05-06T16:08:37.279658+00:00,8,0,8,0,0,
proxy_pool,readonly_connect,10,1,during,2026-05-06T16:08:38.336883+00:00,8,0,8,0,0,
proxy_pool,readonly_connect,10,1,during,2026-05-06T16:08:39.565889+00:00,8,0,8,0,0,
proxy_pool,readonly_connect,10,1,during,2026-05-06T16:08:40.685937+00:00,8,0,8,0,0,
proxy_pool,readonly_connect,10,1,during,2026-05-06T16:08:41.745721+00:00,8,0,8,0,0,
proxy_pool,readonly_connect,10,1,during,2026-05-06T16:08:42.809312+00:00,8,0,8,0,0,
proxy_pool,readonly_connect,10,1,during,2026-05-06T16:08:43.875133+00:00,8,0,8,0,0,
proxy_pool,readonly_connect,10,1,during,2026-05-06T16:08:44.942267+00:00,8,0,8,0,0,
proxy_pool,readonly_connect,10,1,after_15s,2026-05-06T16:09:00.053752+00:00,8,0,8,0,0,
proxy_pool,readonly_connect,10,1,after_30s,2026-05-06T16:09:15.214029+00:00,8,0,8,0,0,
proxy_pool,readonly_connect,10,1,after_45s,2026-05-06T16:09:30.374331+00:00,8,0,8,0,0,
proxy_pool,readonly_connect,10,1,after_60s,2026-05-06T16:09:45.535507+00:00,0,0,0,0,0,
proxy_pool,readonly_connect,10,1,after_90s,2026-05-06T16:10:15.647589+00:00,0,0,0,0,0,
proxy_pool,readonly_connect,10,2,before,2026-05-06T16:10:22.513190+00:00,1,0,1,0,0,
proxy_pool,readonly_connect,10,2,during,2026-05-06T16:10:23.537793+00:00,7,0,7,0,0,
proxy_pool,readonly_connect,10,2,during,2026-05-06T16:10:24.761111+00:00,7,0,7,0,0,
proxy_pool,readonly_connect,10,2,during,2026-05-06T16:10:25.819030+00:00,7,0,7,0,0,
proxy_pool,readonly_connect,10,2,during,2026-05-06T16:10:26.881126+00:00,7,0,7,0,0,
proxy_pool,readonly_connect,10,2,during,2026-05-06T16:10:27.939689+00:00,7,0,7,0,0,
proxy_pool,readonly_connect,10,2,during,2026-05-06T16:10:28.999758+00:00,7,0,7,0,0,
proxy_pool,readonly_connect,10,2,during,2026-05-06T16:10:30.059143+00:00,7,0,7,0,0,
proxy_pool,readonly_connect,10,2,during,2026-05-06T16:10:31.120944+00:00,7,0,7,0,0,
proxy_pool,readonly_connect,10,2,during,2026-05-06T16:10:32.179669+00:00,7,0,7,0,0,
proxy_pool,readonly_connect,10,2,during,2026-05-06T16:10:33.241483+00:00,7,0,7,0,0,
proxy_pool,readonly_connect,10,2,during,2026-05-06T16:10:34.302136+00:00,7,0,7,0,0,
proxy_pool,readonly_connect,10,2,during,2026-05-06T16:10:35.362926+00:00,7,0,7,0,0,
proxy_pool,readonly_connect,10,2,during,2026-05-06T16:10:36.425032+00:00,7,0,7,0,0,
proxy_pool,readonly_connect,10,2,during,2026-05-06T16:10:37.481971+00:00,7,0,7,0,0,
proxy_pool,readonly_connect,10,2,during,2026-05-06T16:10:38.540371+00:00,7,0,7,0,0,
proxy_pool,readonly_connect,10,2,during,2026-05-06T16:10:39.617068+00:00,7,0,7,0,0,
proxy_pool,readonly_connect,10,2,during,2026-05-06T16:10:40.847749+00:00,7,0,7,0,0,
proxy_pool,readonly_connect,10,2,during,2026-05-06T16:10:42.078141+00:00,7,0,7,0,0,
proxy_pool,readonly_connect,10,2,during,2026-05-06T16:10:43.306038+00:00,7,0,7,0,0,
proxy_pool,readonly_connect,10,2,during,2026-05-06T16:10:44.526078+00:00,7,0,7,0,0,
proxy_pool,readonly_connect,10,2,during,2026-05-06T16:10:45.596148+00:00,8,0,8,0,0,
proxy_pool,readonly_connect,10,2,during,2026-05-06T16:10:46.665052+00:00,8,0,8,0,0,
proxy_pool,readonly_connect,10,2,during,2026-05-06T16:10:47.732002+00:00,8,0,8,0,0,
proxy_pool,readonly_connect,10,2,during,2026-05-06T16:10:48.790509+00:00,8,0,8,0,0,
proxy_pool,readonly_connect,10,2,during,2026-05-06T16:10:49.860772+00:00,8,0,8,0,0,
proxy_pool,readonly_connect,10,2,during,2026-05-06T16:10:50.921294+00:00,8,0,8,0,0,
proxy_pool,readonly_connect,10,2,during,2026-05-06T16:10:52.117067+00:00,8,0,8,0,0,
proxy_pool,readonly_connect,10,2,during,2026-05-06T16:10:53.343050+00:00,8,0,8,0,0,
proxy_pool,readonly_connect,10,2,during,2026-05-06T16:10:54.564263+00:00,8,0,8,0,0,
proxy_pool,readonly_connect,10,2,during,2026-05-06T16:10:55.808933+00:00,8,0,8,0,0,
proxy_pool,readonly_connect,10,2,after_15s,2026-05-06T16:11:11.784800+00:00,8,0,8,0,0,
proxy_pool,readonly_connect,10,2,after_30s,2026-05-06T16:11:26.938766+00:00,8,0,8,0,0,
proxy_pool,readonly_connect,10,2,after_45s,2026-05-06T16:11:42.097566+00:00,8,0,8,0,0,
proxy_pool,readonly_connect,10,2,after_60s,2026-05-06T16:11:57.253398+00:00,0,0,0,0,0,
proxy_pool,readonly_connect,10,2,after_90s,2026-05-06T16:12:27.366111+00:00,0,0,0,0,0,
proxy_pool,readonly_connect,10,3,before,2026-05-06T16:12:33.919958+00:00,1,0,1,0,0,
proxy_pool,readonly_connect,10,3,during,2026-05-06T16:12:34.954391+00:00,6,0,6,0,0,
proxy_pool,readonly_connect,10,3,during,2026-05-06T16:12:36.174200+00:00,6,0,6,0,0,
proxy_pool,readonly_connect,10,3,during,2026-05-06T16:12:37.402375+00:00,6,0,6,0,0,
proxy_pool,readonly_connect,10,3,during,2026-05-06T16:12:38.505274+00:00,6,0,6,0,0,
proxy_pool,readonly_connect,10,3,during,2026-05-06T16:12:39.653991+00:00,6,0,6,0,0,
proxy_pool,readonly_connect,10,3,during,2026-05-06T16:12:40.781350+00:00,7,0,7,0,0,
proxy_pool,readonly_connect,10,3,during,2026-05-06T16:12:41.908458+00:00,7,0,7,0,0,
proxy_pool,readonly_connect,10,3,during,2026-05-06T16:12:43.136295+00:00,7,0,7,0,0,
proxy_pool,readonly_connect,10,3,during,2026-05-06T16:12:44.367798+00:00,7,0,7,0,0,
proxy_pool,readonly_connect,10,3,during,2026-05-06T16:12:45.596478+00:00,7,0,7,0,0,
proxy_pool,readonly_connect,10,3,during,2026-05-06T16:12:46.825901+00:00,8,0,8,0,0,
proxy_pool,readonly_connect,10,3,during,2026-05-06T16:12:48.050692+00:00,8,0,8,0,0,
proxy_pool,readonly_connect,10,3,during,2026-05-06T16:12:49.285619+00:00,9,0,9,0,0,
proxy_pool,readonly_connect,10,3,during,2026-05-06T16:12:50.352771+00:00,9,0,9,0,0,
proxy_pool,readonly_connect,10,3,during,2026-05-06T16:12:51.537257+00:00,9,0,9,0,0,
proxy_pool,readonly_connect,10,3,during,2026-05-06T16:12:52.661421+00:00,9,0,9,0,0,
proxy_pool,readonly_connect,10,3,during,2026-05-06T16:12:53.793722+00:00,9,0,9,0,0,
proxy_pool,readonly_connect,10,3,during,2026-05-06T16:12:54.915237+00:00,9,0,9,0,0,
proxy_pool,readonly_connect,10,3,during,2026-05-06T16:12:55.984004+00:00,9,0,9,0,0,
proxy_pool,readonly_connect,10,3,during,2026-05-06T16:12:57.062613+00:00,9,0,9,0,0,
proxy_pool,readonly_connect,10,3,during,2026-05-06T16:12:58.293958+00:00,9,0,9,0,0,
proxy_pool,readonly_connect,10,3,during,2026-05-06T16:12:59.361027+00:00,9,0,9,0,0,
proxy_pool,readonly_connect,10,3,during,2026-05-06T16:13:00.419848+00:00,9,0,9,0,0,
proxy_pool,readonly_connect,10,3,during,2026-05-06T16:13:01.482852+00:00,9,0,9,0,0,
proxy_pool,readonly_connect,10,3,during,2026-05-06T16:13:02.544954+00:00,9,0,9,0,0,
proxy_pool,readonly_connect,10,3,during,2026-05-06T16:13:03.607307+00:00,9,0,9,0,0,
proxy_pool,readonly_connect,10,3,after_15s,2026-05-06T16:13:19.185434+00:00,9,0,9,0,0,
proxy_pool,readonly_connect,10,3,after_30s,2026-05-06T16:13:34.344082+00:00,9,0,9,0,0,
proxy_pool,readonly_connect,10,3,after_45s,2026-05-06T16:13:49.498561+00:00,9,0,9,0,0,
proxy_pool,readonly_connect,10,3,after_60s,2026-05-06T16:14:04.657833+00:00,0,0,0,0,0,
proxy_pool,readonly_connect,10,3,after_90s,2026-05-06T16:14:34.765616+00:00,0,0,0,0,0,
proxy_pool,readonly_connect,25,1,before,2026-05-06T16:14:41.526014+00:00,1,0,1,0,0,
proxy_pool,readonly_connect,25,1,during,2026-05-06T16:14:42.652386+00:00,6,0,6,0,0,
proxy_pool,readonly_connect,25,1,during,2026-05-06T16:14:43.779238+00:00,8,0,8,0,0,
proxy_pool,readonly_connect,25,1,during,2026-05-06T16:14:45.009993+00:00,8,0,8,0,0,
proxy_pool,readonly_connect,25,1,during,2026-05-06T16:14:46.236020+00:00,8,0,8,0,0,
proxy_pool,readonly_connect,25,1,during,2026-05-06T16:14:47.465042+00:00,8,0,8,0,0,
proxy_pool,readonly_connect,25,1,during,2026-05-06T16:14:48.590673+00:00,8,0,8,0,0,
proxy_pool,readonly_connect,25,1,during,2026-05-06T16:14:49.720622+00:00,8,0,8,0,0,
proxy_pool,readonly_connect,25,1,during,2026-05-06T16:14:50.843758+00:00,8,0,8,0,0,
proxy_pool,readonly_connect,25,1,during,2026-05-06T16:14:51.968571+00:00,8,0,8,0,0,
proxy_pool,readonly_connect,25,1,during,2026-05-06T16:14:53.031970+00:00,8,0,8,0,0,
proxy_pool,readonly_connect,25,1,during,2026-05-06T16:14:54.224584+00:00,8,0,8,0,0,
proxy_pool,readonly_connect,25,1,during,2026-05-06T16:14:55.452700+00:00,8,0,8,0,0,
proxy_pool,readonly_connect,25,1,during,2026-05-06T16:14:56.582384+00:00,8,0,8,0,0,
proxy_pool,readonly_connect,25,1,during,2026-05-06T16:14:57.660562+00:00,8,0,8,0,0,
proxy_pool,readonly_connect,25,1,during,2026-05-06T16:14:58.724104+00:00,8,0,8,0,0,
proxy_pool,readonly_connect,25,1,during,2026-05-06T16:14:59.799098+00:00,8,0,8,0,0,
proxy_pool,readonly_connect,25,1,during,2026-05-06T16:15:00.869915+00:00,8,0,8,0,0,
proxy_pool,readonly_connect,25,1,during,2026-05-06T16:15:02.005330+00:00,8,0,8,0,0,
proxy_pool,readonly_connect,25,1,during,2026-05-06T16:15:03.233668+00:00,8,0,8,0,0,
proxy_pool,readonly_connect,25,1,during,2026-05-06T16:15:04.463004+00:00,8,0,8,0,0,
proxy_pool,readonly_connect,25,1,during,2026-05-06T16:15:05.695143+00:00,8,0,8,0,0,
proxy_pool,readonly_connect,25,1,during,2026-05-06T16:15:06.928232+00:00,8,0,8,0,0,
proxy_pool,readonly_connect,25,1,during,2026-05-06T16:15:08.051584+00:00,8,0,8,0,0,
proxy_pool,readonly_connect,25,1,during,2026-05-06T16:15:09.175132+00:00,8,0,8,0,0,
proxy_pool,readonly_connect,25,1,during,2026-05-06T16:15:10.405800+00:00,8,0,8,0,0,
proxy_pool,readonly_connect,25,1,during,2026-05-06T16:15:11.531156+00:00,8,0,8,0,0,
proxy_pool,readonly_connect,25,1,after_15s,2026-05-06T16:15:26.994747+00:00,8,0,8,0,0,
proxy_pool,readonly_connect,25,1,after_30s,2026-05-06T16:15:42.150340+00:00,8,0,8,0,0,
proxy_pool,readonly_connect,25,1,after_45s,2026-05-06T16:15:57.306031+00:00,8,0,8,0,0,
proxy_pool,readonly_connect,25,1,after_60s,2026-05-06T16:16:12.460555+00:00,0,0,0,0,0,
proxy_pool,readonly_connect,25,1,after_90s,2026-05-06T16:16:42.532719+00:00,0,0,0,0,0,
proxy_pool,readonly_connect,25,2,before,2026-05-06T16:16:49.127712+00:00,1,0,1,0,0,
proxy_pool,readonly_connect,25,2,during,2026-05-06T16:16:50.162466+00:00,8,0,8,0,0,
proxy_pool,readonly_connect,25,2,during,2026-05-06T16:16:51.273429+00:00,8,0,8,0,0,
proxy_pool,readonly_connect,25,2,during,2026-05-06T16:16:52.401082+00:00,8,0,8,0,0,
proxy_pool,readonly_connect,25,2,during,2026-05-06T16:16:53.631566+00:00,8,0,8,0,0,
proxy_pool,readonly_connect,25,2,during,2026-05-06T16:16:54.905683+00:00,8,0,8,0,0,
proxy_pool,readonly_connect,25,2,during,2026-05-06T16:16:56.056962+00:00,8,0,8,0,0,
proxy_pool,readonly_connect,25,2,during,2026-05-06T16:16:57.190995+00:00,8,0,8,0,0,
proxy_pool,readonly_connect,25,2,during,2026-05-06T16:16:58.330655+00:00,8,0,8,0,0,
proxy_pool,readonly_connect,25,2,during,2026-05-06T16:16:59.415002+00:00,8,0,8,0,0,
proxy_pool,readonly_connect,25,2,during,2026-05-06T16:17:00.497733+00:00,9,0,9,0,0,
proxy_pool,readonly_connect,25,2,during,2026-05-06T16:17:01.615650+00:00,9,0,9,0,0,
proxy_pool,readonly_connect,25,2,during,2026-05-06T16:17:02.702156+00:00,10,0,10,0,0,
proxy_pool,readonly_connect,25,2,during,2026-05-06T16:17:03.871826+00:00,10,0,10,0,0,
proxy_pool,readonly_connect,25,2,during,2026-05-06T16:17:05.100452+00:00,10,0,10,0,0,
proxy_pool,readonly_connect,25,2,during,2026-05-06T16:17:06.330337+00:00,10,0,10,0,0,
proxy_pool,readonly_connect,25,2,during,2026-05-06T16:17:07.557074+00:00,10,0,10,0,0,
proxy_pool,readonly_connect,25,2,during,2026-05-06T16:17:08.680594+00:00,10,0,10,0,0,
proxy_pool,readonly_connect,25,2,during,2026-05-06T16:17:09.816262+00:00,10,0,10,0,0,
proxy_pool,readonly_connect,25,2,during,2026-05-06T16:17:11.035396+00:00,10,0,10,0,0,
proxy_pool,readonly_connect,25,2,during,2026-05-06T16:17:12.266589+00:00,10,0,10,0,0,
proxy_pool,readonly_connect,25,2,during,2026-05-06T16:17:13.509197+00:00,10,0,10,0,0,
proxy_pool,readonly_connect,25,2,during,2026-05-06T16:17:14.623265+00:00,10,0,10,0,0,
proxy_pool,readonly_connect,25,2,during,2026-05-06T16:17:15.751804+00:00,10,0,10,0,0,
proxy_pool,readonly_connect,25,2,during,2026-05-06T16:17:16.831483+00:00,10,0,10,0,0,
proxy_pool,readonly_connect,25,2,during,2026-05-06T16:17:17.901089+00:00,10,0,10,0,0,
proxy_pool,readonly_connect,25,2,during,2026-05-06T16:17:19.130452+00:00,10,0,10,0,0,
proxy_pool,readonly_connect,25,2,after_15s,2026-05-06T16:17:34.474165+00:00,10,0,10,0,0,
proxy_pool,readonly_connect,25,2,after_30s,2026-05-06T16:17:49.748712+00:00,10,0,10,0,0,
proxy_pool,readonly_connect,25,2,after_45s,2026-05-06T16:18:04.907828+00:00,10,0,10,0,0,
proxy_pool,readonly_connect,25,2,after_60s,2026-05-06T16:18:20.057655+00:00,0,0,0,0,0,
proxy_pool,readonly_connect,25,2,after_90s,2026-05-06T16:18:50.162240+00:00,0,0,0,0,0,
proxy_pool,readonly_connect,25,3,before,2026-05-06T16:18:56.716301+00:00,1,0,1,0,0,
proxy_pool,readonly_connect,25,3,during,2026-05-06T16:18:57.749529+00:00,8,0,8,0,0,
proxy_pool,readonly_connect,25,3,during,2026-05-06T16:18:58.871539+00:00,8,0,8,0,0,
proxy_pool,readonly_connect,25,3,during,2026-05-06T16:18:59.994925+00:00,8,0,8,0,0,
proxy_pool,readonly_connect,25,3,during,2026-05-06T16:19:01.225039+00:00,8,0,8,0,0,
proxy_pool,readonly_connect,25,3,during,2026-05-06T16:19:02.454547+00:00,8,0,8,0,0,
proxy_pool,readonly_connect,25,3,during,2026-05-06T16:19:03.681371+00:00,8,0,8,0,0,
proxy_pool,readonly_connect,25,3,during,2026-05-06T16:19:04.804108+00:00,8,0,8,0,0,
proxy_pool,readonly_connect,25,3,during,2026-05-06T16:19:05.880940+00:00,8,0,8,0,0,
proxy_pool,readonly_connect,25,3,during,2026-05-06T16:19:06.955708+00:00,8,0,8,0,0,
proxy_pool,readonly_connect,25,3,during,2026-05-06T16:19:08.015853+00:00,9,0,9,0,0,
proxy_pool,readonly_connect,25,3,during,2026-05-06T16:19:09.107395+00:00,9,0,9,0,0,
proxy_pool,readonly_connect,25,3,during,2026-05-06T16:19:10.232494+00:00,9,0,9,0,0,
proxy_pool,readonly_connect,25,3,during,2026-05-06T16:19:11.466523+00:00,9,0,9,0,0,
proxy_pool,readonly_connect,25,3,during,2026-05-06T16:19:12.587728+00:00,9,0,9,0,0,
proxy_pool,readonly_connect,25,3,during,2026-05-06T16:19:13.668702+00:00,9,0,9,0,0,
proxy_pool,readonly_connect,25,3,during,2026-05-06T16:19:14.750860+00:00,9,0,9,0,0,
proxy_pool,readonly_connect,25,3,during,2026-05-06T16:19:15.865771+00:00,9,0,9,0,0,
proxy_pool,readonly_connect,25,3,during,2026-05-06T16:19:16.990699+00:00,9,0,9,0,0,
proxy_pool,readonly_connect,25,3,during,2026-05-06T16:19:18.116127+00:00,9,0,9,0,0,
proxy_pool,readonly_connect,25,3,during,2026-05-06T16:19:19.245279+00:00,9,0,9,0,0,
proxy_pool,readonly_connect,25,3,during,2026-05-06T16:19:20.326596+00:00,9,0,9,0,0,
proxy_pool,readonly_connect,25,3,during,2026-05-06T16:19:21.497174+00:00,9,0,9,0,0,
proxy_pool,readonly_connect,25,3,during,2026-05-06T16:19:22.627603+00:00,9,0,9,0,0,
proxy_pool,readonly_connect,25,3,during,2026-05-06T16:19:23.703482+00:00,9,0,9,0,0,
proxy_pool,readonly_connect,25,3,during,2026-05-06T16:19:24.772348+00:00,9,0,9,0,0,
proxy_pool,readonly_connect,25,3,during,2026-05-06T16:19:26.004883+00:00,9,0,9,0,0,
proxy_pool,readonly_connect,25,3,after_15s,2026-05-06T16:19:41.986195+00:00,9,0,9,0,0,
proxy_pool,readonly_connect,25,3,after_30s,2026-05-06T16:19:57.131533+00:00,9,0,9,0,0,
proxy_pool,readonly_connect,25,3,after_45s,2026-05-06T16:20:12.288272+00:00,9,0,9,0,0,
proxy_pool,readonly_connect,25,3,after_60s,2026-05-06T16:20:27.441372+00:00,0,0,0,0,0,
proxy_pool,readonly_connect,25,3,after_90s,2026-05-06T16:20:57.546385+00:00,0,0,0,0,0,
proxy_pool,readonly_connect,50,1,before,2026-05-06T16:21:04.305617+00:00,1,0,1,0,0,
proxy_pool,readonly_connect,50,1,during,2026-05-06T16:21:05.374706+00:00,8,0,8,0,0,
proxy_pool,readonly_connect,50,1,during,2026-05-06T16:21:06.527723+00:00,9,0,9,0,0,
proxy_pool,readonly_connect,50,1,during,2026-05-06T16:21:07.666533+00:00,9,0,9,0,0,
proxy_pool,readonly_connect,50,1,during,2026-05-06T16:21:08.829890+00:00,9,0,9,0,0,
proxy_pool,readonly_connect,50,1,during,2026-05-06T16:21:10.053082+00:00,9,0,9,0,0,
proxy_pool,readonly_connect,50,1,during,2026-05-06T16:21:11.290914+00:00,9,0,9,0,0,
proxy_pool,readonly_connect,50,1,during,2026-05-06T16:21:12.483314+00:00,9,0,9,0,0,
proxy_pool,readonly_connect,50,1,during,2026-05-06T16:21:13.600740+00:00,9,0,9,0,0,
proxy_pool,readonly_connect,50,1,during,2026-05-06T16:21:14.733217+00:00,9,0,9,0,0,
proxy_pool,readonly_connect,50,1,during,2026-05-06T16:21:15.922776+00:00,9,0,9,0,0,
proxy_pool,readonly_connect,50,1,during,2026-05-06T16:21:17.025378+00:00,9,0,9,0,0,
proxy_pool,readonly_connect,50,1,during,2026-05-06T16:21:18.251751+00:00,9,0,9,0,0,
proxy_pool,readonly_connect,50,1,during,2026-05-06T16:21:19.478018+00:00,9,0,9,0,0,
proxy_pool,readonly_connect,50,1,during,2026-05-06T16:21:20.630508+00:00,11,0,11,0,0,
proxy_pool,readonly_connect,50,1,during,2026-05-06T16:21:21.768340+00:00,11,0,11,0,0,
proxy_pool,readonly_connect,50,1,during,2026-05-06T16:21:22.957730+00:00,11,0,11,0,0,
proxy_pool,readonly_connect,50,1,during,2026-05-06T16:21:24.185759+00:00,11,0,11,0,0,
proxy_pool,readonly_connect,50,1,during,2026-05-06T16:21:25.412752+00:00,11,0,11,0,0,
proxy_pool,readonly_connect,50,1,during,2026-05-06T16:21:26.640356+00:00,11,0,11,0,0,
proxy_pool,readonly_connect,50,1,during,2026-05-06T16:21:27.872368+00:00,11,0,11,0,0,
proxy_pool,readonly_connect,50,1,during,2026-05-06T16:21:29.094422+00:00,11,0,11,0,0,
proxy_pool,readonly_connect,50,1,during,2026-05-06T16:21:30.338435+00:00,11,0,11,0,0,
proxy_pool,readonly_connect,50,1,during,2026-05-06T16:21:31.494752+00:00,11,0,11,0,0,
proxy_pool,readonly_connect,50,1,during,2026-05-06T16:21:32.623435+00:00,11,0,11,0,0,
proxy_pool,readonly_connect,50,1,during,2026-05-06T16:21:33.752802+00:00,11,0,11,0,0,
proxy_pool,readonly_connect,50,1,after_15s,2026-05-06T16:21:49.781328+00:00,11,0,11,0,0,
proxy_pool,readonly_connect,50,1,after_30s,2026-05-06T16:22:04.854672+00:00,11,0,11,0,0,
proxy_pool,readonly_connect,50,1,after_45s,2026-05-06T16:22:20.081968+00:00,11,0,11,0,0,
proxy_pool,readonly_connect,50,1,after_60s,2026-05-06T16:22:35.237082+00:00,0,0,0,0,0,
proxy_pool,readonly_connect,50,1,after_90s,2026-05-06T16:23:05.343077+00:00,0,0,0,0,0,
proxy_pool,readonly_connect,50,2,before,2026-05-06T16:23:12.101878+00:00,1,0,1,0,0,
proxy_pool,readonly_connect,50,2,during,2026-05-06T16:23:13.160327+00:00,8,0,8,0,0,
proxy_pool,readonly_connect,50,2,during,2026-05-06T16:23:14.375855+00:00,8,0,8,0,0,
proxy_pool,readonly_connect,50,2,during,2026-05-06T16:23:15.536204+00:00,8,0,8,0,0,
proxy_pool,readonly_connect,50,2,during,2026-05-06T16:23:16.821786+00:00,8,0,8,0,0,
proxy_pool,readonly_connect,50,2,during,2026-05-06T16:23:18.057140+00:00,8,0,8,0,0,
proxy_pool,readonly_connect,50,2,during,2026-05-06T16:23:19.280640+00:00,8,0,8,0,0,
proxy_pool,readonly_connect,50,2,during,2026-05-06T16:23:20.477246+00:00,10,0,10,0,0,
proxy_pool,readonly_connect,50,2,during,2026-05-06T16:23:21.615750+00:00,10,0,10,0,0,
proxy_pool,readonly_connect,50,2,during,2026-05-06T16:23:22.751891+00:00,10,0,10,0,0,
proxy_pool,readonly_connect,50,2,during,2026-05-06T16:23:23.905713+00:00,10,1,9,0,0,
proxy_pool,readonly_connect,50,2,during,2026-05-06T16:23:25.052178+00:00,10,0,10,0,0,
proxy_pool,readonly_connect,50,2,during,2026-05-06T16:23:26.247747+00:00,10,0,10,0,0,
proxy_pool,readonly_connect,50,2,during,2026-05-06T16:23:27.484751+00:00,13,0,13,0,0,
proxy_pool,readonly_connect,50,2,during,2026-05-06T16:23:28.709726+00:00,13,0,13,0,0,
proxy_pool,readonly_connect,50,2,during,2026-05-06T16:23:29.931355+00:00,13,0,13,0,0,
proxy_pool,readonly_connect,50,2,during,2026-05-06T16:23:31.081905+00:00,13,0,13,0,0,
proxy_pool,readonly_connect,50,2,during,2026-05-06T16:23:32.386602+00:00,13,0,13,0,0,
proxy_pool,readonly_connect,50,2,during,2026-05-06T16:23:33.609756+00:00,13,0,13,0,0,
proxy_pool,readonly_connect,50,2,during,2026-05-06T16:23:34.747292+00:00,13,0,13,0,0,
proxy_pool,readonly_connect,50,2,during,2026-05-06T16:23:35.892116+00:00,13,0,13,0,0,
proxy_pool,readonly_connect,50,2,during,2026-05-06T16:23:37.094452+00:00,13,0,13,0,0,
proxy_pool,readonly_connect,50,2,during,2026-05-06T16:23:38.331494+00:00,13,0,13,0,0,
proxy_pool,readonly_connect,50,2,during,2026-05-06T16:23:39.481307+00:00,13,0,13,0,0,
proxy_pool,readonly_connect,50,2,during,2026-05-06T16:23:40.694083+00:00,13,0,13,0,0,
proxy_pool,readonly_connect,50,2,during,2026-05-06T16:23:41.916729+00:00,13,0,13,0,0,
proxy_pool,readonly_connect,50,2,after_15s,2026-05-06T16:23:57.565673+00:00,13,0,13,0,0,
proxy_pool,readonly_connect,50,2,after_30s,2026-05-06T16:24:12.732734+00:00,13,0,13,0,0,
proxy_pool,readonly_connect,50,2,after_45s,2026-05-06T16:24:27.978958+00:00,13,0,13,0,0,
proxy_pool,readonly_connect,50,2,after_60s,2026-05-06T16:24:43.234997+00:00,0,0,0,0,0,
proxy_pool,readonly_connect,50,2,after_90s,2026-05-06T16:25:13.339138+00:00,0,0,0,0,0,
proxy_pool,readonly_connect,50,3,before,2026-05-06T16:25:19.892165+00:00,1,0,1,0,0,
proxy_pool,readonly_connect,50,3,during,2026-05-06T16:25:20.968414+00:00,5,0,5,0,0,
proxy_pool,readonly_connect,50,3,during,2026-05-06T16:25:22.162340+00:00,6,0,6,0,0,
proxy_pool,readonly_connect,50,3,during,2026-05-06T16:25:23.396759+00:00,6,0,6,0,0,
proxy_pool,readonly_connect,50,3,during,2026-05-06T16:25:24.727698+00:00,7,0,7,0,0,
proxy_pool,readonly_connect,50,3,during,2026-05-06T16:25:25.955759+00:00,8,0,8,0,0,
proxy_pool,readonly_connect,50,3,during,2026-05-06T16:25:27.174036+00:00,8,0,8,0,0,
proxy_pool,readonly_connect,50,3,during,2026-05-06T16:25:28.404814+00:00,8,0,8,0,0,
proxy_pool,readonly_connect,50,3,during,2026-05-06T16:25:29.628096+00:00,8,0,8,0,0,
proxy_pool,readonly_connect,50,3,during,2026-05-06T16:25:30.854984+00:00,9,0,9,0,0,
proxy_pool,readonly_connect,50,3,during,2026-05-06T16:25:31.978873+00:00,9,0,9,0,0,
proxy_pool,readonly_connect,50,3,during,2026-05-06T16:25:33.220546+00:00,9,0,9,0,0,
proxy_pool,readonly_connect,50,3,during,2026-05-06T16:25:34.417582+00:00,9,0,9,0,0,
proxy_pool,readonly_connect,50,3,during,2026-05-06T16:25:35.525577+00:00,9,0,9,0,0,
proxy_pool,readonly_connect,50,3,during,2026-05-06T16:25:36.649889+00:00,9,0,9,0,0,
proxy_pool,readonly_connect,50,3,during,2026-05-06T16:25:37.927723+00:00,9,0,9,0,0,
proxy_pool,readonly_connect,50,3,during,2026-05-06T16:25:39.147607+00:00,9,0,9,0,0,
proxy_pool,readonly_connect,50,3,during,2026-05-06T16:25:40.384738+00:00,9,0,9,0,0,
proxy_pool,readonly_connect,50,3,during,2026-05-06T16:25:41.607125+00:00,9,0,9,0,0,
proxy_pool,readonly_connect,50,3,during,2026-05-06T16:25:42.853545+00:00,9,0,9,0,0,
proxy_pool,readonly_connect,50,3,during,2026-05-06T16:25:44.078104+00:00,9,0,9,0,0,
proxy_pool,readonly_connect,50,3,during,2026-05-06T16:25:45.305446+00:00,9,0,9,0,0,
proxy_pool,readonly_connect,50,3,during,2026-05-06T16:25:46.516171+00:00,9,0,9,0,0,
proxy_pool,readonly_connect,50,3,during,2026-05-06T16:25:47.762581+00:00,9,0,9,0,0,
proxy_pool,readonly_connect,50,3,during,2026-05-06T16:25:48.981643+00:00,9,0,9,0,0,
proxy_pool,readonly_connect,50,3,during,2026-05-06T16:25:50.197857+00:00,9,0,9,0,0,
proxy_pool,readonly_connect,50,3,after_15s,2026-05-06T16:26:05.356518+00:00,9,0,9,0,0,
proxy_pool,readonly_connect,50,3,after_30s,2026-05-06T16:26:20.492378+00:00,9,0,9,0,0,
proxy_pool,readonly_connect,50,3,after_45s,2026-05-06T16:26:35.668926+00:00,9,0,9,0,0,
proxy_pool,readonly_connect,50,3,after_60s,2026-05-06T16:26:50.822677+00:00,0,0,0,0,0,
proxy_pool,readonly_connect,50,3,after_90s,2026-05-06T16:27:20.934449+00:00,0,0,0,0,0,
proxy_pool,readonly_connect,100,1,before,2026-05-06T16:27:27.689457+00:00,1,0,1,0,0,
proxy_pool,readonly_connect,100,1,during,2026-05-06T16:27:28.756250+00:00,7,0,7,0,0,
proxy_pool,readonly_connect,100,1,during,2026-05-06T16:27:29.942684+00:00,7,1,6,0,0,
proxy_pool,readonly_connect,100,1,during,2026-05-06T16:27:31.095752+00:00,7,0,7,0,0,
proxy_pool,readonly_connect,100,1,during,2026-05-06T16:27:32.274358+00:00,7,0,7,0,0,
proxy_pool,readonly_connect,100,1,during,2026-05-06T16:27:33.431753+00:00,7,0,7,0,0,
proxy_pool,readonly_connect,100,1,during,2026-05-06T16:27:34.518204+00:00,7,0,7,0,0,
proxy_pool,readonly_connect,100,1,during,2026-05-06T16:27:35.654303+00:00,7,0,7,0,0,
proxy_pool,readonly_connect,100,1,during,2026-05-06T16:27:36.821809+00:00,7,0,7,0,0,
proxy_pool,readonly_connect,100,1,during,2026-05-06T16:27:37.955489+00:00,7,1,6,0,0,
proxy_pool,readonly_connect,100,1,during,2026-05-06T16:27:39.100365+00:00,7,0,7,0,0,
proxy_pool,readonly_connect,100,1,during,2026-05-06T16:27:40.280447+00:00,8,0,8,0,0,
proxy_pool,readonly_connect,100,1,during,2026-05-06T16:27:41.418391+00:00,8,0,8,0,0,
proxy_pool,readonly_connect,100,1,during,2026-05-06T16:27:42.592377+00:00,8,0,8,0,0,
proxy_pool,readonly_connect,100,1,during,2026-05-06T16:27:43.786326+00:00,8,0,8,0,0,
proxy_pool,readonly_connect,100,1,during,2026-05-06T16:27:45.118931+00:00,8,0,8,0,0,
proxy_pool,readonly_connect,100,1,during,2026-05-06T16:27:46.229577+00:00,8,0,8,0,0,
proxy_pool,readonly_connect,100,1,during,2026-05-06T16:27:47.369708+00:00,8,0,8,0,0,
proxy_pool,readonly_connect,100,1,during,2026-05-06T16:27:48.533752+00:00,8,0,8,0,0,
proxy_pool,readonly_connect,100,1,during,2026-05-06T16:27:49.707741+00:00,9,0,9,0,0,
proxy_pool,readonly_connect,100,1,during,2026-05-06T16:27:50.868190+00:00,9,0,9,0,0,
proxy_pool,readonly_connect,100,1,during,2026-05-06T16:27:52.007259+00:00,9,0,9,0,0,
proxy_pool,readonly_connect,100,1,during,2026-05-06T16:27:53.134399+00:00,9,0,9,0,0,
proxy_pool,readonly_connect,100,1,during,2026-05-06T16:27:54.319240+00:00,9,0,9,0,0,
proxy_pool,readonly_connect,100,1,during,2026-05-06T16:27:55.443416+00:00,9,0,9,0,0,
proxy_pool,readonly_connect,100,1,during,2026-05-06T16:27:56.625511+00:00,9,0,9,0,0,
proxy_pool,readonly_connect,100,1,during,2026-05-06T16:27:57.750549+00:00,9,0,9,0,0,
proxy_pool,readonly_connect,100,1,after_15s,2026-05-06T16:28:12.942392+00:00,9,0,9,0,0,
proxy_pool,readonly_connect,100,1,after_30s,2026-05-06T16:28:28.098096+00:00,9,0,9,0,0,
proxy_pool,readonly_connect,100,1,after_45s,2026-05-06T16:28:43.253988+00:00,9,0,9,0,0,
proxy_pool,readonly_connect,100,1,after_60s,2026-05-06T16:28:58.409390+00:00,0,0,0,0,0,
proxy_pool,readonly_connect,100,1,after_90s,2026-05-06T16:29:28.609352+00:00,0,0,0,0,0,
proxy_pool,readonly_connect,100,2,before,2026-05-06T16:29:35.477593+00:00,1,0,1,0,0,
proxy_pool,readonly_connect,100,2,during,2026-05-06T16:29:36.616282+00:00,8,0,8,0,0,
proxy_pool,readonly_connect,100,2,during,2026-05-06T16:29:37.769743+00:00,8,0,8,0,0,
proxy_pool,readonly_connect,100,2,during,2026-05-06T16:29:38.909886+00:00,8,0,8,0,0,
proxy_pool,readonly_connect,100,2,during,2026-05-06T16:29:40.050548+00:00,8,0,8,0,0,
proxy_pool,readonly_connect,100,2,during,2026-05-06T16:29:41.214710+00:00,8,0,8,0,0,
proxy_pool,readonly_connect,100,2,during,2026-05-06T16:29:42.375715+00:00,8,0,8,0,0,
proxy_pool,readonly_connect,100,2,during,2026-05-06T16:29:43.514640+00:00,8,0,8,0,0,
proxy_pool,readonly_connect,100,2,during,2026-05-06T16:29:44.653269+00:00,8,0,8,0,0,
proxy_pool,readonly_connect,100,2,during,2026-05-06T16:29:45.944697+00:00,8,0,8,0,0,
proxy_pool,readonly_connect,100,2,during,2026-05-06T16:29:47.097280+00:00,8,0,8,0,0,
proxy_pool,readonly_connect,100,2,during,2026-05-06T16:29:48.257534+00:00,8,0,8,0,0,
proxy_pool,readonly_connect,100,2,during,2026-05-06T16:29:49.415724+00:00,8,0,8,0,0,
proxy_pool,readonly_connect,100,2,during,2026-05-06T16:29:50.552572+00:00,8,0,8,0,0,
proxy_pool,readonly_connect,100,2,during,2026-05-06T16:29:51.698739+00:00,8,0,8,0,0,
proxy_pool,readonly_connect,100,2,during,2026-05-06T16:29:52.865174+00:00,8,0,8,0,0,
proxy_pool,readonly_connect,100,2,during,2026-05-06T16:29:54.039657+00:00,8,0,8,0,0,
proxy_pool,readonly_connect,100,2,during,2026-05-06T16:29:55.172151+00:00,8,0,8,0,0,
proxy_pool,readonly_connect,100,2,during,2026-05-06T16:29:56.335277+00:00,8,0,8,0,0,
proxy_pool,readonly_connect,100,2,during,2026-05-06T16:29:57.491182+00:00,8,0,8,0,0,
proxy_pool,readonly_connect,100,2,during,2026-05-06T16:29:58.654244+00:00,8,0,8,0,0,
proxy_pool,readonly_connect,100,2,during,2026-05-06T16:29:59.835625+00:00,8,0,8,0,0,
proxy_pool,readonly_connect,100,2,during,2026-05-06T16:30:00.984910+00:00,8,0,8,0,0,
proxy_pool,readonly_connect,100,2,during,2026-05-06T16:30:02.123724+00:00,8,0,8,0,0,
proxy_pool,readonly_connect,100,2,during,2026-05-06T16:30:03.275718+00:00,8,0,8,0,0,
proxy_pool,readonly_connect,100,2,during,2026-05-06T16:30:04.425431+00:00,8,0,8,0,0,
proxy_pool,readonly_connect,100,2,during,2026-05-06T16:30:05.687043+00:00,8,0,8,0,0,
proxy_pool,readonly_connect,100,2,during,2026-05-06T16:30:06.811156+00:00,8,0,8,0,0,
proxy_pool,readonly_connect,100,2,during,2026-05-06T16:30:08.039580+00:00,8,0,8,0,0,
proxy_pool,readonly_connect,100,2,during,2026-05-06T16:30:09.185100+00:00,8,0,8,0,0,
proxy_pool,readonly_connect,100,2,after_15s,2026-05-06T16:30:24.423166+00:00,8,0,8,0,0,
proxy_pool,readonly_connect,100,2,after_30s,2026-05-06T16:30:39.577855+00:00,8,0,8,0,0,
proxy_pool,readonly_connect,100,2,after_45s,2026-05-06T16:30:54.735191+00:00,8,0,8,0,0,
proxy_pool,readonly_connect,100,2,after_60s,2026-05-06T16:31:09.887870+00:00,0,0,0,0,0,
proxy_pool,readonly_connect,100,2,after_90s,2026-05-06T16:31:39.991095+00:00,0,0,0,0,0,
proxy_pool,readonly_connect,100,3,before,2026-05-06T16:31:46.504556+00:00,1,0,1,0,0,
proxy_pool,readonly_connect,100,3,during,2026-05-06T16:31:47.599763+00:00,6,0,6,0,0,
proxy_pool,readonly_connect,100,3,during,2026-05-06T16:31:48.819739+00:00,8,0,8,0,0,
proxy_pool,readonly_connect,100,3,during,2026-05-06T16:31:49.977421+00:00,8,0,8,0,0,
proxy_pool,readonly_connect,100,3,during,2026-05-06T16:31:51.129738+00:00,8,0,8,0,0,
proxy_pool,readonly_connect,100,3,during,2026-05-06T16:31:52.259698+00:00,8,0,8,0,0,
proxy_pool,readonly_connect,100,3,during,2026-05-06T16:31:53.402932+00:00,8,0,8,0,0,
proxy_pool,readonly_connect,100,3,during,2026-05-06T16:31:54.542102+00:00,8,0,8,0,0,
proxy_pool,readonly_connect,100,3,during,2026-05-06T16:31:55.699367+00:00,8,0,8,0,0,
proxy_pool,readonly_connect,100,3,during,2026-05-06T16:31:56.833734+00:00,9,0,9,0,0,
proxy_pool,readonly_connect,100,3,during,2026-05-06T16:31:58.034147+00:00,9,0,9,0,0,
proxy_pool,readonly_connect,100,3,during,2026-05-06T16:31:59.213250+00:00,9,0,9,0,0,
proxy_pool,readonly_connect,100,3,during,2026-05-06T16:32:00.436534+00:00,9,0,9,0,0,
proxy_pool,readonly_connect,100,3,during,2026-05-06T16:32:01.802789+00:00,9,0,9,0,0,
proxy_pool,readonly_connect,100,3,during,2026-05-06T16:32:02.930738+00:00,9,0,9,0,0,
proxy_pool,readonly_connect,100,3,during,2026-05-06T16:32:04.164888+00:00,9,0,9,0,0,
proxy_pool,readonly_connect,100,3,during,2026-05-06T16:32:05.394425+00:00,9,0,9,0,0,
proxy_pool,readonly_connect,100,3,during,2026-05-06T16:32:06.530727+00:00,9,0,9,0,0,
proxy_pool,readonly_connect,100,3,during,2026-05-06T16:32:07.664430+00:00,9,0,9,0,0,
proxy_pool,readonly_connect,100,3,during,2026-05-06T16:32:08.888511+00:00,9,0,9,0,0,
proxy_pool,readonly_connect,100,3,during,2026-05-06T16:32:10.050716+00:00,11,0,11,0,0,
proxy_pool,readonly_connect,100,3,during,2026-05-06T16:32:11.207070+00:00,11,0,11,0,0,
proxy_pool,readonly_connect,100,3,during,2026-05-06T16:32:12.372241+00:00,11,0,11,0,0,
proxy_pool,readonly_connect,100,3,during,2026-05-06T16:32:13.533507+00:00,11,0,11,0,0,
proxy_pool,readonly_connect,100,3,during,2026-05-06T16:32:14.678741+00:00,11,0,11,0,0,
proxy_pool,readonly_connect,100,3,during,2026-05-06T16:32:15.838732+00:00,11,0,11,0,0,
proxy_pool,readonly_connect,100,3,after_15s,2026-05-06T16:32:31.908300+00:00,11,0,11,0,0,
proxy_pool,readonly_connect,100,3,after_30s,2026-05-06T16:32:47.164186+00:00,11,0,11,0,0,
proxy_pool,readonly_connect,100,3,after_45s,2026-05-06T16:33:02.321685+00:00,11,0,11,0,0,
proxy_pool,readonly_connect,100,3,after_60s,2026-05-06T16:33:17.472404+00:00,0,0,0,0,0,
proxy_pool,readonly_connect,100,3,after_90s,2026-05-06T16:33:50.042513+00:00,0,0,0,0,0,
proxy_pool,tpcb_steady,10,1,before,2026-05-06T16:33:56.560405+00:00,1,0,1,0,0,
proxy_pool,tpcb_steady,10,1,during,2026-05-06T16:33:57.627298+00:00,8,2,2,4,0,
proxy_pool,tpcb_steady,10,1,during,2026-05-06T16:33:58.710654+00:00,8,3,0,5,0,
proxy_pool,tpcb_steady,10,1,during,2026-05-06T16:33:59.880690+00:00,8,2,0,6,0,
proxy_pool,tpcb_steady,10,1,during,2026-05-06T16:34:01.008821+00:00,8,4,1,3,0,
proxy_pool,tpcb_steady,10,1,during,2026-05-06T16:34:02.117828+00:00,8,4,1,3,0,
proxy_pool,tpcb_steady,10,1,during,2026-05-06T16:34:03.232222+00:00,8,5,0,3,0,
proxy_pool,tpcb_steady,10,1,during,2026-05-06T16:34:04.344238+00:00,8,4,0,4,0,
proxy_pool,tpcb_steady,10,1,during,2026-05-06T16:34:05.456735+00:00,9,2,2,5,0,
proxy_pool,tpcb_steady,10,1,during,2026-05-06T16:34:06.521358+00:00,9,1,0,8,0,
proxy_pool,tpcb_steady,10,1,during,2026-05-06T16:34:07.667447+00:00,9,1,2,6,0,
proxy_pool,tpcb_steady,10,1,during,2026-05-06T16:34:08.791303+00:00,9,2,1,6,0,
proxy_pool,tpcb_steady,10,1,during,2026-05-06T16:34:09.904210+00:00,9,3,1,5,0,
proxy_pool,tpcb_steady,10,1,during,2026-05-06T16:34:11.014663+00:00,9,3,1,5,0,
proxy_pool,tpcb_steady,10,1,during,2026-05-06T16:34:12.126355+00:00,10,2,1,7,0,
proxy_pool,tpcb_steady,10,1,during,2026-05-06T16:34:13.198127+00:00,10,2,2,6,0,
proxy_pool,tpcb_steady,10,1,during,2026-05-06T16:34:14.350544+00:00,10,2,2,6,0,
proxy_pool,tpcb_steady,10,1,during,2026-05-06T16:34:15.446562+00:00,10,3,1,6,0,
proxy_pool,tpcb_steady,10,1,during,2026-05-06T16:34:16.579397+00:00,10,4,1,5,0,
proxy_pool,tpcb_steady,10,1,during,2026-05-06T16:34:17.691466+00:00,10,6,1,3,0,
proxy_pool,tpcb_steady,10,1,during,2026-05-06T16:34:18.799516+00:00,10,5,2,3,0,
proxy_pool,tpcb_steady,10,1,during,2026-05-06T16:34:19.918191+00:00,10,3,1,6,0,
proxy_pool,tpcb_steady,10,1,during,2026-05-06T16:34:21.031875+00:00,10,5,0,5,0,
proxy_pool,tpcb_steady,10,1,during,2026-05-06T16:34:22.138379+00:00,10,5,3,2,0,
proxy_pool,tpcb_steady,10,1,during,2026-05-06T16:34:23.238729+00:00,10,2,3,5,0,
proxy_pool,tpcb_steady,10,1,during,2026-05-06T16:34:24.367125+00:00,10,6,0,4,0,
proxy_pool,tpcb_steady,10,1,during,2026-05-06T16:34:25.431726+00:00,10,4,1,5,0,
proxy_pool,tpcb_steady,10,1,during,2026-05-06T16:34:26.502572+00:00,10,6,1,3,0,
proxy_pool,tpcb_steady,10,1,during,2026-05-06T16:34:27.695913+00:00,10,3,1,6,0,
proxy_pool,tpcb_steady,10,1,during,2026-05-06T16:34:28.798245+00:00,10,5,1,4,0,
proxy_pool,tpcb_steady,10,1,during,2026-05-06T16:34:29.921455+00:00,10,6,1,3,0,
proxy_pool,tpcb_steady,10,1,during,2026-05-06T16:34:31.027549+00:00,10,3,1,6,0,
proxy_pool,tpcb_steady,10,1,during,2026-05-06T16:34:32.145949+00:00,10,4,2,4,0,
proxy_pool,tpcb_steady,10,1,during,2026-05-06T16:34:33.255456+00:00,10,4,1,5,0,
proxy_pool,tpcb_steady,10,1,during,2026-05-06T16:34:34.371180+00:00,10,2,5,3,0,
proxy_pool,tpcb_steady,10,1,during,2026-05-06T16:34:35.479066+00:00,10,2,2,6,0,
proxy_pool,tpcb_steady,10,1,during,2026-05-06T16:34:36.554811+00:00,10,4,1,5,0,
proxy_pool,tpcb_steady,10,1,during,2026-05-06T16:34:37.704983+00:00,10,5,1,4,0,
proxy_pool,tpcb_steady,10,1,during,2026-05-06T16:34:38.807607+00:00,10,2,3,5,0,
proxy_pool,tpcb_steady,10,1,during,2026-05-06T16:34:39.926237+00:00,10,7,1,2,0,
proxy_pool,tpcb_steady,10,1,during,2026-05-06T16:34:41.038482+00:00,10,5,0,5,0,
proxy_pool,tpcb_steady,10,1,during,2026-05-06T16:34:42.149664+00:00,10,5,2,3,0,
proxy_pool,tpcb_steady,10,1,during,2026-05-06T16:34:43.263224+00:00,10,5,1,4,0,
proxy_pool,tpcb_steady,10,1,during,2026-05-06T16:34:44.340556+00:00,10,7,0,3,0,
proxy_pool,tpcb_steady,10,1,during,2026-05-06T16:34:45.489540+00:00,10,1,1,8,0,
proxy_pool,tpcb_steady,10,1,during,2026-05-06T16:34:46.594116+00:00,11,5,3,3,0,
proxy_pool,tpcb_steady,10,1,during,2026-05-06T16:34:47.711541+00:00,11,8,1,2,0,
proxy_pool,tpcb_steady,10,1,during,2026-05-06T16:34:48.826508+00:00,11,2,3,6,0,
proxy_pool,tpcb_steady,10,1,during,2026-05-06T16:34:49.935797+00:00,11,7,1,3,0,
proxy_pool,tpcb_steady,10,1,during,2026-05-06T16:34:51.048338+00:00,11,2,3,6,0,
proxy_pool,tpcb_steady,10,1,during,2026-05-06T16:34:52.158053+00:00,11,5,0,6,0,
proxy_pool,tpcb_steady,10,1,during,2026-05-06T16:34:53.270150+00:00,11,5,2,4,0,
proxy_pool,tpcb_steady,10,1,during,2026-05-06T16:34:59.810291+00:00,10,0,10,0,0,
proxy_pool,tpcb_steady,10,1,after_15s,2026-05-06T16:35:15.077949+00:00,10,0,10,0,0,
proxy_pool,tpcb_steady,10,1,after_30s,2026-05-06T16:35:30.230557+00:00,10,0,10,0,0,
proxy_pool,tpcb_steady,10,1,after_45s,2026-05-06T16:35:45.391171+00:00,10,0,10,0,0,
proxy_pool,tpcb_steady,10,1,after_60s,2026-05-06T16:36:00.540277+00:00,0,0,0,0,0,
proxy_pool,tpcb_steady,10,1,after_90s,2026-05-06T16:36:30.660849+00:00,0,0,0,0,0,
proxy_pool,tpcb_steady,10,2,before,2026-05-06T16:36:36.894003+00:00,1,0,1,0,0,
proxy_pool,tpcb_steady,10,2,during,2026-05-06T16:36:38.125913+00:00,10,3,1,6,0,
proxy_pool,tpcb_steady,10,2,during,2026-05-06T16:36:39.257722+00:00,10,4,2,4,0,
proxy_pool,tpcb_steady,10,2,during,2026-05-06T16:36:40.453513+00:00,10,2,3,5,0,
proxy_pool,tpcb_steady,10,2,during,2026-05-06T16:36:41.718856+00:00,10,6,2,2,0,
proxy_pool,tpcb_steady,10,2,during,2026-05-06T16:36:42.947358+00:00,10,5,1,4,0,
proxy_pool,tpcb_steady,10,2,during,2026-05-06T16:36:44.174904+00:00,10,5,3,2,0,
proxy_pool,tpcb_steady,10,2,during,2026-05-06T16:36:45.403459+00:00,10,5,0,5,0,
proxy_pool,tpcb_steady,10,2,during,2026-05-06T16:36:46.471087+00:00,11,11,0,0,0,
proxy_pool,tpcb_steady,10,2,during,2026-05-06T16:36:47.656485+00:00,10,3,2,5,0,
proxy_pool,tpcb_steady,10,2,during,2026-05-06T16:36:48.886088+00:00,10,5,1,4,0,
proxy_pool,tpcb_steady,10,2,during,2026-05-06T16:36:50.035670+00:00,10,1,2,7,0,
proxy_pool,tpcb_steady,10,2,during,2026-05-06T16:36:51.140322+00:00,10,3,1,6,0,
proxy_pool,tpcb_steady,10,2,during,2026-05-06T16:36:52.255908+00:00,10,5,1,4,0,
proxy_pool,tpcb_steady,10,2,during,2026-05-06T16:36:53.367697+00:00,10,3,2,5,0,
proxy_pool,tpcb_steady,10,2,during,2026-05-06T16:36:54.469582+00:00,10,4,2,4,0,
proxy_pool,tpcb_steady,10,2,during,2026-05-06T16:36:55.593942+00:00,10,3,3,4,0,
proxy_pool,tpcb_steady,10,2,during,2026-05-06T16:36:56.673879+00:00,10,3,0,7,0,
proxy_pool,tpcb_steady,10,2,during,2026-05-06T16:36:57.816427+00:00,10,5,1,4,0,
proxy_pool,tpcb_steady,10,2,during,2026-05-06T16:36:58.921379+00:00,10,2,2,6,0,
proxy_pool,tpcb_steady,10,2,during,2026-05-06T16:37:00.040878+00:00,10,5,1,4,0,
proxy_pool,tpcb_steady,10,2,during,2026-05-06T16:37:01.152089+00:00,10,3,1,6,0,
proxy_pool,tpcb_steady,10,2,during,2026-05-06T16:37:02.265357+00:00,10,3,1,6,0,
proxy_pool,tpcb_steady,10,2,during,2026-05-06T16:37:03.376590+00:00,10,5,0,5,0,
proxy_pool,tpcb_steady,10,2,during,2026-05-06T16:37:04.451448+00:00,10,6,1,3,0,
proxy_pool,tpcb_steady,10,2,during,2026-05-06T16:37:05.599134+00:00,10,7,1,2,0,
proxy_pool,tpcb_steady,10,2,during,2026-05-06T16:37:06.706024+00:00,10,1,3,6,0,
proxy_pool,tpcb_steady,10,2,during,2026-05-06T16:37:07.825982+00:00,10,2,2,6,0,
proxy_pool,tpcb_steady,10,2,during,2026-05-06T16:37:08.934709+00:00,10,3,0,7,0,
proxy_pool,tpcb_steady,10,2,during,2026-05-06T16:37:10.047368+00:00,10,1,1,8,0,
proxy_pool,tpcb_steady,10,2,during,2026-05-06T16:37:11.165098+00:00,10,4,1,5,0,
proxy_pool,tpcb_steady,10,2,during,2026-05-06T16:37:12.270735+00:00,10,6,1,3,0,
proxy_pool,tpcb_steady,10,2,during,2026-05-06T16:37:13.363289+00:00,10,3,1,6,0,
proxy_pool,tpcb_steady,10,2,during,2026-05-06T16:37:14.489785+00:00,10,6,3,1,0,
proxy_pool,tpcb_steady,10,2,during,2026-05-06T16:37:15.611194+00:00,10,5,1,4,0,
proxy_pool,tpcb_steady,10,2,during,2026-05-06T16:37:16.730106+00:00,10,6,1,3,0,
proxy_pool,tpcb_steady,10,2,during,2026-05-06T16:37:17.835459+00:00,10,3,3,4,0,
proxy_pool,tpcb_steady,10,2,during,2026-05-06T16:37:18.943634+00:00,10,4,1,5,0,
proxy_pool,tpcb_steady,10,2,during,2026-05-06T16:37:20.018609+00:00,10,7,2,1,0,
proxy_pool,tpcb_steady,10,2,during,2026-05-06T16:37:21.168009+00:00,10,1,1,8,0,
proxy_pool,tpcb_steady,10,2,during,2026-05-06T16:37:22.273448+00:00,10,3,3,4,0,
proxy_pool,tpcb_steady,10,2,during,2026-05-06T16:37:23.391949+00:00,10,1,2,7,0,
proxy_pool,tpcb_steady,10,2,during,2026-05-06T16:37:24.457779+00:00,10,1,3,6,0,
proxy_pool,tpcb_steady,10,2,during,2026-05-06T16:37:25.615170+00:00,10,1,4,5,0,
proxy_pool,tpcb_steady,10,2,during,2026-05-06T16:37:26.728435+00:00,10,2,1,7,0,
proxy_pool,tpcb_steady,10,2,during,2026-05-06T16:37:27.804391+00:00,10,6,1,3,0,
proxy_pool,tpcb_steady,10,2,during,2026-05-06T16:37:28.950348+00:00,10,2,2,6,0,
proxy_pool,tpcb_steady,10,2,during,2026-05-06T16:37:30.054893+00:00,10,6,1,3,0,
proxy_pool,tpcb_steady,10,2,during,2026-05-06T16:37:31.176223+00:00,10,7,1,2,0,
proxy_pool,tpcb_steady,10,2,during,2026-05-06T16:37:32.287496+00:00,10,3,2,5,0,
proxy_pool,tpcb_steady,10,2,during,2026-05-06T16:37:33.353099+00:00,10,3,2,5,0,
proxy_pool,tpcb_steady,10,2,during,2026-05-06T16:37:34.418779+00:00,10,3,1,6,0,
proxy_pool,tpcb_steady,10,2,during,2026-05-06T16:37:35.585545+00:00,10,4,1,5,0,
proxy_pool,tpcb_steady,10,2,during,2026-05-06T16:37:36.737855+00:00,10,4,2,4,0,
proxy_pool,tpcb_steady,10,2,after_15s,2026-05-06T16:37:52.179340+00:00,10,0,10,0,0,
proxy_pool,tpcb_steady,10,2,after_30s,2026-05-06T16:38:07.335409+00:00,10,0,10,0,0,
proxy_pool,tpcb_steady,10,2,after_45s,2026-05-06T16:38:22.409292+00:00,10,0,10,0,0,
proxy_pool,tpcb_steady,10,2,after_60s,2026-05-06T16:38:37.649694+00:00,0,0,0,0,0,
proxy_pool,tpcb_steady,10,2,after_90s,2026-05-06T16:39:07.757709+00:00,0,0,0,0,0,
proxy_pool,tpcb_steady,10,3,before,2026-05-06T16:39:14.503865+00:00,1,0,1,0,0,
proxy_pool,tpcb_steady,10,3,during,2026-05-06T16:39:15.694231+00:00,8,2,2,4,0,
proxy_pool,tpcb_steady,10,3,during,2026-05-06T16:39:16.766212+00:00,8,2,1,5,0,
proxy_pool,tpcb_steady,10,3,during,2026-05-06T16:39:17.922257+00:00,9,5,1,3,0,
proxy_pool,tpcb_steady,10,3,during,2026-05-06T16:39:19.018869+00:00,9,0,3,6,0,
proxy_pool,tpcb_steady,10,3,during,2026-05-06T16:39:20.142564+00:00,9,5,1,3,0,
proxy_pool,tpcb_steady,10,3,during,2026-05-06T16:39:21.257027+00:00,9,3,1,5,0,
proxy_pool,tpcb_steady,10,3,during,2026-05-06T16:39:22.366278+00:00,9,5,0,4,0,
proxy_pool,tpcb_steady,10,3,during,2026-05-06T16:39:23.486633+00:00,9,4,3,2,0,
proxy_pool,tpcb_steady,10,3,during,2026-05-06T16:39:24.591096+00:00,9,1,0,8,0,
proxy_pool,tpcb_steady,10,3,during,2026-05-06T16:39:25.704686+00:00,9,4,0,5,0,
proxy_pool,tpcb_steady,10,3,during,2026-05-06T16:39:26.803028+00:00,9,5,1,3,0,
proxy_pool,tpcb_steady,10,3,during,2026-05-06T16:39:27.926418+00:00,9,3,1,5,0,
proxy_pool,tpcb_steady,10,3,during,2026-05-06T16:39:29.039793+00:00,9,3,3,3,0,
proxy_pool,tpcb_steady,10,3,during,2026-05-06T16:39:30.151979+00:00,9,2,1,6,0,
proxy_pool,tpcb_steady,10,3,during,2026-05-06T16:39:31.266223+00:00,9,3,1,5,0,
proxy_pool,tpcb_steady,10,3,during,2026-05-06T16:39:32.373991+00:00,9,1,2,6,0,
proxy_pool,tpcb_steady,10,3,during,2026-05-06T16:39:33.486305+00:00,9,0,5,4,0,
proxy_pool,tpcb_steady,10,3,during,2026-05-06T16:39:34.585641+00:00,9,5,1,3,0,
proxy_pool,tpcb_steady,10,3,during,2026-05-06T16:39:35.715023+00:00,9,4,1,4,0,
proxy_pool,tpcb_steady,10,3,during,2026-05-06T16:39:36.825795+00:00,9,6,1,2,0,
proxy_pool,tpcb_steady,10,3,during,2026-05-06T16:39:37.935317+00:00,9,6,1,2,0,
proxy_pool,tpcb_steady,10,3,during,2026-05-06T16:39:39.048024+00:00,9,3,1,5,0,
proxy_pool,tpcb_steady,10,3,during,2026-05-06T16:39:40.159272+00:00,9,2,1,6,0,
proxy_pool,tpcb_steady,10,3,during,2026-05-06T16:39:41.271578+00:00,9,2,2,5,0,
proxy_pool,tpcb_steady,10,3,during,2026-05-06T16:39:42.368718+00:00,9,3,2,4,0,
proxy_pool,tpcb_steady,10,3,during,2026-05-06T16:39:43.434684+00:00,9,1,3,5,0,
proxy_pool,tpcb_steady,10,3,during,2026-05-06T16:39:44.503186+00:00,9,4,1,4,0,
proxy_pool,tpcb_steady,10,3,during,2026-05-06T16:39:45.645326+00:00,9,6,0,3,0,
proxy_pool,tpcb_steady,10,3,during,2026-05-06T16:39:46.832259+00:00,10,5,0,5,0,
proxy_pool,tpcb_steady,10,3,during,2026-05-06T16:39:47.944303+00:00,10,7,0,3,0,
proxy_pool,tpcb_steady,10,3,during,2026-05-06T16:39:49.055152+00:00,10,6,2,2,0,
proxy_pool,tpcb_steady,10,3,during,2026-05-06T16:39:50.149905+00:00,10,5,2,3,0,
proxy_pool,tpcb_steady,10,3,during,2026-05-06T16:39:51.279481+00:00,10,6,1,3,0,
proxy_pool,tpcb_steady,10,3,during,2026-05-06T16:39:52.391203+00:00,10,6,0,4,0,
proxy_pool,tpcb_steady,10,3,during,2026-05-06T16:39:53.503699+00:00,9,1,1,7,0,
proxy_pool,tpcb_steady,10,3,during,2026-05-06T16:39:54.616120+00:00,9,6,1,2,0,
proxy_pool,tpcb_steady,10,3,during,2026-05-06T16:39:55.725870+00:00,9,2,1,6,0,
proxy_pool,tpcb_steady,10,3,during,2026-05-06T16:39:56.839762+00:00,9,5,1,3,0,
proxy_pool,tpcb_steady,10,3,during,2026-05-06T16:39:57.934788+00:00,9,4,1,4,0,
proxy_pool,tpcb_steady,10,3,during,2026-05-06T16:39:59.062636+00:00,9,6,1,2,0,
proxy_pool,tpcb_steady,10,3,during,2026-05-06T16:40:00.175671+00:00,9,4,1,4,0,
proxy_pool,tpcb_steady,10,3,during,2026-05-06T16:40:01.249104+00:00,9,3,2,4,0,
proxy_pool,tpcb_steady,10,3,during,2026-05-06T16:40:02.397983+00:00,9,2,2,5,0,
proxy_pool,tpcb_steady,10,3,during,2026-05-06T16:40:03.511061+00:00,9,1,2,6,0,
proxy_pool,tpcb_steady,10,3,during,2026-05-06T16:40:04.592280+00:00,9,5,1,3,0,
proxy_pool,tpcb_steady,10,3,during,2026-05-06T16:40:05.715978+00:00,9,4,1,4,0,
proxy_pool,tpcb_steady,10,3,during,2026-05-06T16:40:06.847507+00:00,9,3,2,4,0,
proxy_pool,tpcb_steady,10,3,during,2026-05-06T16:40:07.959156+00:00,9,6,1,2,0,
proxy_pool,tpcb_steady,10,3,during,2026-05-06T16:40:09.072145+00:00,9,6,1,2,0,
proxy_pool,tpcb_steady,10,3,during,2026-05-06T16:40:10.183852+00:00,9,3,0,6,0,
proxy_pool,tpcb_steady,10,3,during,2026-05-06T16:40:11.294661+00:00,9,4,1,4,0,
proxy_pool,tpcb_steady,10,3,during,2026-05-06T16:40:12.405980+00:00,9,4,0,5,0,
proxy_pool,tpcb_steady,10,3,during,2026-05-06T16:40:13.498807+00:00,9,4,2,3,0,
proxy_pool,tpcb_steady,10,3,during,2026-05-06T16:40:14.618838+00:00,9,0,9,0,0,
proxy_pool,tpcb_steady,10,3,after_15s,2026-05-06T16:40:29.891237+00:00,9,0,9,0,0,
proxy_pool,tpcb_steady,10,3,after_30s,2026-05-06T16:40:45.043183+00:00,9,0,9,0,0,
proxy_pool,tpcb_steady,10,3,after_45s,2026-05-06T16:41:00.203049+00:00,9,0,9,0,0,
proxy_pool,tpcb_steady,10,3,after_60s,2026-05-06T16:41:15.356528+00:00,0,0,0,0,0,
proxy_pool,tpcb_steady,10,3,after_90s,2026-05-06T16:41:45.468160+00:00,0,0,0,0,0,
proxy_pool,tpcb_steady,50,1,before,2026-05-06T16:41:52.120381+00:00,1,0,1,0,0,
proxy_pool,tpcb_steady,50,1,during,2026-05-06T16:41:53.243903+00:00,35,27,4,4,0,
proxy_pool,tpcb_steady,50,1,during,2026-05-06T16:41:54.474844+00:00,35,21,7,7,0,
proxy_pool,tpcb_steady,50,1,during,2026-05-06T16:41:55.701398+00:00,35,17,2,16,0,
proxy_pool,tpcb_steady,50,1,during,2026-05-06T16:41:56.929472+00:00,35,24,2,9,0,
proxy_pool,tpcb_steady,50,1,during,2026-05-06T16:41:58.057621+00:00,35,17,2,16,0,
proxy_pool,tpcb_steady,50,1,during,2026-05-06T16:41:59.169289+00:00,35,18,5,12,0,
proxy_pool,tpcb_steady,50,1,during,2026-05-06T16:42:00.281170+00:00,35,15,2,18,0,
proxy_pool,tpcb_steady,50,1,during,2026-05-06T16:42:01.395726+00:00,36,26,2,8,0,
proxy_pool,tpcb_steady,50,1,during,2026-05-06T16:42:02.503807+00:00,36,27,1,8,0,
proxy_pool,tpcb_steady,50,1,during,2026-05-06T16:42:03.627997+00:00,36,19,3,14,0,
proxy_pool,tpcb_steady,50,1,during,2026-05-06T16:42:04.750352+00:00,36,26,2,8,0,
proxy_pool,tpcb_steady,50,1,during,2026-05-06T16:42:05.855397+00:00,36,25,3,8,0,
proxy_pool,tpcb_steady,50,1,during,2026-05-06T16:42:06.959425+00:00,36,22,3,11,0,
proxy_pool,tpcb_steady,50,1,during,2026-05-06T16:42:08.071967+00:00,36,25,1,10,0,
proxy_pool,tpcb_steady,50,1,during,2026-05-06T16:42:09.187658+00:00,36,22,2,12,0,
proxy_pool,tpcb_steady,50,1,during,2026-05-06T16:42:10.298609+00:00,36,21,2,13,0,
proxy_pool,tpcb_steady,50,1,during,2026-05-06T16:42:11.408034+00:00,36,18,6,12,0,
proxy_pool,tpcb_steady,50,1,during,2026-05-06T16:42:12.486835+00:00,36,25,1,10,0,
proxy_pool,tpcb_steady,50,1,during,2026-05-06T16:42:13.633853+00:00,36,24,3,9,0,
proxy_pool,tpcb_steady,50,1,during,2026-05-06T16:42:14.738321+00:00,36,30,0,6,0,
proxy_pool,tpcb_steady,50,1,during,2026-05-06T16:42:15.862093+00:00,36,26,3,7,0,
proxy_pool,tpcb_steady,50,1,during,2026-05-06T16:42:16.969273+00:00,36,16,3,17,0,
proxy_pool,tpcb_steady,50,1,during,2026-05-06T16:42:18.081219+00:00,36,22,4,10,0,
proxy_pool,tpcb_steady,50,1,during,2026-05-06T16:42:19.193586+00:00,36,22,0,14,0,
proxy_pool,tpcb_steady,50,1,during,2026-05-06T16:42:20.304409+00:00,36,22,3,11,0,
proxy_pool,tpcb_steady,50,1,during,2026-05-06T16:42:21.417287+00:00,36,26,1,9,0,
proxy_pool,tpcb_steady,50,1,during,2026-05-06T16:42:22.496272+00:00,36,27,1,8,0,
proxy_pool,tpcb_steady,50,1,during,2026-05-06T16:42:23.640092+00:00,36,27,1,8,0,
proxy_pool,tpcb_steady,50,1,during,2026-05-06T16:42:24.752433+00:00,36,23,5,8,0,
proxy_pool,tpcb_steady,50,1,during,2026-05-06T16:42:25.865546+00:00,36,22,2,12,0,
proxy_pool,tpcb_steady,50,1,during,2026-05-06T16:42:26.979981+00:00,36,17,4,15,0,
proxy_pool,tpcb_steady,50,1,during,2026-05-06T16:42:28.095225+00:00,36,31,1,4,0,
proxy_pool,tpcb_steady,50,1,during,2026-05-06T16:42:29.200432+00:00,36,24,1,11,0,
proxy_pool,tpcb_steady,50,1,during,2026-05-06T16:42:30.296015+00:00,36,18,6,12,0,
proxy_pool,tpcb_steady,50,1,during,2026-05-06T16:42:31.425587+00:00,36,27,1,8,0,
proxy_pool,tpcb_steady,50,1,during,2026-05-06T16:42:32.518243+00:00,36,26,2,8,0,
proxy_pool,tpcb_steady,50,1,during,2026-05-06T16:42:33.646746+00:00,36,23,2,11,0,
proxy_pool,tpcb_steady,50,1,during,2026-05-06T16:42:34.768577+00:00,36,24,3,9,0,
proxy_pool,tpcb_steady,50,1,during,2026-05-06T16:42:35.866478+00:00,36,23,7,6,0,
proxy_pool,tpcb_steady,50,1,during,2026-05-06T16:42:36.976736+00:00,36,24,2,10,0,
proxy_pool,tpcb_steady,50,1,during,2026-05-06T16:42:38.078024+00:00,36,18,3,15,0,
proxy_pool,tpcb_steady,50,1,during,2026-05-06T16:42:39.201597+00:00,36,25,2,9,0,
proxy_pool,tpcb_steady,50,1,during,2026-05-06T16:42:40.312063+00:00,36,24,3,9,0,
proxy_pool,tpcb_steady,50,1,during,2026-05-06T16:42:41.427660+00:00,36,22,2,12,0,
proxy_pool,tpcb_steady,50,1,during,2026-05-06T16:42:42.536442+00:00,36,25,2,9,0,
proxy_pool,tpcb_steady,50,1,during,2026-05-06T16:42:43.650691+00:00,36,22,3,11,0,
proxy_pool,tpcb_steady,50,1,during,2026-05-06T16:42:44.761567+00:00,36,19,4,13,0,
proxy_pool,tpcb_steady,50,1,during,2026-05-06T16:42:45.853156+00:00,36,21,1,14,0,
proxy_pool,tpcb_steady,50,1,during,2026-05-06T16:42:46.978889+00:00,37,25,1,11,0,
proxy_pool,tpcb_steady,50,1,during,2026-05-06T16:42:48.096802+00:00,36,24,2,10,0,
proxy_pool,tpcb_steady,50,1,during,2026-05-06T16:42:49.211540+00:00,36,23,3,10,0,
proxy_pool,tpcb_steady,50,1,during,2026-05-06T16:42:50.321600+00:00,36,20,3,13,0,
proxy_pool,tpcb_steady,50,1,during,2026-05-06T16:42:51.434628+00:00,36,17,5,14,0,
proxy_pool,tpcb_steady,50,1,after_15s,2026-05-06T16:43:07.358972+00:00,36,0,36,0,0,
proxy_pool,tpcb_steady,50,1,after_30s,2026-05-06T16:43:22.500796+00:00,36,0,36,0,0,
proxy_pool,tpcb_steady,50,1,after_45s,2026-05-06T16:43:37.751877+00:00,36,0,36,0,0,
proxy_pool,tpcb_steady,50,1,after_60s,2026-05-06T16:43:52.903568+00:00,0,0,0,0,0,
proxy_pool,tpcb_steady,50,1,after_90s,2026-05-06T16:44:23.104919+00:00,0,0,0,0,0,
proxy_pool,tpcb_steady,50,2,before,2026-05-06T16:44:29.369859+00:00,1,0,1,0,0,
proxy_pool,tpcb_steady,50,2,during,2026-05-06T16:44:30.403847+00:00,34,19,3,12,0,
proxy_pool,tpcb_steady,50,2,during,2026-05-06T16:44:31.483866+00:00,34,17,1,16,0,
proxy_pool,tpcb_steady,50,2,during,2026-05-06T16:44:32.560827+00:00,35,18,2,15,0,
proxy_pool,tpcb_steady,50,2,during,2026-05-06T16:44:33.721290+00:00,35,21,1,13,0,
proxy_pool,tpcb_steady,50,2,during,2026-05-06T16:44:34.833571+00:00,35,26,1,8,0,
proxy_pool,tpcb_steady,50,2,during,2026-05-06T16:44:35.944506+00:00,35,22,2,11,0,
proxy_pool,tpcb_steady,50,2,during,2026-05-06T16:44:37.056901+00:00,35,16,0,19,0,
proxy_pool,tpcb_steady,50,2,during,2026-05-06T16:44:38.170510+00:00,35,15,3,17,0,
proxy_pool,tpcb_steady,50,2,during,2026-05-06T16:44:39.278202+00:00,35,21,3,11,0,
proxy_pool,tpcb_steady,50,2,during,2026-05-06T16:44:40.394281+00:00,35,24,2,9,0,
proxy_pool,tpcb_steady,50,2,during,2026-05-06T16:44:41.473011+00:00,35,26,0,9,0,
proxy_pool,tpcb_steady,50,2,during,2026-05-06T16:44:42.615954+00:00,35,18,2,15,0,
proxy_pool,tpcb_steady,50,2,during,2026-05-06T16:44:43.728855+00:00,35,18,4,13,0,
proxy_pool,tpcb_steady,50,2,during,2026-05-06T16:44:44.842458+00:00,35,27,0,8,0,
proxy_pool,tpcb_steady,50,2,during,2026-05-06T16:44:45.953409+00:00,35,16,6,13,0,
proxy_pool,tpcb_steady,50,2,during,2026-05-06T16:44:47.059228+00:00,36,20,3,13,0,
proxy_pool,tpcb_steady,50,2,during,2026-05-06T16:44:48.176717+00:00,35,17,2,16,0,
proxy_pool,tpcb_steady,50,2,during,2026-05-06T16:44:49.288075+00:00,35,26,1,8,0,
proxy_pool,tpcb_steady,50,2,during,2026-05-06T16:44:50.400513+00:00,35,20,7,8,0,
proxy_pool,tpcb_steady,50,2,during,2026-05-06T16:44:51.512082+00:00,35,15,2,18,0,
proxy_pool,tpcb_steady,50,2,during,2026-05-06T16:44:52.623936+00:00,35,25,3,7,0,
proxy_pool,tpcb_steady,50,2,during,2026-05-06T16:44:53.752325+00:00,35,21,3,11,0,
proxy_pool,tpcb_steady,50,2,during,2026-05-06T16:44:54.838119+00:00,35,35,0,0,0,
proxy_pool,tpcb_steady,50,2,during,2026-05-06T16:44:55.966892+00:00,35,25,2,8,0,
proxy_pool,tpcb_steady,50,2,during,2026-05-06T16:44:57.073294+00:00,35,20,3,12,0,
proxy_pool,tpcb_steady,50,2,during,2026-05-06T16:44:58.184257+00:00,35,26,1,8,0,
proxy_pool,tpcb_steady,50,2,during,2026-05-06T16:44:59.297294+00:00,35,23,2,10,0,
proxy_pool,tpcb_steady,50,2,during,2026-05-06T16:45:00.409767+00:00,35,24,1,10,0,
proxy_pool,tpcb_steady,50,2,during,2026-05-06T16:45:01.521747+00:00,35,15,7,13,0,
proxy_pool,tpcb_steady,50,2,during,2026-05-06T16:45:02.620126+00:00,35,20,3,12,0,
proxy_pool,tpcb_steady,50,2,during,2026-05-06T16:45:03.752141+00:00,35,21,2,12,0,
proxy_pool,tpcb_steady,50,2,during,2026-05-06T16:45:04.857180+00:00,35,19,2,14,0,
proxy_pool,tpcb_steady,50,2,during,2026-05-06T16:45:05.969255+00:00,35,21,1,13,0,
proxy_pool,tpcb_steady,50,2,during,2026-05-06T16:45:07.081151+00:00,35,19,3,13,0,
proxy_pool,tpcb_steady,50,2,during,2026-05-06T16:45:08.193451+00:00,35,23,2,10,0,
proxy_pool,tpcb_steady,50,2,during,2026-05-06T16:45:09.271710+00:00,35,26,1,8,0,
proxy_pool,tpcb_steady,50,2,during,2026-05-06T16:45:10.401871+00:00,35,28,1,6,0,
proxy_pool,tpcb_steady,50,2,during,2026-05-06T16:45:11.530416+00:00,35,16,5,14,0,
proxy_pool,tpcb_steady,50,2,during,2026-05-06T16:45:12.639470+00:00,35,21,4,10,0,
proxy_pool,tpcb_steady,50,2,during,2026-05-06T16:45:13.754249+00:00,35,19,3,13,0,
proxy_pool,tpcb_steady,50,2,during,2026-05-06T16:45:14.866883+00:00,35,21,2,12,0,
proxy_pool,tpcb_steady,50,2,during,2026-05-06T16:45:15.977669+00:00,35,25,1,9,0,
proxy_pool,tpcb_steady,50,2,during,2026-05-06T16:45:17.092115+00:00,35,24,3,8,0,
proxy_pool,tpcb_steady,50,2,during,2026-05-06T16:45:18.183567+00:00,35,26,1,8,0,
proxy_pool,tpcb_steady,50,2,during,2026-05-06T16:45:19.313926+00:00,35,22,2,11,0,
proxy_pool,tpcb_steady,50,2,during,2026-05-06T16:45:20.426684+00:00,35,19,1,15,0,
proxy_pool,tpcb_steady,50,2,during,2026-05-06T16:45:21.536759+00:00,35,22,3,10,0,
proxy_pool,tpcb_steady,50,2,during,2026-05-06T16:45:22.649676+00:00,35,14,3,18,0,
proxy_pool,tpcb_steady,50,2,during,2026-05-06T16:45:23.762184+00:00,35,18,1,16,0,
proxy_pool,tpcb_steady,50,2,during,2026-05-06T16:45:24.873862+00:00,35,21,2,12,0,
proxy_pool,tpcb_steady,50,2,during,2026-05-06T16:45:25.966107+00:00,35,24,1,10,0,
proxy_pool,tpcb_steady,50,2,during,2026-05-06T16:45:27.097961+00:00,35,26,3,6,0,
proxy_pool,tpcb_steady,50,2,during,2026-05-06T16:45:28.209802+00:00,35,22,2,11,0,
proxy_pool,tpcb_steady,50,2,during,2026-05-06T16:45:29.334298+00:00,35,27,1,7,0,
proxy_pool,tpcb_steady,50,2,after_15s,2026-05-06T16:45:44.705539+00:00,35,0,35,0,0,
proxy_pool,tpcb_steady,50,2,after_30s,2026-05-06T16:45:59.959054+00:00,35,0,35,0,0,
proxy_pool,tpcb_steady,50,2,after_45s,2026-05-06T16:46:15.032089+00:00,35,0,35,0,0,
proxy_pool,tpcb_steady,50,2,after_60s,2026-05-06T16:46:30.268566+00:00,0,0,0,0,0,
proxy_pool,tpcb_steady,50,2,after_90s,2026-05-06T16:47:00.377949+00:00,0,0,0,0,0,
proxy_pool,tpcb_steady,50,3,before,2026-05-06T16:47:06.920322+00:00,1,0,1,0,0,
proxy_pool,tpcb_steady,50,3,during,2026-05-06T16:47:08.148865+00:00,38,20,4,14,0,
proxy_pool,tpcb_steady,50,3,during,2026-05-06T16:47:09.377126+00:00,38,24,1,13,0,
proxy_pool,tpcb_steady,50,3,during,2026-05-06T16:47:10.520929+00:00,38,19,1,18,0,
proxy_pool,tpcb_steady,50,3,during,2026-05-06T16:47:11.661160+00:00,38,29,1,8,0,
proxy_pool,tpcb_steady,50,3,during,2026-05-06T16:47:12.746172+00:00,38,21,2,15,0,
proxy_pool,tpcb_steady,50,3,during,2026-05-06T16:47:13.858205+00:00,38,26,3,9,0,
proxy_pool,tpcb_steady,50,3,during,2026-05-06T16:47:14.970492+00:00,38,21,2,15,0,
proxy_pool,tpcb_steady,50,3,during,2026-05-06T16:47:16.081178+00:00,38,17,3,18,0,
proxy_pool,tpcb_steady,50,3,during,2026-05-06T16:47:17.193486+00:00,38,25,1,12,0,
proxy_pool,tpcb_steady,50,3,during,2026-05-06T16:47:18.304660+00:00,38,23,1,14,0,
proxy_pool,tpcb_steady,50,3,during,2026-05-06T16:47:19.411576+00:00,38,28,3,7,0,
proxy_pool,tpcb_steady,50,3,during,2026-05-06T16:47:20.488559+00:00,38,22,2,14,0,
proxy_pool,tpcb_steady,50,3,during,2026-05-06T16:47:21.640335+00:00,38,29,1,8,0,
proxy_pool,tpcb_steady,50,3,during,2026-05-06T16:47:22.767210+00:00,38,33,1,4,0,
proxy_pool,tpcb_steady,50,3,during,2026-05-06T16:47:23.867537+00:00,38,26,4,8,0,
proxy_pool,tpcb_steady,50,3,during,2026-05-06T16:47:24.975834+00:00,38,25,1,12,0,
proxy_pool,tpcb_steady,50,3,during,2026-05-06T16:47:26.091813+00:00,38,27,4,7,0,
proxy_pool,tpcb_steady,50,3,during,2026-05-06T16:47:27.193534+00:00,38,17,4,17,0,
proxy_pool,tpcb_steady,50,3,during,2026-05-06T16:47:28.332430+00:00,38,27,1,10,0,
proxy_pool,tpcb_steady,50,3,during,2026-05-06T16:47:29.426977+00:00,38,20,4,14,0,
proxy_pool,tpcb_steady,50,3,during,2026-05-06T16:47:30.533664+00:00,38,23,3,12,0,
proxy_pool,tpcb_steady,50,3,during,2026-05-06T16:47:31.649860+00:00,38,23,4,11,0,
proxy_pool,tpcb_steady,50,3,during,2026-05-06T16:47:32.760316+00:00,38,18,7,13,0,
proxy_pool,tpcb_steady,50,3,during,2026-05-06T16:47:33.874196+00:00,38,20,5,13,0,
proxy_pool,tpcb_steady,50,3,during,2026-05-06T16:47:34.974719+00:00,38,23,3,12,0,
proxy_pool,tpcb_steady,50,3,during,2026-05-06T16:47:36.102546+00:00,38,12,7,19,0,
proxy_pool,tpcb_steady,50,3,during,2026-05-06T16:47:37.208770+00:00,38,27,1,10,0,
proxy_pool,tpcb_steady,50,3,during,2026-05-06T16:47:38.321466+00:00,38,22,5,11,0,
proxy_pool,tpcb_steady,50,3,during,2026-05-06T16:47:39.432222+00:00,38,32,1,5,0,
proxy_pool,tpcb_steady,50,3,during,2026-05-06T16:47:40.544877+00:00,38,21,4,13,0,
proxy_pool,tpcb_steady,50,3,during,2026-05-06T16:47:41.658684+00:00,38,32,1,5,0,
proxy_pool,tpcb_steady,50,3,during,2026-05-06T16:47:42.755812+00:00,38,26,2,10,0,
proxy_pool,tpcb_steady,50,3,during,2026-05-06T16:47:43.880763+00:00,38,19,3,16,0,
proxy_pool,tpcb_steady,50,3,during,2026-05-06T16:47:44.993512+00:00,38,21,2,15,0,
proxy_pool,tpcb_steady,50,3,during,2026-05-06T16:47:46.105679+00:00,38,24,4,10,0,
proxy_pool,tpcb_steady,50,3,during,2026-05-06T16:47:47.217493+00:00,39,20,4,15,0,
proxy_pool,tpcb_steady,50,3,during,2026-05-06T16:47:48.328842+00:00,38,22,2,14,0,
proxy_pool,tpcb_steady,50,3,during,2026-05-06T16:47:49.609123+00:00,38,24,5,9,0,
proxy_pool,tpcb_steady,50,3,during,2026-05-06T16:47:50.734994+00:00,38,17,6,15,0,
proxy_pool,tpcb_steady,50,3,during,2026-05-06T16:47:51.814540+00:00,38,26,2,10,0,
proxy_pool,tpcb_steady,50,3,during,2026-05-06T16:47:52.997052+00:00,38,25,3,10,0,
proxy_pool,tpcb_steady,50,3,during,2026-05-06T16:47:54.121377+00:00,38,21,4,13,0,
proxy_pool,tpcb_steady,50,3,during,2026-05-06T16:47:55.247308+00:00,38,27,1,10,0,
proxy_pool,tpcb_steady,50,3,during,2026-05-06T16:47:56.374565+00:00,38,29,1,8,0,
proxy_pool,tpcb_steady,50,3,during,2026-05-06T16:47:57.500155+00:00,38,22,1,15,0,
proxy_pool,tpcb_steady,50,3,during,2026-05-06T16:47:58.637609+00:00,38,22,6,10,0,
proxy_pool,tpcb_steady,50,3,during,2026-05-06T16:47:59.755619+00:00,38,23,2,13,0,
proxy_pool,tpcb_steady,50,3,during,2026-05-06T16:48:00.879653+00:00,38,28,1,9,0,
proxy_pool,tpcb_steady,50,3,during,2026-05-06T16:48:02.005304+00:00,38,26,2,10,0,
proxy_pool,tpcb_steady,50,3,during,2026-05-06T16:48:03.236622+00:00,38,21,6,11,0,
proxy_pool,tpcb_steady,50,3,during,2026-05-06T16:48:04.424453+00:00,38,20,1,17,0,
proxy_pool,tpcb_steady,50,3,during,2026-05-06T16:48:05.692759+00:00,38,15,4,19,0,
proxy_pool,tpcb_steady,50,3,during,2026-05-06T16:48:06.921021+00:00,38,22,4,12,0,
proxy_pool,tpcb_steady,50,3,after_15s,2026-05-06T16:48:22.281126+00:00,38,0,38,0,0,
proxy_pool,tpcb_steady,50,3,after_30s,2026-05-06T16:48:37.354449+00:00,38,0,38,0,0,
proxy_pool,tpcb_steady,50,3,after_45s,2026-05-06T16:48:52.583074+00:00,38,0,38,0,0,
proxy_pool,tpcb_steady,50,3,after_60s,2026-05-06T16:49:07.746973+00:00,0,0,0,0,0,
proxy_pool,tpcb_steady,50,3,after_90s,2026-05-06T16:49:37.850023+00:00,0,0,0,0,0,
proxy_pool,tpcb_steady,100,1,before,2026-05-06T16:49:44.293468+00:00,1,0,1,0,0,
proxy_pool,tpcb_steady,100,1,during,2026-05-06T16:49:45.424905+00:00,57,37,3,17,0,
proxy_pool,tpcb_steady,100,1,during,2026-05-06T16:49:46.543340+00:00,58,48,1,9,0,
proxy_pool,tpcb_steady,100,1,during,2026-05-06T16:49:47.676820+00:00,58,36,4,18,0,
proxy_pool,tpcb_steady,100,1,during,2026-05-06T16:49:48.909261+00:00,58,42,4,12,0,
proxy_pool,tpcb_steady,100,1,during,2026-05-06T16:49:50.138757+00:00,58,38,4,16,0,
proxy_pool,tpcb_steady,100,1,during,2026-05-06T16:49:51.362641+00:00,57,47,1,9,0,
proxy_pool,tpcb_steady,100,1,during,2026-05-06T16:49:52.490707+00:00,57,41,3,13,0,
proxy_pool,tpcb_steady,100,1,during,2026-05-06T16:49:53.616990+00:00,57,44,2,11,0,
proxy_pool,tpcb_steady,100,1,during,2026-05-06T16:49:54.844509+00:00,57,49,1,7,0,
proxy_pool,tpcb_steady,100,1,during,2026-05-06T16:49:56.073414+00:00,57,37,5,15,0,
proxy_pool,tpcb_steady,100,1,during,2026-05-06T16:49:57.301967+00:00,57,47,1,9,0,
proxy_pool,tpcb_steady,100,1,during,2026-05-06T16:49:58.433618+00:00,57,45,1,11,0,
proxy_pool,tpcb_steady,100,1,during,2026-05-06T16:49:59.545330+00:00,57,34,5,18,0,
proxy_pool,tpcb_steady,100,1,during,2026-05-06T16:50:00.656586+00:00,57,50,1,6,0,
proxy_pool,tpcb_steady,100,1,during,2026-05-06T16:50:01.772749+00:00,57,37,5,15,0,
proxy_pool,tpcb_steady,100,1,during,2026-05-06T16:50:02.884491+00:00,57,42,2,13,0,
proxy_pool,tpcb_steady,100,1,during,2026-05-06T16:50:03.993331+00:00,57,41,4,12,0,
proxy_pool,tpcb_steady,100,1,during,2026-05-06T16:50:05.087537+00:00,57,40,1,16,0,
proxy_pool,tpcb_steady,100,1,during,2026-05-06T16:50:06.217218+00:00,57,47,1,9,0,
proxy_pool,tpcb_steady,100,1,during,2026-05-06T16:50:07.332262+00:00,57,39,6,12,0,
proxy_pool,tpcb_steady,100,1,during,2026-05-06T16:50:08.444862+00:00,57,41,4,12,0,
proxy_pool,tpcb_steady,100,1,during,2026-05-06T16:50:09.557166+00:00,57,37,2,18,0,
proxy_pool,tpcb_steady,100,1,during,2026-05-06T16:50:10.665405+00:00,57,37,2,18,0,
proxy_pool,tpcb_steady,100,1,during,2026-05-06T16:50:11.786920+00:00,57,47,0,10,0,
proxy_pool,tpcb_steady,100,1,during,2026-05-06T16:50:12.889649+00:00,57,43,3,11,0,
proxy_pool,tpcb_steady,100,1,during,2026-05-06T16:50:14.000485+00:00,57,34,7,16,0,
proxy_pool,tpcb_steady,100,1,during,2026-05-06T16:50:15.120123+00:00,57,33,6,18,0,
proxy_pool,tpcb_steady,100,1,during,2026-05-06T16:50:16.225054+00:00,57,48,2,7,0,
proxy_pool,tpcb_steady,100,1,during,2026-05-06T16:50:17.346717+00:00,57,41,3,13,0,
proxy_pool,tpcb_steady,100,1,during,2026-05-06T16:50:18.449013+00:00,57,38,5,14,0,
proxy_pool,tpcb_steady,100,1,during,2026-05-06T16:50:19.561412+00:00,57,47,2,8,0,
proxy_pool,tpcb_steady,100,1,during,2026-05-06T16:50:20.674596+00:00,57,37,2,18,0,
proxy_pool,tpcb_steady,100,1,during,2026-05-06T16:50:21.785573+00:00,57,32,8,17,0,
proxy_pool,tpcb_steady,100,1,during,2026-05-06T16:50:22.903959+00:00,57,36,5,16,0,
proxy_pool,tpcb_steady,100,1,during,2026-05-06T16:50:24.008231+00:00,57,38,7,12,0,
proxy_pool,tpcb_steady,100,1,during,2026-05-06T16:50:25.122448+00:00,57,47,1,9,0,
proxy_pool,tpcb_steady,100,1,during,2026-05-06T16:50:26.235381+00:00,57,37,3,17,0,
proxy_pool,tpcb_steady,100,1,during,2026-05-06T16:50:27.346000+00:00,57,48,3,6,0,
proxy_pool,tpcb_steady,100,1,during,2026-05-06T16:50:28.423701+00:00,57,41,3,13,0,
proxy_pool,tpcb_steady,100,1,during,2026-05-06T16:50:29.571465+00:00,57,39,3,15,0,
proxy_pool,tpcb_steady,100,1,during,2026-05-06T16:50:30.683889+00:00,57,35,9,13,0,
proxy_pool,tpcb_steady,100,1,during,2026-05-06T16:50:31.795925+00:00,57,44,1,12,0,
proxy_pool,tpcb_steady,100,1,during,2026-05-06T16:50:32.905649+00:00,57,37,5,15,0,
proxy_pool,tpcb_steady,100,1,during,2026-05-06T16:50:34.017563+00:00,57,29,6,22,0,
proxy_pool,tpcb_steady,100,1,during,2026-05-06T16:50:35.129637+00:00,57,44,1,12,0,
proxy_pool,tpcb_steady,100,1,during,2026-05-06T16:50:36.240813+00:00,57,29,6,22,0,
proxy_pool,tpcb_steady,100,1,during,2026-05-06T16:50:37.339308+00:00,57,37,5,15,0,
proxy_pool,tpcb_steady,100,1,during,2026-05-06T16:50:38.464990+00:00,57,42,3,12,0,
proxy_pool,tpcb_steady,100,1,during,2026-05-06T16:50:39.576465+00:00,57,39,6,12,0,
proxy_pool,tpcb_steady,100,1,during,2026-05-06T16:50:40.688937+00:00,57,31,6,20,0,
proxy_pool,tpcb_steady,100,1,during,2026-05-06T16:50:41.806976+00:00,57,43,4,10,0,
proxy_pool,tpcb_steady,100,1,during,2026-05-06T16:50:42.914248+00:00,57,47,1,9,0,
proxy_pool,tpcb_steady,100,1,during,2026-05-06T16:50:44.026476+00:00,57,48,2,7,0,
proxy_pool,tpcb_steady,100,1,after_15s,2026-05-06T16:50:59.758483+00:00,57,0,57,0,0,
proxy_pool,tpcb_steady,100,1,after_30s,2026-05-06T16:51:14.921588+00:00,57,0,57,0,0,
proxy_pool,tpcb_steady,100,1,after_45s,2026-05-06T16:51:30.175768+00:00,57,0,57,0,0,
proxy_pool,tpcb_steady,100,1,after_60s,2026-05-06T16:51:45.248503+00:00,0,0,0,0,0,
proxy_pool,tpcb_steady,100,1,after_90s,2026-05-06T16:52:15.318199+00:00,0,0,0,0,0,
proxy_pool,tpcb_steady,100,2,before,2026-05-06T16:52:21.889434+00:00,1,0,1,0,0,
proxy_pool,tpcb_steady,100,2,during,2026-05-06T16:52:23.005571+00:00,55,39,3,13,0,
proxy_pool,tpcb_steady,100,2,during,2026-05-06T16:52:24.112769+00:00,55,37,7,11,0,
proxy_pool,tpcb_steady,100,2,during,2026-05-06T16:52:25.225597+00:00,55,34,7,14,0,
proxy_pool,tpcb_steady,100,2,during,2026-05-06T16:52:26.337138+00:00,55,46,1,8,0,
proxy_pool,tpcb_steady,100,2,during,2026-05-06T16:52:27.448904+00:00,55,48,2,5,0,
proxy_pool,tpcb_steady,100,2,during,2026-05-06T16:52:28.526518+00:00,55,39,2,14,0,
proxy_pool,tpcb_steady,100,2,during,2026-05-06T16:52:29.668250+00:00,55,47,1,7,0,
proxy_pool,tpcb_steady,100,2,during,2026-05-06T16:52:30.784367+00:00,55,45,4,6,0,
proxy_pool,tpcb_steady,100,2,during,2026-05-06T16:52:31.897663+00:00,55,38,4,13,0,
proxy_pool,tpcb_steady,100,2,during,2026-05-06T16:52:33.012663+00:00,55,38,1,16,0,
proxy_pool,tpcb_steady,100,2,during,2026-05-06T16:52:34.126206+00:00,55,42,1,12,0,
proxy_pool,tpcb_steady,100,2,during,2026-05-06T16:52:35.235945+00:00,55,34,5,16,0,
proxy_pool,tpcb_steady,100,2,during,2026-05-06T16:52:36.347280+00:00,55,37,5,13,0,
proxy_pool,tpcb_steady,100,2,during,2026-05-06T16:52:37.448380+00:00,55,46,2,7,0,
proxy_pool,tpcb_steady,100,2,during,2026-05-06T16:52:38.535649+00:00,55,44,1,10,0,
proxy_pool,tpcb_steady,100,2,during,2026-05-06T16:52:39.680712+00:00,55,40,5,10,0,
proxy_pool,tpcb_steady,100,2,during,2026-05-06T16:52:40.792982+00:00,55,38,7,10,0,
proxy_pool,tpcb_steady,100,2,during,2026-05-06T16:52:41.904895+00:00,55,42,1,12,0,
proxy_pool,tpcb_steady,100,2,during,2026-05-06T16:52:43.020054+00:00,55,39,3,13,0,
proxy_pool,tpcb_steady,100,2,during,2026-05-06T16:52:44.128327+00:00,55,46,2,7,0,
proxy_pool,tpcb_steady,100,2,during,2026-05-06T16:52:45.240816+00:00,55,42,1,12,0,
proxy_pool,tpcb_steady,100,2,during,2026-05-06T16:52:46.356440+00:00,55,33,8,14,0,
proxy_pool,tpcb_steady,100,2,during,2026-05-06T16:52:47.465241+00:00,56,53,1,2,0,
proxy_pool,tpcb_steady,100,2,during,2026-05-06T16:52:48.579655+00:00,55,37,4,14,0,
proxy_pool,tpcb_steady,100,2,during,2026-05-06T16:52:49.688995+00:00,55,36,3,16,0,
proxy_pool,tpcb_steady,100,2,during,2026-05-06T16:52:50.801736+00:00,55,33,7,15,0,
proxy_pool,tpcb_steady,100,2,during,2026-05-06T16:52:51.915146+00:00,55,43,0,12,0,
proxy_pool,tpcb_steady,100,2,during,2026-05-06T16:52:53.012824+00:00,55,39,5,11,0,
proxy_pool,tpcb_steady,100,2,during,2026-05-06T16:52:54.135800+00:00,55,55,0,0,0,
proxy_pool,tpcb_steady,100,2,during,2026-05-06T16:52:55.252516+00:00,55,32,3,20,0,
proxy_pool,tpcb_steady,100,2,during,2026-05-06T16:52:56.360866+00:00,55,42,2,11,0,
proxy_pool,tpcb_steady,100,2,during,2026-05-06T16:52:57.480768+00:00,55,41,2,12,0,
proxy_pool,tpcb_steady,100,2,during,2026-05-06T16:52:58.585291+00:00,55,42,3,10,0,
proxy_pool,tpcb_steady,100,2,during,2026-05-06T16:52:59.698162+00:00,55,37,0,18,0,
proxy_pool,tpcb_steady,100,2,during,2026-05-06T16:53:00.795618+00:00,55,38,4,13,0,
proxy_pool,tpcb_steady,100,2,during,2026-05-06T16:53:01.920413+00:00,55,38,4,13,0,
proxy_pool,tpcb_steady,100,2,during,2026-05-06T16:53:03.033498+00:00,55,37,2,16,0,
proxy_pool,tpcb_steady,100,2,during,2026-05-06T16:53:04.146510+00:00,55,49,0,6,0,
proxy_pool,tpcb_steady,100,2,during,2026-05-06T16:53:05.257534+00:00,55,32,6,17,0,
proxy_pool,tpcb_steady,100,2,during,2026-05-06T16:53:06.370843+00:00,55,32,4,19,0,
proxy_pool,tpcb_steady,100,2,during,2026-05-06T16:53:07.649462+00:00,55,36,7,12,0,
proxy_pool,tpcb_steady,100,2,during,2026-05-06T16:53:08.774679+00:00,55,32,7,16,0,
proxy_pool,tpcb_steady,100,2,during,2026-05-06T16:53:09.855199+00:00,55,37,5,13,0,
proxy_pool,tpcb_steady,100,2,during,2026-05-06T16:53:11.035617+00:00,55,28,8,19,0,
proxy_pool,tpcb_steady,100,2,during,2026-05-06T16:53:12.163383+00:00,55,38,3,14,0,
proxy_pool,tpcb_steady,100,2,during,2026-05-06T16:53:13.391431+00:00,55,43,2,10,0,
proxy_pool,tpcb_steady,100,2,during,2026-05-06T16:53:14.470557+00:00,55,29,7,19,0,
proxy_pool,tpcb_steady,100,2,during,2026-05-06T16:53:15.756191+00:00,55,40,2,13,0,
proxy_pool,tpcb_steady,100,2,during,2026-05-06T16:53:16.839048+00:00,55,47,1,7,0,
proxy_pool,tpcb_steady,100,2,during,2026-05-06T16:53:17.997231+00:00,55,48,1,6,0,
proxy_pool,tpcb_steady,100,2,during,2026-05-06T16:53:19.227661+00:00,55,34,4,17,0,
proxy_pool,tpcb_steady,100,2,during,2026-05-06T16:53:20.550782+00:00,55,38,1,16,0,
proxy_pool,tpcb_steady,100,2,during,2026-05-06T16:53:21.684080+00:00,55,34,5,16,0,
proxy_pool,tpcb_steady,100,2,after_15s,2026-05-06T16:53:37.155693+00:00,55,0,55,0,0,
proxy_pool,tpcb_steady,100,2,after_30s,2026-05-06T16:53:52.302850+00:00,55,0,55,0,0,
proxy_pool,tpcb_steady,100,2,after_45s,2026-05-06T16:54:07.531465+00:00,55,0,55,0,0,
proxy_pool,tpcb_steady,100,2,after_60s,2026-05-06T16:54:22.713736+00:00,0,0,0,0,0,
proxy_pool,tpcb_steady,100,2,after_90s,2026-05-06T16:54:52.818882+00:00,0,0,0,0,0,
proxy_pool,tpcb_steady,100,3,before,2026-05-06T16:54:59.574215+00:00,1,0,1,0,0,
proxy_pool,tpcb_steady,100,3,during,2026-05-06T16:55:00.700243+00:00,54,34,4,16,0,
proxy_pool,tpcb_steady,100,3,during,2026-05-06T16:55:01.827307+00:00,54,38,1,15,0,
proxy_pool,tpcb_steady,100,3,during,2026-05-06T16:55:03.056504+00:00,54,33,6,15,0,
proxy_pool,tpcb_steady,100,3,during,2026-05-06T16:55:04.241036+00:00,54,40,5,9,0,
proxy_pool,tpcb_steady,100,3,during,2026-05-06T16:55:05.353110+00:00,54,28,4,22,0,
proxy_pool,tpcb_steady,100,3,during,2026-05-06T16:55:06.439789+00:00,54,34,3,17,0,
proxy_pool,tpcb_steady,100,3,during,2026-05-06T16:55:07.560878+00:00,54,31,4,19,0,
proxy_pool,tpcb_steady,100,3,during,2026-05-06T16:55:08.681380+00:00,54,47,1,6,0,
proxy_pool,tpcb_steady,100,3,during,2026-05-06T16:55:09.798503+00:00,54,38,6,10,0,
proxy_pool,tpcb_steady,100,3,during,2026-05-06T16:55:10.904606+00:00,54,30,6,18,0,
proxy_pool,tpcb_steady,100,3,during,2026-05-06T16:55:12.016537+00:00,54,41,1,12,0,
proxy_pool,tpcb_steady,100,3,during,2026-05-06T16:55:13.129150+00:00,54,42,1,11,0,
proxy_pool,tpcb_steady,100,3,during,2026-05-06T16:55:14.241687+00:00,54,34,4,16,0,
proxy_pool,tpcb_steady,100,3,during,2026-05-06T16:55:15.344944+00:00,54,36,5,13,0,
proxy_pool,tpcb_steady,100,3,during,2026-05-06T16:55:16.469252+00:00,54,39,3,12,0,
proxy_pool,tpcb_steady,100,3,during,2026-05-06T16:55:17.576650+00:00,54,36,4,14,0,
proxy_pool,tpcb_steady,100,3,during,2026-05-06T16:55:18.692577+00:00,54,38,1,15,0,
proxy_pool,tpcb_steady,100,3,during,2026-05-06T16:55:19.802013+00:00,54,40,1,13,0,
proxy_pool,tpcb_steady,100,3,during,2026-05-06T16:55:20.917391+00:00,54,38,5,11,0,
proxy_pool,tpcb_steady,100,3,during,2026-05-06T16:55:22.025020+00:00,54,39,3,12,0,
proxy_pool,tpcb_steady,100,3,during,2026-05-06T16:55:23.125576+00:00,54,38,2,14,0,
proxy_pool,tpcb_steady,100,3,during,2026-05-06T16:55:24.251983+00:00,54,35,5,14,0,
proxy_pool,tpcb_steady,100,3,during,2026-05-06T16:55:25.362670+00:00,54,30,3,21,0,
proxy_pool,tpcb_steady,100,3,during,2026-05-06T16:55:26.473844+00:00,54,40,2,12,0,
proxy_pool,tpcb_steady,100,3,during,2026-05-06T16:55:27.595030+00:00,54,43,5,6,0,
proxy_pool,tpcb_steady,100,3,during,2026-05-06T16:55:28.720444+00:00,54,37,4,13,0,
proxy_pool,tpcb_steady,100,3,during,2026-05-06T16:55:29.821903+00:00,54,37,2,15,0,
proxy_pool,tpcb_steady,100,3,during,2026-05-06T16:55:30.929906+00:00,54,34,3,17,0,
proxy_pool,tpcb_steady,100,3,during,2026-05-06T16:55:32.040306+00:00,54,31,4,19,0,
proxy_pool,tpcb_steady,100,3,during,2026-05-06T16:55:33.153158+00:00,54,38,6,10,0,
proxy_pool,tpcb_steady,100,3,during,2026-05-06T16:55:34.265678+00:00,54,37,1,16,0,
proxy_pool,tpcb_steady,100,3,during,2026-05-06T16:55:35.377722+00:00,54,37,1,16,0,
proxy_pool,tpcb_steady,100,3,during,2026-05-06T16:55:36.488761+00:00,54,42,1,11,0,
proxy_pool,tpcb_steady,100,3,during,2026-05-06T16:55:37.602566+00:00,54,32,3,19,0,
proxy_pool,tpcb_steady,100,3,during,2026-05-06T16:55:38.692553+00:00,54,34,5,15,0,
proxy_pool,tpcb_steady,100,3,during,2026-05-06T16:55:39.824672+00:00,54,46,1,7,0,
proxy_pool,tpcb_steady,100,3,during,2026-05-06T16:55:40.943978+00:00,54,44,1,9,0,
proxy_pool,tpcb_steady,100,3,during,2026-05-06T16:55:42.052036+00:00,54,41,2,11,0,
proxy_pool,tpcb_steady,100,3,during,2026-05-06T16:55:43.161587+00:00,54,40,2,12,0,
proxy_pool,tpcb_steady,100,3,during,2026-05-06T16:55:44.276468+00:00,54,37,2,15,0,
proxy_pool,tpcb_steady,100,3,during,2026-05-06T16:55:45.385830+00:00,54,44,1,9,0,
proxy_pool,tpcb_steady,100,3,during,2026-05-06T16:55:46.466577+00:00,54,42,2,10,0,
proxy_pool,tpcb_steady,100,3,during,2026-05-06T16:55:47.608640+00:00,55,38,2,15,0,
proxy_pool,tpcb_steady,100,3,during,2026-05-06T16:55:48.724710+00:00,55,31,5,19,0,
proxy_pool,tpcb_steady,100,3,during,2026-05-06T16:55:49.833177+00:00,54,38,1,15,0,
proxy_pool,tpcb_steady,100,3,during,2026-05-06T16:55:50.946464+00:00,54,46,1,7,0,
proxy_pool,tpcb_steady,100,3,during,2026-05-06T16:55:52.057477+00:00,54,39,1,14,0,
proxy_pool,tpcb_steady,100,3,during,2026-05-06T16:55:53.171367+00:00,54,43,1,10,0,
proxy_pool,tpcb_steady,100,3,during,2026-05-06T16:55:54.282886+00:00,54,32,5,17,0,
proxy_pool,tpcb_steady,100,3,during,2026-05-06T16:55:55.393481+00:00,54,44,1,9,0,
proxy_pool,tpcb_steady,100,3,during,2026-05-06T16:55:56.489797+00:00,54,38,3,13,0,
proxy_pool,tpcb_steady,100,3,during,2026-05-06T16:55:57.616402+00:00,54,47,1,6,0,
proxy_pool,tpcb_steady,100,3,during,2026-05-06T16:55:58.746546+00:00,54,29,6,19,0,
proxy_pool,tpcb_steady,100,3,during,2026-05-06T16:55:59.842645+00:00,54,0,54,0,0,
proxy_pool,tpcb_steady,100,3,after_15s,2026-05-06T16:56:15.147054+00:00,54,0,54,0,0,
proxy_pool,tpcb_steady,100,3,after_30s,2026-05-06T16:56:30.298516+00:00,54,0,54,0,0,
proxy_pool,tpcb_steady,100,3,after_45s,2026-05-06T16:56:45.442936+00:00,54,0,54,0,0,
proxy_pool,tpcb_steady,100,3,after_60s,2026-05-06T16:57:00.703493+00:00,0,0,0,0,0,
proxy_pool,tpcb_steady,100,3,after_90s,2026-05-06T16:57:30.918828+00:00,0,0,0,0,0,
proxy_pool,tpcb_steady,250,1,before,2026-05-06T16:57:37.675080+00:00,1,0,1,0,0,
proxy_pool,tpcb_steady,250,1,during,2026-05-06T16:57:38.820489+00:00,1,0,1,0,0,
proxy_pool,tpcb_steady,250,1,during,2026-05-06T16:57:39.926918+00:00,53,31,3,19,0,
proxy_pool,tpcb_steady,250,1,during,2026-05-06T16:57:41.041229+00:00,53,33,4,16,0,
proxy_pool,tpcb_steady,250,1,during,2026-05-06T16:57:42.153891+00:00,53,37,2,14,0,
proxy_pool,tpcb_steady,250,1,during,2026-05-06T16:57:43.267222+00:00,53,33,6,14,0,
proxy_pool,tpcb_steady,250,1,during,2026-05-06T16:57:44.376364+00:00,53,39,3,11,0,
proxy_pool,tpcb_steady,250,1,during,2026-05-06T16:57:45.488444+00:00,53,42,2,9,0,
proxy_pool,tpcb_steady,250,1,during,2026-05-06T16:57:46.567135+00:00,54,28,5,21,0,
proxy_pool,tpcb_steady,250,1,during,2026-05-06T16:57:47.711091+00:00,54,39,3,12,0,
proxy_pool,tpcb_steady,250,1,during,2026-05-06T16:57:48.826217+00:00,54,36,1,17,0,
proxy_pool,tpcb_steady,250,1,during,2026-05-06T16:57:49.939109+00:00,54,32,4,18,0,
proxy_pool,tpcb_steady,250,1,during,2026-05-06T16:57:51.050190+00:00,54,33,6,15,0,
proxy_pool,tpcb_steady,250,1,during,2026-05-06T16:57:52.161169+00:00,53,32,3,18,0,
proxy_pool,tpcb_steady,250,1,during,2026-05-06T16:57:53.293147+00:00,53,38,4,11,0,
proxy_pool,tpcb_steady,250,1,during,2026-05-06T16:57:54.385865+00:00,53,29,5,19,0,
proxy_pool,tpcb_steady,250,1,during,2026-05-06T16:57:55.484245+00:00,53,41,4,8,0,
proxy_pool,tpcb_steady,250,1,during,2026-05-06T16:57:56.610420+00:00,53,30,4,19,0,
proxy_pool,tpcb_steady,250,1,during,2026-05-06T16:57:57.728131+00:00,53,41,1,11,0,
proxy_pool,tpcb_steady,250,1,during,2026-05-06T16:57:58.833582+00:00,53,31,4,18,0,
proxy_pool,tpcb_steady,250,1,during,2026-05-06T16:57:59.949194+00:00,53,24,7,22,0,
proxy_pool,tpcb_steady,250,1,during,2026-05-06T16:58:01.064168+00:00,53,29,7,17,0,
proxy_pool,tpcb_steady,250,1,during,2026-05-06T16:58:02.170464+00:00,53,35,3,15,0,
proxy_pool,tpcb_steady,250,1,during,2026-05-06T16:58:03.272686+00:00,53,38,3,12,0,
proxy_pool,tpcb_steady,250,1,during,2026-05-06T16:58:04.394185+00:00,53,26,7,20,0,
proxy_pool,tpcb_steady,250,1,during,2026-05-06T16:58:05.505398+00:00,53,44,1,8,0,
proxy_pool,tpcb_steady,250,1,during,2026-05-06T16:58:06.616919+00:00,53,37,2,14,0,
proxy_pool,tpcb_steady,250,1,during,2026-05-06T16:58:07.732962+00:00,53,31,3,19,0,
proxy_pool,tpcb_steady,250,1,during,2026-05-06T16:58:08.842411+00:00,53,26,4,23,0,
proxy_pool,tpcb_steady,250,1,during,2026-05-06T16:58:09.953737+00:00,53,37,2,14,0,
proxy_pool,tpcb_steady,250,1,during,2026-05-06T16:58:11.055712+00:00,53,34,5,14,0,
proxy_pool,tpcb_steady,250,1,during,2026-05-06T16:58:12.181704+00:00,53,29,4,20,0,
proxy_pool,tpcb_steady,250,1,during,2026-05-06T16:58:13.288112+00:00,53,52,0,1,0,
proxy_pool,tpcb_steady,250,1,during,2026-05-06T16:58:14.405333+00:00,53,34,4,15,0,
proxy_pool,tpcb_steady,250,1,during,2026-05-06T16:58:15.655575+00:00,53,34,4,15,0,
proxy_pool,tpcb_steady,250,1,during,2026-05-06T16:58:16.737898+00:00,53,39,3,11,0,
proxy_pool,tpcb_steady,250,1,during,2026-05-06T16:58:17.817050+00:00,53,38,2,13,0,
proxy_pool,tpcb_steady,250,1,during,2026-05-06T16:58:18.895831+00:00,53,35,4,14,0,
proxy_pool,tpcb_steady,250,1,during,2026-05-06T16:58:19.981766+00:00,53,33,6,14,0,
proxy_pool,tpcb_steady,250,1,during,2026-05-06T16:58:21.073747+00:00,53,29,6,18,0,
proxy_pool,tpcb_steady,250,1,during,2026-05-06T16:58:22.185424+00:00,53,43,1,9,0,
proxy_pool,tpcb_steady,250,1,during,2026-05-06T16:58:23.296418+00:00,53,37,2,14,0,
proxy_pool,tpcb_steady,250,1,during,2026-05-06T16:58:24.409226+00:00,53,43,1,9,0,
proxy_pool,tpcb_steady,250,1,during,2026-05-06T16:58:25.690967+00:00,53,35,3,15,0,
proxy_pool,tpcb_steady,250,1,during,2026-05-06T16:58:26.772258+00:00,53,40,3,10,0,
proxy_pool,tpcb_steady,250,1,during,2026-05-06T16:58:27.943210+00:00,53,41,0,12,0,
proxy_pool,tpcb_steady,250,1,during,2026-05-06T16:58:29.180035+00:00,53,43,1,9,0,
proxy_pool,tpcb_steady,250,1,during,2026-05-06T16:58:30.305459+00:00,53,38,4,11,0,
proxy_pool,tpcb_steady,250,1,during,2026-05-06T16:58:31.433074+00:00,53,37,3,13,0,
proxy_pool,tpcb_steady,250,1,during,2026-05-06T16:58:39.415562+00:00,53,0,53,0,0,
proxy_pool,tpcb_steady,250,1,after_15s,2026-05-06T16:58:54.498572+00:00,53,0,53,0,0,
proxy_pool,tpcb_steady,250,1,after_30s,2026-05-06T16:59:09.637767+00:00,53,0,53,0,0,
proxy_pool,tpcb_steady,250,1,after_45s,2026-05-06T16:59:24.781373+00:00,53,0,53,0,0,
proxy_pool,tpcb_steady,250,1,after_60s,2026-05-06T16:59:39.940479+00:00,0,0,0,0,0,
proxy_pool,tpcb_steady,250,1,after_90s,2026-05-06T17:00:10.039740+00:00,0,0,0,0,0,
proxy_pool,tpcb_steady,250,2,before,2026-05-06T17:00:17.620238+00:00,1,0,1,0,0,
proxy_pool,tpcb_steady,250,2,during,2026-05-06T17:00:18.676978+00:00,1,0,1,0,0,
proxy_pool,tpcb_steady,250,2,during,2026-05-06T17:00:19.870593+00:00,73,59,4,10,0,
proxy_pool,tpcb_steady,250,2,during,2026-05-06T17:00:21.098679+00:00,73,55,2,16,0,
proxy_pool,tpcb_steady,250,2,during,2026-05-06T17:00:22.298706+00:00,73,62,4,7,0,
proxy_pool,tpcb_steady,250,2,during,2026-05-06T17:00:23.410459+00:00,73,61,4,8,0,
proxy_pool,tpcb_steady,250,2,during,2026-05-06T17:00:24.520678+00:00,73,48,5,20,0,
proxy_pool,tpcb_steady,250,2,during,2026-05-06T17:00:25.633120+00:00,73,55,7,11,0,
proxy_pool,tpcb_steady,250,2,during,2026-05-06T17:00:26.746646+00:00,73,65,2,6,0,
proxy_pool,tpcb_steady,250,2,during,2026-05-06T17:00:27.860483+00:00,73,60,4,9,0,
proxy_pool,tpcb_steady,250,2,during,2026-05-06T17:00:28.969351+00:00,73,56,2,15,0,
proxy_pool,tpcb_steady,250,2,during,2026-05-06T17:00:30.083116+00:00,73,51,7,15,0,
proxy_pool,tpcb_steady,250,2,during,2026-05-06T17:00:31.194728+00:00,73,54,4,15,0,
proxy_pool,tpcb_steady,250,2,during,2026-05-06T17:00:32.305543+00:00,73,55,3,15,0,
proxy_pool,tpcb_steady,250,2,during,2026-05-06T17:00:33.420001+00:00,73,54,4,15,0,
proxy_pool,tpcb_steady,250,2,during,2026-05-06T17:00:34.539463+00:00,73,57,1,15,0,
proxy_pool,tpcb_steady,250,2,during,2026-05-06T17:00:35.639847+00:00,73,51,6,16,0,
proxy_pool,tpcb_steady,250,2,during,2026-05-06T17:00:36.753484+00:00,73,50,5,18,0,
proxy_pool,tpcb_steady,250,2,during,2026-05-06T17:00:37.866280+00:00,73,63,0,10,0,
proxy_pool,tpcb_steady,250,2,during,2026-05-06T17:00:38.978395+00:00,73,50,4,19,0,
proxy_pool,tpcb_steady,250,2,during,2026-05-06T17:00:40.089998+00:00,73,57,3,13,0,
proxy_pool,tpcb_steady,250,2,during,2026-05-06T17:00:41.201729+00:00,73,52,6,15,0,
proxy_pool,tpcb_steady,250,2,during,2026-05-06T17:00:42.314928+00:00,73,55,3,15,0,
proxy_pool,tpcb_steady,250,2,during,2026-05-06T17:00:43.414433+00:00,73,54,6,13,0,
proxy_pool,tpcb_steady,250,2,during,2026-05-06T17:00:44.532972+00:00,73,50,3,20,0,
proxy_pool,tpcb_steady,250,2,during,2026-05-06T17:00:45.650845+00:00,73,56,4,13,0,
proxy_pool,tpcb_steady,250,2,during,2026-05-06T17:00:46.777510+00:00,74,65,0,9,0,
proxy_pool,tpcb_steady,250,2,during,2026-05-06T17:00:47.874498+00:00,74,63,3,8,0,
proxy_pool,tpcb_steady,250,2,during,2026-05-06T17:00:48.985756+00:00,73,69,1,3,0,
proxy_pool,tpcb_steady,250,2,during,2026-05-06T17:00:50.099457+00:00,73,55,1,17,0,
proxy_pool,tpcb_steady,250,2,during,2026-05-06T17:00:51.205867+00:00,73,53,4,16,0,
proxy_pool,tpcb_steady,250,2,during,2026-05-06T17:00:52.321810+00:00,73,54,3,16,0,
proxy_pool,tpcb_steady,250,2,during,2026-05-06T17:00:53.434162+00:00,73,59,4,10,0,
proxy_pool,tpcb_steady,250,2,during,2026-05-06T17:00:54.546526+00:00,73,63,0,10,0,
proxy_pool,tpcb_steady,250,2,during,2026-05-06T17:00:55.658670+00:00,73,51,7,15,0,
proxy_pool,tpcb_steady,250,2,during,2026-05-06T17:00:56.771081+00:00,73,54,3,16,0,
proxy_pool,tpcb_steady,250,2,during,2026-05-06T17:00:57.880907+00:00,73,54,3,16,0,
proxy_pool,tpcb_steady,250,2,during,2026-05-06T17:00:58.986293+00:00,73,54,6,13,0,
proxy_pool,tpcb_steady,250,2,during,2026-05-06T17:01:00.105419+00:00,73,59,1,13,0,
proxy_pool,tpcb_steady,250,2,during,2026-05-06T17:01:01.218323+00:00,73,52,4,17,0,
proxy_pool,tpcb_steady,250,2,during,2026-05-06T17:01:02.330158+00:00,73,48,7,18,0,
proxy_pool,tpcb_steady,250,2,during,2026-05-06T17:01:03.586647+00:00,73,62,1,10,0,
proxy_pool,tpcb_steady,250,2,during,2026-05-06T17:01:04.670446+00:00,73,55,1,17,0,
proxy_pool,tpcb_steady,250,2,during,2026-05-06T17:01:05.754508+00:00,73,55,5,13,0,
proxy_pool,tpcb_steady,250,2,during,2026-05-06T17:01:06.836868+00:00,73,49,5,19,0,
proxy_pool,tpcb_steady,250,2,during,2026-05-06T17:01:07.922587+00:00,73,43,8,22,0,
proxy_pool,tpcb_steady,250,2,during,2026-05-06T17:01:09.002025+00:00,73,57,8,8,0,
proxy_pool,tpcb_steady,250,2,during,2026-05-06T17:01:10.113765+00:00,73,63,1,9,0,
proxy_pool,tpcb_steady,250,2,during,2026-05-06T17:01:11.226651+00:00,73,61,1,11,0,
proxy_pool,tpcb_steady,250,2,during,2026-05-06T17:01:12.339196+00:00,73,58,2,13,0,
proxy_pool,tpcb_steady,250,2,during,2026-05-06T17:01:13.453465+00:00,73,62,3,8,0,
proxy_pool,tpcb_steady,250,2,during,2026-05-06T17:01:14.539125+00:00,73,58,3,12,0,
proxy_pool,tpcb_steady,250,2,during,2026-05-06T17:01:15.677915+00:00,73,60,6,7,0,
proxy_pool,tpcb_steady,250,2,during,2026-05-06T17:01:16.785745+00:00,73,55,4,14,0,
proxy_pool,tpcb_steady,250,2,after_15s,2026-05-06T17:01:32.981572+00:00,73,0,73,0,0,
proxy_pool,tpcb_steady,250,2,after_30s,2026-05-06T17:01:48.128891+00:00,74,1,73,0,0,
proxy_pool,tpcb_steady,250,2,after_45s,2026-05-06T17:02:03.206440+00:00,73,0,73,0,0,
proxy_pool,tpcb_steady,250,2,after_60s,2026-05-06T17:02:18.541310+00:00,0,0,0,0,0,
proxy_pool,tpcb_steady,250,2,after_90s,2026-05-06T17:02:48.654043+00:00,0,0,0,0,0,
proxy_pool,tpcb_steady,250,3,before,2026-05-06T17:02:55.309608+00:00,1,0,1,0,0,
proxy_pool,tpcb_steady,250,3,during,2026-05-06T17:02:56.404051+00:00,1,0,1,0,0,
proxy_pool,tpcb_steady,250,3,during,2026-05-06T17:02:57.560211+00:00,65,58,0,7,0,
proxy_pool,tpcb_steady,250,3,during,2026-05-06T17:02:58.686815+00:00,65,48,5,12,0,
proxy_pool,tpcb_steady,250,3,during,2026-05-06T17:02:59.816155+00:00,65,48,2,15,0,
proxy_pool,tpcb_steady,250,3,during,2026-05-06T17:03:00.940497+00:00,65,49,3,13,0,
proxy_pool,tpcb_steady,250,3,during,2026-05-06T17:03:02.064913+00:00,65,53,2,10,0,
proxy_pool,tpcb_steady,250,3,during,2026-05-06T17:03:03.295583+00:00,65,49,5,11,0,
proxy_pool,tpcb_steady,250,3,during,2026-05-06T17:03:04.456283+00:00,65,54,1,10,0,
proxy_pool,tpcb_steady,250,3,during,2026-05-06T17:03:05.547699+00:00,65,47,4,14,0,
proxy_pool,tpcb_steady,250,3,during,2026-05-06T17:03:06.673848+00:00,65,53,1,11,0,
proxy_pool,tpcb_steady,250,3,during,2026-05-06T17:03:07.801587+00:00,65,34,7,24,0,
proxy_pool,tpcb_steady,250,3,during,2026-05-06T17:03:09.029723+00:00,65,45,6,14,0,
proxy_pool,tpcb_steady,250,3,during,2026-05-06T17:03:10.209049+00:00,65,50,2,13,0,
proxy_pool,tpcb_steady,250,3,during,2026-05-06T17:03:11.324385+00:00,65,44,1,20,0,
proxy_pool,tpcb_steady,250,3,during,2026-05-06T17:03:12.434758+00:00,65,57,1,7,0,
proxy_pool,tpcb_steady,250,3,during,2026-05-06T17:03:13.536790+00:00,65,47,3,15,0,
proxy_pool,tpcb_steady,250,3,during,2026-05-06T17:03:14.660754+00:00,65,44,5,16,0,
proxy_pool,tpcb_steady,250,3,during,2026-05-06T17:03:15.771751+00:00,65,38,7,20,0,
proxy_pool,tpcb_steady,250,3,during,2026-05-06T17:03:16.883034+00:00,65,47,3,15,0,
proxy_pool,tpcb_steady,250,3,during,2026-05-06T17:03:17.992576+00:00,65,52,2,11,0,
proxy_pool,tpcb_steady,250,3,during,2026-05-06T17:03:19.105015+00:00,65,61,1,3,0,
proxy_pool,tpcb_steady,250,3,during,2026-05-06T17:03:20.218915+00:00,65,41,8,16,0,
proxy_pool,tpcb_steady,250,3,during,2026-05-06T17:03:21.316674+00:00,65,52,2,11,0,
proxy_pool,tpcb_steady,250,3,during,2026-05-06T17:03:22.477258+00:00,65,52,1,12,0,
proxy_pool,tpcb_steady,250,3,during,2026-05-06T17:03:23.565114+00:00,65,51,1,13,0,
proxy_pool,tpcb_steady,250,3,during,2026-05-06T17:03:24.674350+00:00,65,51,2,12,0,
proxy_pool,tpcb_steady,250,3,during,2026-05-06T17:03:25.811256+00:00,65,50,3,12,0,
proxy_pool,tpcb_steady,250,3,during,2026-05-06T17:03:26.898216+00:00,65,49,3,13,0,
proxy_pool,tpcb_steady,250,3,during,2026-05-06T17:03:28.008963+00:00,65,46,4,15,0,
proxy_pool,tpcb_steady,250,3,during,2026-05-06T17:03:29.099722+00:00,65,54,0,11,0,
proxy_pool,tpcb_steady,250,3,during,2026-05-06T17:03:30.232729+00:00,65,53,5,7,0,
proxy_pool,tpcb_steady,250,3,during,2026-05-06T17:03:31.346713+00:00,65,46,5,14,0,
proxy_pool,tpcb_steady,250,3,during,2026-05-06T17:03:32.462437+00:00,65,53,1,11,0,
proxy_pool,tpcb_steady,250,3,during,2026-05-06T17:03:33.570465+00:00,65,55,2,8,0,
proxy_pool,tpcb_steady,250,3,during,2026-05-06T17:03:34.682739+00:00,65,49,2,14,0,
proxy_pool,tpcb_steady,250,3,during,2026-05-06T17:03:35.794047+00:00,65,55,1,9,0,
proxy_pool,tpcb_steady,250,3,during,2026-05-06T17:03:36.911660+00:00,65,53,2,10,0,
proxy_pool,tpcb_steady,250,3,during,2026-05-06T17:03:38.018831+00:00,65,38,9,18,0,
proxy_pool,tpcb_steady,250,3,during,2026-05-06T17:03:39.133029+00:00,65,49,6,10,0,
proxy_pool,tpcb_steady,250,3,during,2026-05-06T17:03:40.241341+00:00,65,45,4,16,0,
proxy_pool,tpcb_steady,250,3,during,2026-05-06T17:03:41.353190+00:00,65,58,0,7,0,
proxy_pool,tpcb_steady,250,3,during,2026-05-06T17:03:42.465728+00:00,65,55,1,9,0,
proxy_pool,tpcb_steady,250,3,during,2026-05-06T17:03:43.577998+00:00,65,46,3,16,0,
proxy_pool,tpcb_steady,250,3,during,2026-05-06T17:03:44.690090+00:00,65,58,1,6,0,
proxy_pool,tpcb_steady,250,3,during,2026-05-06T17:03:45.801294+00:00,65,54,5,6,0,
proxy_pool,tpcb_steady,250,3,during,2026-05-06T17:03:46.917206+00:00,66,48,4,14,0,
proxy_pool,tpcb_steady,250,3,during,2026-05-06T17:03:48.026317+00:00,66,56,0,10,0,
proxy_pool,tpcb_steady,250,3,during,2026-05-06T17:03:49.137405+00:00,65,49,5,11,0,
proxy_pool,tpcb_steady,250,3,during,2026-05-06T17:03:50.250339+00:00,65,54,3,8,0,
proxy_pool,tpcb_steady,250,3,during,2026-05-06T17:03:51.361198+00:00,65,54,0,11,0,
proxy_pool,tpcb_steady,250,3,during,2026-05-06T17:03:52.467231+00:00,65,49,1,15,0,
proxy_pool,tpcb_steady,250,3,during,2026-05-06T17:03:53.586652+00:00,65,42,4,19,0,
proxy_pool,tpcb_steady,250,3,during,2026-05-06T17:03:54.697794+00:00,65,42,6,17,0,
proxy_pool,tpcb_steady,250,3,after_15s,2026-05-06T17:04:10.878477+00:00,65,0,65,0,0,
proxy_pool,tpcb_steady,250,3,after_30s,2026-05-06T17:04:26.025078+00:00,65,0,65,0,0,
proxy_pool,tpcb_steady,250,3,after_45s,2026-05-06T17:04:41.187091+00:00,65,0,65,0,0,
proxy_pool,tpcb_steady,250,3,after_60s,2026-05-06T17:04:56.345378+00:00,0,0,0,0,0,
proxy_pool,tpcb_steady,250,3,after_90s,2026-05-06T17:05:26.446976+00:00,0,0,0,0,0,
proxy_pgcat,readonly_steady,10,1,before,2026-05-06T17:05:33.724509+00:00,1,0,1,0,0,
proxy_pgcat,readonly_steady,10,1,during,2026-05-06T17:05:34.777723+00:00,10,0,10,0,0,
proxy_pgcat,readonly_steady,10,1,during,2026-05-06T17:05:35.862902+00:00,10,0,10,0,0,
proxy_pgcat,readonly_steady,10,1,during,2026-05-06T17:05:36.999926+00:00,10,3,7,0,0,
proxy_pgcat,readonly_steady,10,1,during,2026-05-06T17:05:38.119278+00:00,10,3,7,0,0,
proxy_pgcat,readonly_steady,10,1,during,2026-05-06T17:05:39.223799+00:00,10,0,10,0,0,
proxy_pgcat,readonly_steady,10,1,during,2026-05-06T17:05:40.335997+00:00,10,0,10,0,0,
proxy_pgcat,readonly_steady,10,1,during,2026-05-06T17:05:41.449630+00:00,10,1,9,0,0,
proxy_pgcat,readonly_steady,10,1,during,2026-05-06T17:05:42.562478+00:00,10,2,8,0,0,
proxy_pgcat,readonly_steady,10,1,during,2026-05-06T17:05:43.645724+00:00,10,0,10,0,0,
proxy_pgcat,readonly_steady,10,1,during,2026-05-06T17:05:44.786551+00:00,10,0,10,0,0,
proxy_pgcat,readonly_steady,10,1,during,2026-05-06T17:05:45.898022+00:00,10,0,10,0,0,
proxy_pgcat,readonly_steady,10,1,during,2026-05-06T17:05:47.010834+00:00,10,4,6,0,0,
proxy_pgcat,readonly_steady,10,1,during,2026-05-06T17:05:48.119735+00:00,10,1,9,0,0,
proxy_pgcat,readonly_steady,10,1,during,2026-05-06T17:05:49.234999+00:00,10,2,8,0,0,
proxy_pgcat,readonly_steady,10,1,during,2026-05-06T17:05:50.343824+00:00,10,0,10,0,0,
proxy_pgcat,readonly_steady,10,1,during,2026-05-06T17:05:51.431412+00:00,10,0,10,0,0,
proxy_pgcat,readonly_steady,10,1,during,2026-05-06T17:05:52.518451+00:00,10,0,10,0,0,
proxy_pgcat,readonly_steady,10,1,during,2026-05-06T17:05:53.685075+00:00,10,1,9,0,0,
proxy_pgcat,readonly_steady,10,1,during,2026-05-06T17:05:54.793863+00:00,10,2,8,0,0,
proxy_pgcat,readonly_steady,10,1,during,2026-05-06T17:05:55.904104+00:00,10,0,10,0,0,
proxy_pgcat,readonly_steady,10,1,during,2026-05-06T17:05:57.015458+00:00,10,0,10,0,0,
proxy_pgcat,readonly_steady,10,1,during,2026-05-06T17:05:58.130110+00:00,10,0,10,0,0,
proxy_pgcat,readonly_steady,10,1,during,2026-05-06T17:05:59.210566+00:00,10,0,10,0,0,
proxy_pgcat,readonly_steady,10,1,during,2026-05-06T17:06:00.352493+00:00,10,1,9,0,0,
proxy_pgcat,readonly_steady,10,1,during,2026-05-06T17:06:01.463163+00:00,10,3,7,0,0,
proxy_pgcat,readonly_steady,10,1,during,2026-05-06T17:06:02.529087+00:00,10,1,9,0,0,
proxy_pgcat,readonly_steady,10,1,during,2026-05-06T17:06:03.689193+00:00,10,1,9,0,0,
proxy_pgcat,readonly_steady,10,1,during,2026-05-06T17:06:04.802133+00:00,10,5,5,0,0,
proxy_pgcat,readonly_steady,10,1,during,2026-05-06T17:06:05.911261+00:00,10,3,7,0,0,
proxy_pgcat,readonly_steady,10,1,during,2026-05-06T17:06:06.991753+00:00,10,2,8,0,0,
proxy_pgcat,readonly_steady,10,1,during,2026-05-06T17:06:08.134953+00:00,10,1,9,0,0,
proxy_pgcat,readonly_steady,10,1,during,2026-05-06T17:06:09.222531+00:00,10,0,10,0,0,
proxy_pgcat,readonly_steady,10,1,during,2026-05-06T17:06:10.360355+00:00,10,3,7,0,0,
proxy_pgcat,readonly_steady,10,1,during,2026-05-06T17:06:11.471252+00:00,10,0,10,0,0,
proxy_pgcat,readonly_steady,10,1,during,2026-05-06T17:06:12.584110+00:00,10,0,10,0,0,
proxy_pgcat,readonly_steady,10,1,during,2026-05-06T17:06:13.711114+00:00,10,1,9,0,0,
proxy_pgcat,readonly_steady,10,1,during,2026-05-06T17:06:14.807341+00:00,10,0,10,0,0,
proxy_pgcat,readonly_steady,10,1,during,2026-05-06T17:06:15.924856+00:00,10,0,10,0,0,
proxy_pgcat,readonly_steady,10,1,during,2026-05-06T17:06:17.027953+00:00,10,3,7,0,0,
proxy_pgcat,readonly_steady,10,1,during,2026-05-06T17:06:18.143589+00:00,10,0,10,0,0,
proxy_pgcat,readonly_steady,10,1,during,2026-05-06T17:06:19.255310+00:00,10,0,10,0,0,
proxy_pgcat,readonly_steady,10,1,during,2026-05-06T17:06:20.367719+00:00,10,0,10,0,0,
proxy_pgcat,readonly_steady,10,1,during,2026-05-06T17:06:21.482316+00:00,10,1,9,0,0,
proxy_pgcat,readonly_steady,10,1,during,2026-05-06T17:06:22.549354+00:00,10,0,10,0,0,
proxy_pgcat,readonly_steady,10,1,during,2026-05-06T17:06:23.705376+00:00,10,0,10,0,0,
proxy_pgcat,readonly_steady,10,1,during,2026-05-06T17:06:24.809773+00:00,10,2,8,0,0,
proxy_pgcat,readonly_steady,10,1,during,2026-05-06T17:06:25.928301+00:00,10,0,10,0,0,
proxy_pgcat,readonly_steady,10,1,during,2026-05-06T17:06:27.039936+00:00,10,1,9,0,0,
proxy_pgcat,readonly_steady,10,1,during,2026-05-06T17:06:28.152313+00:00,10,1,9,0,0,
proxy_pgcat,readonly_steady,10,1,during,2026-05-06T17:06:29.263827+00:00,10,2,8,0,0,
proxy_pgcat,readonly_steady,10,1,during,2026-05-06T17:06:30.338044+00:00,10,0,10,0,0,
proxy_pgcat,readonly_steady,10,1,during,2026-05-06T17:06:31.489376+00:00,10,0,10,0,0,
proxy_pgcat,readonly_steady,10,1,during,2026-05-06T17:06:32.600313+00:00,10,0,10,0,0,
proxy_pgcat,readonly_steady,10,1,during,2026-05-06T17:06:33.712502+00:00,10,0,10,0,0,
proxy_pgcat,readonly_steady,10,1,after_15s,2026-05-06T17:06:49.329156+00:00,10,0,10,0,0,
proxy_pgcat,readonly_steady,10,1,after_30s,2026-05-06T17:07:04.458799+00:00,10,0,10,0,0,
proxy_pgcat,readonly_steady,10,1,after_45s,2026-05-06T17:07:19.597837+00:00,10,0,10,0,0,
proxy_pgcat,readonly_steady,10,1,after_60s,2026-05-06T17:07:34.850413+00:00,10,0,10,0,0,
proxy_pgcat,readonly_steady,10,1,after_90s,2026-05-06T17:08:04.921928+00:00,10,0,10,0,0,
proxy_pgcat,readonly_steady,10,2,before,2026-05-06T17:08:11.572929+00:00,1,0,1,0,0,
proxy_pgcat,readonly_steady,10,2,during,2026-05-06T17:08:12.636500+00:00,10,0,10,0,0,
proxy_pgcat,readonly_steady,10,2,during,2026-05-06T17:08:13.760072+00:00,10,4,6,0,0,
proxy_pgcat,readonly_steady,10,2,during,2026-05-06T17:08:14.903512+00:00,10,3,7,0,0,
proxy_pgcat,readonly_steady,10,2,during,2026-05-06T17:08:16.011635+00:00,10,0,10,0,0,
proxy_pgcat,readonly_steady,10,2,during,2026-05-06T17:08:17.131827+00:00,10,0,10,0,0,
proxy_pgcat,readonly_steady,10,2,during,2026-05-06T17:08:18.242491+00:00,10,1,9,0,0,
proxy_pgcat,readonly_steady,10,2,during,2026-05-06T17:08:19.352807+00:00,10,1,9,0,0,
proxy_pgcat,readonly_steady,10,2,during,2026-05-06T17:08:20.463057+00:00,10,1,9,0,0,
proxy_pgcat,readonly_steady,10,2,during,2026-05-06T17:08:21.541190+00:00,10,0,10,0,0,
proxy_pgcat,readonly_steady,10,2,during,2026-05-06T17:08:22.668076+00:00,10,1,9,0,0,
proxy_pgcat,readonly_steady,10,2,during,2026-05-06T17:08:23.793058+00:00,10,0,10,0,0,
proxy_pgcat,readonly_steady,10,2,during,2026-05-06T17:08:24.911996+00:00,10,0,10,0,0,
proxy_pgcat,readonly_steady,10,2,during,2026-05-06T17:08:26.023363+00:00,10,3,7,0,0,
proxy_pgcat,readonly_steady,10,2,during,2026-05-06T17:08:27.136523+00:00,10,0,10,0,0,
proxy_pgcat,readonly_steady,10,2,during,2026-05-06T17:08:28.249055+00:00,10,0,10,0,0,
proxy_pgcat,readonly_steady,10,2,during,2026-05-06T17:08:29.323686+00:00,10,4,6,0,0,
proxy_pgcat,readonly_steady,10,2,during,2026-05-06T17:08:30.470208+00:00,10,1,9,0,0,
proxy_pgcat,readonly_steady,10,2,during,2026-05-06T17:08:31.576071+00:00,10,0,10,0,0,
proxy_pgcat,readonly_steady,10,2,during,2026-05-06T17:08:32.704774+00:00,10,0,10,0,0,
proxy_pgcat,readonly_steady,10,2,during,2026-05-06T17:08:33.816438+00:00,10,3,7,0,0,
proxy_pgcat,readonly_steady,10,2,during,2026-05-06T17:08:34.927509+00:00,10,1,9,0,0,
proxy_pgcat,readonly_steady,10,2,during,2026-05-06T17:08:36.039223+00:00,10,0,10,0,0,
proxy_pgcat,readonly_steady,10,2,during,2026-05-06T17:08:37.152555+00:00,10,0,10,0,0,
proxy_pgcat,readonly_steady,10,2,during,2026-05-06T17:08:38.264866+00:00,10,0,10,0,0,
proxy_pgcat,readonly_steady,10,2,during,2026-05-06T17:08:39.359685+00:00,10,0,10,0,0,
proxy_pgcat,readonly_steady,10,2,during,2026-05-06T17:08:40.454611+00:00,10,0,10,0,0,
proxy_pgcat,readonly_steady,10,2,during,2026-05-06T17:08:41.599774+00:00,10,4,6,0,0,
proxy_pgcat,readonly_steady,10,2,during,2026-05-06T17:08:42.711655+00:00,10,1,9,0,0,
proxy_pgcat,readonly_steady,10,2,during,2026-05-06T17:08:43.824374+00:00,10,4,6,0,0,
proxy_pgcat,readonly_steady,10,2,during,2026-05-06T17:08:44.935314+00:00,10,0,10,0,0,
proxy_pgcat,readonly_steady,10,2,during,2026-05-06T17:08:46.047494+00:00,10,3,7,0,0,
proxy_pgcat,readonly_steady,10,2,during,2026-05-06T17:08:47.140199+00:00,10,0,10,0,0,
proxy_pgcat,readonly_steady,10,2,during,2026-05-06T17:08:48.274131+00:00,10,3,7,0,0,
proxy_pgcat,readonly_steady,10,2,during,2026-05-06T17:08:49.383562+00:00,10,0,10,0,0,
proxy_pgcat,readonly_steady,10,2,during,2026-05-06T17:08:50.495736+00:00,10,1,9,0,0,
proxy_pgcat,readonly_steady,10,2,during,2026-05-06T17:08:51.600911+00:00,10,0,10,0,0,
proxy_pgcat,readonly_steady,10,2,during,2026-05-06T17:08:52.719722+00:00,10,1,9,0,0,
proxy_pgcat,readonly_steady,10,2,during,2026-05-06T17:08:53.833940+00:00,10,2,8,0,0,
proxy_pgcat,readonly_steady,10,2,during,2026-05-06T17:08:54.922082+00:00,10,0,10,0,0,
proxy_pgcat,readonly_steady,10,2,during,2026-05-06T17:08:56.058423+00:00,10,2,8,0,0,
proxy_pgcat,readonly_steady,10,2,during,2026-05-06T17:08:57.167793+00:00,10,4,6,0,0,
proxy_pgcat,readonly_steady,10,2,during,2026-05-06T17:08:58.279685+00:00,10,0,10,0,0,
proxy_pgcat,readonly_steady,10,2,during,2026-05-06T17:08:59.391794+00:00,10,0,10,0,0,
proxy_pgcat,readonly_steady,10,2,during,2026-05-06T17:09:00.503134+00:00,10,3,7,0,0,
proxy_pgcat,readonly_steady,10,2,during,2026-05-06T17:09:01.621830+00:00,10,5,5,0,0,
proxy_pgcat,readonly_steady,10,2,during,2026-05-06T17:09:02.704455+00:00,10,0,10,0,0,
proxy_pgcat,readonly_steady,10,2,during,2026-05-06T17:09:03.841902+00:00,10,0,10,0,0,
proxy_pgcat,readonly_steady,10,2,during,2026-05-06T17:09:04.957296+00:00,10,0,10,0,0,
proxy_pgcat,readonly_steady,10,2,during,2026-05-06T17:09:06.064235+00:00,10,0,10,0,0,
proxy_pgcat,readonly_steady,10,2,during,2026-05-06T17:09:07.175799+00:00,10,2,8,0,0,
proxy_pgcat,readonly_steady,10,2,during,2026-05-06T17:09:08.289166+00:00,10,0,10,0,0,
proxy_pgcat,readonly_steady,10,2,during,2026-05-06T17:09:09.401783+00:00,10,2,8,0,0,
proxy_pgcat,readonly_steady,10,2,during,2026-05-06T17:09:10.466101+00:00,10,1,9,0,0,
proxy_pgcat,readonly_steady,10,2,during,2026-05-06T17:09:11.636801+00:00,10,0,10,0,0,
proxy_pgcat,readonly_steady,10,2,after_15s,2026-05-06T17:09:32.211415+00:00,10,0,10,0,0,
proxy_pgcat,readonly_steady,10,2,after_30s,2026-05-06T17:09:48.163253+00:00,10,0,10,0,0,
proxy_pgcat,readonly_steady,10,2,after_45s,2026-05-06T17:10:03.326291+00:00,10,0,10,0,0,
proxy_pgcat,readonly_steady,10,2,after_60s,2026-05-06T17:10:18.396268+00:00,10,0,10,0,0,
proxy_pgcat,readonly_steady,10,2,after_90s,2026-05-06T17:10:53.600818+00:00,10,0,10,0,0,
proxy_pgcat,readonly_steady,10,3,before,2026-05-06T17:11:00.053281+00:00,1,0,1,0,0,
proxy_pgcat,readonly_steady,10,3,during,2026-05-06T17:11:01.281146+00:00,10,0,10,0,0,
proxy_pgcat,readonly_steady,10,3,during,2026-05-06T17:11:02.470900+00:00,10,1,9,0,0,
proxy_pgcat,readonly_steady,10,3,during,2026-05-06T17:11:03.738335+00:00,10,0,10,0,0,
proxy_pgcat,readonly_steady,10,3,during,2026-05-06T17:11:04.966384+00:00,10,1,9,0,0,
proxy_pgcat,readonly_steady,10,3,during,2026-05-06T17:11:06.158940+00:00,10,1,9,0,0,
proxy_pgcat,readonly_steady,10,3,during,2026-05-06T17:11:07.272547+00:00,10,4,6,0,0,
proxy_pgcat,readonly_steady,10,3,during,2026-05-06T17:11:08.382808+00:00,10,0,10,0,0,
proxy_pgcat,readonly_steady,10,3,during,2026-05-06T17:11:09.470705+00:00,10,0,10,0,0,
proxy_pgcat,readonly_steady,10,3,during,2026-05-06T17:11:10.597432+00:00,10,0,10,0,0,
proxy_pgcat,readonly_steady,10,3,during,2026-05-06T17:11:11.719741+00:00,10,0,10,0,0,
proxy_pgcat,readonly_steady,10,3,during,2026-05-06T17:11:12.830953+00:00,10,0,10,0,0,
proxy_pgcat,readonly_steady,10,3,during,2026-05-06T17:11:13.942967+00:00,10,2,8,0,0,
proxy_pgcat,readonly_steady,10,3,during,2026-05-06T17:11:15.055287+00:00,10,0,10,0,0,
proxy_pgcat,readonly_steady,10,3,during,2026-05-06T17:11:16.167472+00:00,10,0,10,0,0,
proxy_pgcat,readonly_steady,10,3,during,2026-05-06T17:11:17.252848+00:00,10,0,10,0,0,
proxy_pgcat,readonly_steady,10,3,during,2026-05-06T17:11:18.390950+00:00,10,0,10,0,0,
proxy_pgcat,readonly_steady,10,3,during,2026-05-06T17:11:19.507736+00:00,10,2,8,0,0,
proxy_pgcat,readonly_steady,10,3,during,2026-05-06T17:11:20.616694+00:00,10,0,10,0,0,
proxy_pgcat,readonly_steady,10,3,during,2026-05-06T17:11:21.731545+00:00,10,0,10,0,0,
proxy_pgcat,readonly_steady,10,3,during,2026-05-06T17:11:22.840431+00:00,10,0,10,0,0,
proxy_pgcat,readonly_steady,10,3,during,2026-05-06T17:11:23.952443+00:00,10,4,6,0,0,
proxy_pgcat,readonly_steady,10,3,during,2026-05-06T17:11:25.064063+00:00,10,0,10,0,0,
proxy_pgcat,readonly_steady,10,3,during,2026-05-06T17:11:26.176376+00:00,10,0,10,0,0,
proxy_pgcat,readonly_steady,10,3,during,2026-05-06T17:11:27.288074+00:00,10,1,9,0,0,
proxy_pgcat,readonly_steady,10,3,during,2026-05-06T17:11:28.400667+00:00,10,0,10,0,0,
proxy_pgcat,readonly_steady,10,3,during,2026-05-06T17:11:29.465044+00:00,10,0,10,0,0,
proxy_pgcat,readonly_steady,10,3,during,2026-05-06T17:11:30.564603+00:00,10,0,10,0,0,
proxy_pgcat,readonly_steady,10,3,during,2026-05-06T17:11:31.735001+00:00,10,2,8,0,0,
proxy_pgcat,readonly_steady,10,3,during,2026-05-06T17:11:32.817362+00:00,10,0,10,0,0,
proxy_pgcat,readonly_steady,10,3,during,2026-05-06T17:11:33.959439+00:00,10,0,10,0,0,
proxy_pgcat,readonly_steady,10,3,during,2026-05-06T17:11:35.069794+00:00,10,1,9,0,0,
proxy_pgcat,readonly_steady,10,3,during,2026-05-06T17:11:36.183806+00:00,10,0,10,0,0,
proxy_pgcat,readonly_steady,10,3,during,2026-05-06T17:11:37.300043+00:00,10,2,8,0,0,
proxy_pgcat,readonly_steady,10,3,during,2026-05-06T17:11:38.408328+00:00,10,2,8,0,0,
proxy_pgcat,readonly_steady,10,3,during,2026-05-06T17:11:39.520955+00:00,10,1,9,0,0,
proxy_pgcat,readonly_steady,10,3,during,2026-05-06T17:11:40.598813+00:00,10,0,10,0,0,
proxy_pgcat,readonly_steady,10,3,during,2026-05-06T17:11:41.747371+00:00,10,0,10,0,0,
proxy_pgcat,readonly_steady,10,3,during,2026-05-06T17:11:42.858798+00:00,10,1,9,0,0,
proxy_pgcat,readonly_steady,10,3,during,2026-05-06T17:11:43.968107+00:00,10,0,10,0,0,
proxy_pgcat,readonly_steady,10,3,during,2026-05-06T17:11:45.079211+00:00,10,0,10,0,0,
proxy_pgcat,readonly_steady,10,3,during,2026-05-06T17:11:46.191665+00:00,10,0,10,0,0,
proxy_pgcat,readonly_steady,10,3,during,2026-05-06T17:11:47.304000+00:00,10,5,5,0,0,
proxy_pgcat,readonly_steady,10,3,during,2026-05-06T17:11:48.381377+00:00,10,0,10,0,0,
proxy_pgcat,readonly_steady,10,3,during,2026-05-06T17:11:49.527562+00:00,10,0,10,0,0,
proxy_pgcat,readonly_steady,10,3,during,2026-05-06T17:11:50.634384+00:00,10,0,10,0,0,
proxy_pgcat,readonly_steady,10,3,during,2026-05-06T17:11:51.751154+00:00,10,0,10,0,0,
proxy_pgcat,readonly_steady,10,3,during,2026-05-06T17:11:52.864370+00:00,10,0,10,0,0,
proxy_pgcat,readonly_steady,10,3,during,2026-05-06T17:11:53.975739+00:00,10,0,10,0,0,
proxy_pgcat,readonly_steady,10,3,during,2026-05-06T17:11:55.086654+00:00,10,0,10,0,0,
proxy_pgcat,readonly_steady,10,3,during,2026-05-06T17:11:56.163134+00:00,10,0,10,0,0,
proxy_pgcat,readonly_steady,10,3,during,2026-05-06T17:11:57.311800+00:00,10,1,9,0,0,
proxy_pgcat,readonly_steady,10,3,during,2026-05-06T17:11:58.409869+00:00,10,2,8,0,0,
proxy_pgcat,readonly_steady,10,3,during,2026-05-06T17:11:59.536166+00:00,10,6,4,0,0,
proxy_pgcat,readonly_steady,10,3,during,2026-05-06T17:12:00.784560+00:00,10,0,10,0,0,
proxy_pgcat,readonly_steady,10,3,after_15s,2026-05-06T17:12:16.030963+00:00,10,0,10,0,0,
proxy_pgcat,readonly_steady,10,3,after_30s,2026-05-06T17:12:31.183941+00:00,10,0,10,0,0,
proxy_pgcat,readonly_steady,10,3,after_45s,2026-05-06T17:12:46.255839+00:00,10,0,10,0,0,
proxy_pgcat,readonly_steady,10,3,after_60s,2026-05-06T17:13:01.499831+00:00,10,0,10,0,0,
proxy_pgcat,readonly_steady,10,3,after_90s,2026-05-06T17:13:31.600103+00:00,10,0,10,0,0,
proxy_pgcat,readonly_steady,50,1,before,2026-05-06T17:13:38.166620+00:00,1,0,1,0,0,
proxy_pgcat,readonly_steady,50,1,during,2026-05-06T17:13:39.382328+00:00,50,1,49,0,0,
proxy_pgcat,readonly_steady,50,1,during,2026-05-06T17:13:40.487835+00:00,50,2,48,0,0,
proxy_pgcat,readonly_steady,50,1,during,2026-05-06T17:13:41.634089+00:00,50,3,47,0,0,
proxy_pgcat,readonly_steady,50,1,during,2026-05-06T17:13:42.860766+00:00,50,2,48,0,0,
proxy_pgcat,readonly_steady,50,1,during,2026-05-06T17:13:44.076104+00:00,50,3,47,0,0,
proxy_pgcat,readonly_steady,50,1,during,2026-05-06T17:13:45.184224+00:00,50,0,50,0,0,
proxy_pgcat,readonly_steady,50,1,during,2026-05-06T17:13:46.284828+00:00,50,3,47,0,0,
proxy_pgcat,readonly_steady,50,1,during,2026-05-06T17:13:47.408506+00:00,50,4,46,0,0,
proxy_pgcat,readonly_steady,50,1,during,2026-05-06T17:13:48.486549+00:00,50,1,49,0,0,
proxy_pgcat,readonly_steady,50,1,during,2026-05-06T17:13:49.621529+00:00,50,1,49,0,0,
proxy_pgcat,readonly_steady,50,1,during,2026-05-06T17:13:50.746538+00:00,50,4,46,0,0,
proxy_pgcat,readonly_steady,50,1,during,2026-05-06T17:13:51.858477+00:00,50,0,50,0,0,
proxy_pgcat,readonly_steady,50,1,during,2026-05-06T17:13:52.968927+00:00,50,2,48,0,0,
proxy_pgcat,readonly_steady,50,1,during,2026-05-06T17:13:54.081393+00:00,50,1,49,0,0,
proxy_pgcat,readonly_steady,50,1,during,2026-05-06T17:13:55.194092+00:00,50,1,49,0,0,
proxy_pgcat,readonly_steady,50,1,during,2026-05-06T17:13:56.305992+00:00,50,0,50,0,0,
proxy_pgcat,readonly_steady,50,1,during,2026-05-06T17:13:57.382492+00:00,50,3,47,0,0,
proxy_pgcat,readonly_steady,50,1,during,2026-05-06T17:13:58.531692+00:00,50,3,47,0,0,
proxy_pgcat,readonly_steady,50,1,during,2026-05-06T17:13:59.646476+00:00,50,1,49,0,0,
proxy_pgcat,readonly_steady,50,1,during,2026-05-06T17:14:00.751933+00:00,50,1,49,0,0,
proxy_pgcat,readonly_steady,50,1,during,2026-05-06T17:14:01.867425+00:00,50,4,46,0,0,
proxy_pgcat,readonly_steady,50,1,during,2026-05-06T17:14:02.978041+00:00,50,0,50,0,0,
proxy_pgcat,readonly_steady,50,1,during,2026-05-06T17:14:04.087486+00:00,50,1,49,0,0,
proxy_pgcat,readonly_steady,50,1,during,2026-05-06T17:14:05.183824+00:00,50,1,49,0,0,
proxy_pgcat,readonly_steady,50,1,during,2026-05-06T17:14:06.313810+00:00,50,1,49,0,0,
proxy_pgcat,readonly_steady,50,1,during,2026-05-06T17:14:07.427360+00:00,50,2,48,0,0,
proxy_pgcat,readonly_steady,50,1,during,2026-05-06T17:14:08.505978+00:00,50,1,49,0,0,
proxy_pgcat,readonly_steady,50,1,during,2026-05-06T17:14:09.649568+00:00,50,1,49,0,0,
proxy_pgcat,readonly_steady,50,1,during,2026-05-06T17:14:10.777211+00:00,50,2,48,0,0,
proxy_pgcat,readonly_steady,50,1,during,2026-05-06T17:14:11.874297+00:00,50,1,49,0,0,
proxy_pgcat,readonly_steady,50,1,during,2026-05-06T17:14:12.965665+00:00,50,1,49,0,0,
proxy_pgcat,readonly_steady,50,1,during,2026-05-06T17:14:14.097332+00:00,50,3,47,0,0,
proxy_pgcat,readonly_steady,50,1,during,2026-05-06T17:14:15.209274+00:00,50,1,49,0,0,
proxy_pgcat,readonly_steady,50,1,during,2026-05-06T17:14:16.322362+00:00,50,3,47,0,0,
proxy_pgcat,readonly_steady,50,1,during,2026-05-06T17:14:17.435008+00:00,50,0,50,0,0,
proxy_pgcat,readonly_steady,50,1,during,2026-05-06T17:14:18.544964+00:00,50,3,47,0,0,
proxy_pgcat,readonly_steady,50,1,during,2026-05-06T17:14:19.666223+00:00,50,0,50,0,0,
proxy_pgcat,readonly_steady,50,1,during,2026-05-06T17:14:20.769956+00:00,50,2,48,0,0,
proxy_pgcat,readonly_steady,50,1,during,2026-05-06T17:14:21.881592+00:00,50,2,48,0,0,
proxy_pgcat,readonly_steady,50,1,during,2026-05-06T17:14:22.993312+00:00,50,2,48,0,0,
proxy_pgcat,readonly_steady,50,1,during,2026-05-06T17:14:24.105933+00:00,50,1,49,0,0,
proxy_pgcat,readonly_steady,50,1,during,2026-05-06T17:14:25.220800+00:00,50,2,48,0,0,
proxy_pgcat,readonly_steady,50,1,during,2026-05-06T17:14:26.329230+00:00,50,1,49,0,0,
proxy_pgcat,readonly_steady,50,1,during,2026-05-06T17:14:27.440601+00:00,50,1,49,0,0,
proxy_pgcat,readonly_steady,50,1,during,2026-05-06T17:14:28.521389+00:00,50,0,50,0,0,
proxy_pgcat,readonly_steady,50,1,during,2026-05-06T17:14:29.669507+00:00,50,1,49,0,0,
proxy_pgcat,readonly_steady,50,1,during,2026-05-06T17:14:30.779231+00:00,50,2,48,0,0,
proxy_pgcat,readonly_steady,50,1,during,2026-05-06T17:14:31.892685+00:00,50,0,50,0,0,
proxy_pgcat,readonly_steady,50,1,during,2026-05-06T17:14:33.004010+00:00,50,1,49,0,0,
proxy_pgcat,readonly_steady,50,1,during,2026-05-06T17:14:34.112850+00:00,50,1,49,0,0,
proxy_pgcat,readonly_steady,50,1,during,2026-05-06T17:14:35.228340+00:00,50,3,47,0,0,
proxy_pgcat,readonly_steady,50,1,during,2026-05-06T17:14:36.311788+00:00,50,9,41,0,0,
proxy_pgcat,readonly_steady,50,1,during,2026-05-06T17:14:37.432802+00:00,50,1,49,0,0,
proxy_pgcat,readonly_steady,50,1,during,2026-05-06T17:14:38.527584+00:00,50,0,50,0,0,
proxy_pgcat,readonly_steady,50,1,during,2026-05-06T17:14:39.999576+00:00,50,0,50,0,0,
proxy_pgcat,readonly_steady,50,1,after_15s,2026-05-06T17:14:55.156703+00:00,50,0,50,0,0,
proxy_pgcat,readonly_steady,50,1,after_30s,2026-05-06T17:15:10.315075+00:00,50,0,50,0,0,
proxy_pgcat,readonly_steady,50,1,after_45s,2026-05-06T17:15:25.457055+00:00,50,0,50,0,0,
proxy_pgcat,readonly_steady,50,1,after_60s,2026-05-06T17:15:40.553652+00:00,50,0,50,0,0,
proxy_pgcat,readonly_steady,50,1,after_90s,2026-05-06T17:16:10.724755+00:00,50,0,50,0,0,
proxy_pgcat,readonly_steady,50,2,before,2026-05-06T17:16:17.277847+00:00,1,0,1,0,0,
proxy_pgcat,readonly_steady,50,2,during,2026-05-06T17:16:18.599094+00:00,50,6,44,0,0,
proxy_pgcat,readonly_steady,50,2,during,2026-05-06T17:16:19.736144+00:00,50,0,50,0,0,
proxy_pgcat,readonly_steady,50,2,during,2026-05-06T17:16:20.849586+00:00,50,1,49,0,0,
proxy_pgcat,readonly_steady,50,2,during,2026-05-06T17:16:21.961417+00:00,50,0,50,0,0,
proxy_pgcat,readonly_steady,50,2,during,2026-05-06T17:16:23.072895+00:00,50,3,47,0,0,
proxy_pgcat,readonly_steady,50,2,during,2026-05-06T17:16:24.185393+00:00,50,2,48,0,0,
proxy_pgcat,readonly_steady,50,2,during,2026-05-06T17:16:25.297345+00:00,50,3,47,0,0,
proxy_pgcat,readonly_steady,50,2,during,2026-05-06T17:16:26.410995+00:00,50,0,50,0,0,
proxy_pgcat,readonly_steady,50,2,during,2026-05-06T17:16:27.520143+00:00,50,1,49,0,0,
proxy_pgcat,readonly_steady,50,2,during,2026-05-06T17:16:28.633172+00:00,50,2,48,0,0,
proxy_pgcat,readonly_steady,50,2,during,2026-05-06T17:16:29.722465+00:00,50,3,47,0,0,
proxy_pgcat,readonly_steady,50,2,during,2026-05-06T17:16:30.859023+00:00,50,3,47,0,0,
proxy_pgcat,readonly_steady,50,2,during,2026-05-06T17:16:31.968272+00:00,50,1,49,0,0,
proxy_pgcat,readonly_steady,50,2,during,2026-05-06T17:16:33.082342+00:00,50,2,48,0,0,
proxy_pgcat,readonly_steady,50,2,during,2026-05-06T17:16:34.192791+00:00,50,0,50,0,0,
proxy_pgcat,readonly_steady,50,2,during,2026-05-06T17:16:35.307073+00:00,50,3,47,0,0,
proxy_pgcat,readonly_steady,50,2,during,2026-05-06T17:16:36.417644+00:00,50,2,48,0,0,
proxy_pgcat,readonly_steady,50,2,during,2026-05-06T17:16:37.532382+00:00,50,3,47,0,0,
proxy_pgcat,readonly_steady,50,2,during,2026-05-06T17:16:38.642400+00:00,50,2,48,0,0,
proxy_pgcat,readonly_steady,50,2,during,2026-05-06T17:16:39.752802+00:00,50,1,49,0,0,
proxy_pgcat,readonly_steady,50,2,during,2026-05-06T17:16:40.842223+00:00,50,0,50,0,0,
proxy_pgcat,readonly_steady,50,2,during,2026-05-06T17:16:41.979664+00:00,50,0,50,0,0,
proxy_pgcat,readonly_steady,50,2,during,2026-05-06T17:16:43.087791+00:00,50,2,48,0,0,
proxy_pgcat,readonly_steady,50,2,during,2026-05-06T17:16:44.201016+00:00,50,1,49,0,0,
proxy_pgcat,readonly_steady,50,2,during,2026-05-06T17:16:45.314435+00:00,50,0,50,0,0,
proxy_pgcat,readonly_steady,50,2,during,2026-05-06T17:16:46.426180+00:00,50,2,48,0,0,
proxy_pgcat,readonly_steady,50,2,during,2026-05-06T17:16:47.538606+00:00,50,3,47,0,0,
proxy_pgcat,readonly_steady,50,2,during,2026-05-06T17:16:48.631418+00:00,50,2,48,0,0,
proxy_pgcat,readonly_steady,50,2,during,2026-05-06T17:16:49.759388+00:00,50,2,48,0,0,
proxy_pgcat,readonly_steady,50,2,during,2026-05-06T17:16:50.871931+00:00,50,2,48,0,0,
proxy_pgcat,readonly_steady,50,2,during,2026-05-06T17:16:51.984101+00:00,50,2,48,0,0,
proxy_pgcat,readonly_steady,50,2,during,2026-05-06T17:16:53.096095+00:00,50,0,50,0,0,
proxy_pgcat,readonly_steady,50,2,during,2026-05-06T17:16:54.212614+00:00,50,1,49,0,0,
proxy_pgcat,readonly_steady,50,2,during,2026-05-06T17:16:55.322056+00:00,50,2,48,0,0,
proxy_pgcat,readonly_steady,50,2,during,2026-05-06T17:16:56.417497+00:00,50,0,50,0,0,
proxy_pgcat,readonly_steady,50,2,during,2026-05-06T17:16:57.544814+00:00,50,7,43,0,0,
proxy_pgcat,readonly_steady,50,2,during,2026-05-06T17:16:58.660152+00:00,50,3,47,0,0,
proxy_pgcat,readonly_steady,50,2,during,2026-05-06T17:16:59.774491+00:00,50,1,49,0,0,
proxy_pgcat,readonly_steady,50,2,during,2026-05-06T17:17:00.884735+00:00,50,2,48,0,0,
proxy_pgcat,readonly_steady,50,2,during,2026-05-06T17:17:01.993956+00:00,50,2,48,0,0,
proxy_pgcat,readonly_steady,50,2,during,2026-05-06T17:17:03.104769+00:00,50,1,49,0,0,
proxy_pgcat,readonly_steady,50,2,during,2026-05-06T17:17:04.206237+00:00,50,0,50,0,0,
proxy_pgcat,readonly_steady,50,2,during,2026-05-06T17:17:05.335587+00:00,50,3,47,0,0,
proxy_pgcat,readonly_steady,50,2,during,2026-05-06T17:17:06.440013+00:00,50,1,49,0,0,
proxy_pgcat,readonly_steady,50,2,during,2026-05-06T17:17:07.560180+00:00,50,2,48,0,0,
proxy_pgcat,readonly_steady,50,2,during,2026-05-06T17:17:08.674587+00:00,50,2,48,0,0,
proxy_pgcat,readonly_steady,50,2,during,2026-05-06T17:17:09.785102+00:00,50,0,50,0,0,
proxy_pgcat,readonly_steady,50,2,during,2026-05-06T17:17:10.898398+00:00,50,2,48,0,0,
proxy_pgcat,readonly_steady,50,2,during,2026-05-06T17:17:11.996117+00:00,50,3,47,0,0,
proxy_pgcat,readonly_steady,50,2,during,2026-05-06T17:17:13.120296+00:00,50,1,49,0,0,
proxy_pgcat,readonly_steady,50,2,during,2026-05-06T17:17:14.233763+00:00,50,2,48,0,0,
proxy_pgcat,readonly_steady,50,2,during,2026-05-06T17:17:15.346339+00:00,50,0,50,0,0,
proxy_pgcat,readonly_steady,50,2,during,2026-05-06T17:17:16.456938+00:00,50,2,48,0,0,
proxy_pgcat,readonly_steady,50,2,during,2026-05-06T17:17:17.592116+00:00,50,0,50,0,0,
proxy_pgcat,readonly_steady,50,2,during,2026-05-06T17:17:19.167521+00:00,50,0,50,0,0,
proxy_pgcat,readonly_steady,50,2,after_15s,2026-05-06T17:17:34.248746+00:00,50,0,50,0,0,
proxy_pgcat,readonly_steady,50,2,after_30s,2026-05-06T17:17:49.493450+00:00,50,0,50,0,0,
proxy_pgcat,readonly_steady,50,2,after_45s,2026-05-06T17:18:04.655063+00:00,50,0,50,0,0,
proxy_pgcat,readonly_steady,50,2,after_60s,2026-05-06T17:18:19.817376+00:00,50,0,50,0,0,
proxy_pgcat,readonly_steady,50,2,after_90s,2026-05-06T17:18:49.893496+00:00,50,0,50,0,0,
proxy_pgcat,readonly_steady,50,3,before,2026-05-06T17:18:56.552985+00:00,1,0,1,0,0,
proxy_pgcat,readonly_steady,50,3,during,2026-05-06T17:18:57.650064+00:00,50,3,47,0,0,
proxy_pgcat,readonly_steady,50,3,during,2026-05-06T17:18:58.772708+00:00,50,0,50,0,0,
proxy_pgcat,readonly_steady,50,3,during,2026-05-06T17:18:59.876540+00:00,50,1,49,0,0,
proxy_pgcat,readonly_steady,50,3,during,2026-05-06T17:19:00.986254+00:00,50,1,49,0,0,
proxy_pgcat,readonly_steady,50,3,during,2026-05-06T17:19:02.096167+00:00,50,2,48,0,0,
proxy_pgcat,readonly_steady,50,3,during,2026-05-06T17:19:03.209180+00:00,50,0,50,0,0,
proxy_pgcat,readonly_steady,50,3,during,2026-05-06T17:19:04.323547+00:00,50,0,50,0,0,
proxy_pgcat,readonly_steady,50,3,during,2026-05-06T17:19:05.435683+00:00,50,0,50,0,0,
proxy_pgcat,readonly_steady,50,3,during,2026-05-06T17:19:06.544540+00:00,50,2,48,0,0,
proxy_pgcat,readonly_steady,50,3,during,2026-05-06T17:19:07.656229+00:00,50,2,48,0,0,
proxy_pgcat,readonly_steady,50,3,during,2026-05-06T17:19:08.767666+00:00,50,3,47,0,0,
proxy_pgcat,readonly_steady,50,3,during,2026-05-06T17:19:09.879446+00:00,50,1,49,0,0,
proxy_pgcat,readonly_steady,50,3,during,2026-05-06T17:19:10.993942+00:00,50,1,49,0,0,
proxy_pgcat,readonly_steady,50,3,during,2026-05-06T17:19:12.104095+00:00,50,1,49,0,0,
proxy_pgcat,readonly_steady,50,3,during,2026-05-06T17:19:13.217661+00:00,50,0,50,0,0,
proxy_pgcat,readonly_steady,50,3,during,2026-05-06T17:19:14.308930+00:00,50,1,49,0,0,
proxy_pgcat,readonly_steady,50,3,during,2026-05-06T17:19:15.441474+00:00,50,2,48,0,0,
proxy_pgcat,readonly_steady,50,3,during,2026-05-06T17:19:16.552784+00:00,50,6,44,0,0,
proxy_pgcat,readonly_steady,50,3,during,2026-05-06T17:19:17.666362+00:00,50,3,47,0,0,
proxy_pgcat,readonly_steady,50,3,during,2026-05-06T17:19:18.777229+00:00,50,0,50,0,0,
proxy_pgcat,readonly_steady,50,3,during,2026-05-06T17:19:19.889500+00:00,50,0,50,0,0,
proxy_pgcat,readonly_steady,50,3,during,2026-05-06T17:19:20.999859+00:00,50,3,47,0,0,
proxy_pgcat,readonly_steady,50,3,during,2026-05-06T17:19:22.095730+00:00,50,2,48,0,0,
proxy_pgcat,readonly_steady,50,3,during,2026-05-06T17:19:23.224585+00:00,50,3,47,0,0,
proxy_pgcat,readonly_steady,50,3,during,2026-05-06T17:19:24.335718+00:00,50,2,48,0,0,
proxy_pgcat,readonly_steady,50,3,during,2026-05-06T17:19:25.450977+00:00,50,2,48,0,0,
proxy_pgcat,readonly_steady,50,3,during,2026-05-06T17:19:26.561049+00:00,50,5,45,0,0,
proxy_pgcat,readonly_steady,50,3,during,2026-05-06T17:19:27.672047+00:00,50,3,47,0,0,
proxy_pgcat,readonly_steady,50,3,during,2026-05-06T17:19:28.784454+00:00,50,3,47,0,0,
proxy_pgcat,readonly_steady,50,3,during,2026-05-06T17:19:29.881741+00:00,50,1,49,0,0,
proxy_pgcat,readonly_steady,50,3,during,2026-05-06T17:19:31.009246+00:00,50,2,48,0,0,
proxy_pgcat,readonly_steady,50,3,during,2026-05-06T17:19:32.120211+00:00,50,0,50,0,0,
proxy_pgcat,readonly_steady,50,3,during,2026-05-06T17:19:33.233758+00:00,50,3,47,0,0,
proxy_pgcat,readonly_steady,50,3,during,2026-05-06T17:19:34.345504+00:00,50,2,48,0,0,
proxy_pgcat,readonly_steady,50,3,during,2026-05-06T17:19:35.607149+00:00,50,3,47,0,0,
proxy_pgcat,readonly_steady,50,3,during,2026-05-06T17:19:36.683600+00:00,50,4,46,0,0,
proxy_pgcat,readonly_steady,50,3,during,2026-05-06T17:19:37.772888+00:00,50,1,49,0,0,
proxy_pgcat,readonly_steady,50,3,during,2026-05-06T17:19:38.850560+00:00,50,0,50,0,0,
proxy_pgcat,readonly_steady,50,3,during,2026-05-06T17:19:39.926553+00:00,50,1,49,0,0,
proxy_pgcat,readonly_steady,50,3,during,2026-05-06T17:19:41.016647+00:00,50,1,49,0,0,
proxy_pgcat,readonly_steady,50,3,during,2026-05-06T17:19:42.128528+00:00,50,2,48,0,0,
proxy_pgcat,readonly_steady,50,3,during,2026-05-06T17:19:43.240463+00:00,50,0,50,0,0,
proxy_pgcat,readonly_steady,50,3,during,2026-05-06T17:19:44.353594+00:00,50,0,50,0,0,
proxy_pgcat,readonly_steady,50,3,during,2026-05-06T17:19:45.448131+00:00,50,3,47,0,0,
proxy_pgcat,readonly_steady,50,3,during,2026-05-06T17:19:46.574018+00:00,50,2,48,0,0,
proxy_pgcat,readonly_steady,50,3,during,2026-05-06T17:19:47.688208+00:00,50,3,47,0,0,
proxy_pgcat,readonly_steady,50,3,during,2026-05-06T17:19:48.801350+00:00,50,3,47,0,0,
proxy_pgcat,readonly_steady,50,3,during,2026-05-06T17:19:49.911778+00:00,50,2,48,0,0,
proxy_pgcat,readonly_steady,50,3,during,2026-05-06T17:19:51.023845+00:00,50,2,48,0,0,
proxy_pgcat,readonly_steady,50,3,during,2026-05-06T17:19:52.138624+00:00,50,3,47,0,0,
proxy_pgcat,readonly_steady,50,3,during,2026-05-06T17:19:53.230659+00:00,50,0,50,0,0,
proxy_pgcat,readonly_steady,50,3,during,2026-05-06T17:19:54.362360+00:00,50,2,48,0,0,
proxy_pgcat,readonly_steady,50,3,during,2026-05-06T17:19:55.581514+00:00,50,1,49,0,0,
proxy_pgcat,readonly_steady,50,3,during,2026-05-06T17:19:56.671636+00:00,50,0,50,0,0,
proxy_pgcat,readonly_steady,50,3,during,2026-05-06T17:19:58.252919+00:00,50,0,50,0,0,
proxy_pgcat,readonly_steady,50,3,after_15s,2026-05-06T17:20:13.324087+00:00,50,0,50,0,0,
proxy_pgcat,readonly_steady,50,3,after_30s,2026-05-06T17:20:28.425107+00:00,50,0,50,0,0,
proxy_pgcat,readonly_steady,50,3,after_45s,2026-05-06T17:20:43.522498+00:00,50,0,50,0,0,
proxy_pgcat,readonly_steady,50,3,after_60s,2026-05-06T17:20:58.679765+00:00,50,0,50,0,0,
proxy_pgcat,readonly_steady,50,3,after_90s,2026-05-06T17:21:28.888747+00:00,50,0,50,0,0,
proxy_pgcat,readonly_steady,100,1,before,2026-05-06T17:21:35.446886+00:00,1,0,1,0,0,
proxy_pgcat,readonly_steady,100,1,during,2026-05-06T17:21:36.571490+00:00,81,0,81,0,0,
proxy_pgcat,readonly_steady,100,1,during,2026-05-06T17:21:37.695340+00:00,0,0,0,0,0,"psql: error: connection to server at ""comp1.local.neon.build"" (127.0.0.1), port 4432 failed: ERROR:  sorry, too many clients already"
proxy_pgcat,readonly_steady,100,1,during,2026-05-06T17:21:38.879293+00:00,0,0,0,0,0,"psql: error: connection to server at ""comp1.local.neon.build"" (127.0.0.1), port 4432 failed: ERROR:  sorry, too many clients already"
proxy_pgcat,readonly_steady,100,1,during,2026-05-06T17:21:39.992979+00:00,0,0,0,0,0,"psql: error: connection to server at ""comp1.local.neon.build"" (127.0.0.1), port 4432 failed: ERROR:  sorry, too many clients already"
proxy_pgcat,readonly_steady,100,1,during,2026-05-06T17:21:41.103667+00:00,0,0,0,0,0,"psql: error: connection to server at ""comp1.local.neon.build"" (127.0.0.1), port 4432 failed: ERROR:  sorry, too many clients already"
proxy_pgcat,readonly_steady,100,1,during,2026-05-06T17:21:42.205016+00:00,0,0,0,0,0,"psql: error: connection to server at ""comp1.local.neon.build"" (127.0.0.1), port 4432 failed: ERROR:  sorry, too many clients already"
proxy_pgcat,readonly_steady,100,1,during,2026-05-06T17:21:43.325844+00:00,0,0,0,0,0,"psql: error: connection to server at ""comp1.local.neon.build"" (127.0.0.1), port 4432 failed: ERROR:  sorry, too many clients already"
proxy_pgcat,readonly_steady,100,1,during,2026-05-06T17:21:44.446001+00:00,0,0,0,0,0,"psql: error: connection to server at ""comp1.local.neon.build"" (127.0.0.1), port 4432 failed: ERROR:  sorry, too many clients already"
proxy_pgcat,readonly_steady,100,1,during,2026-05-06T17:21:45.550528+00:00,0,0,0,0,0,"psql: error: connection to server at ""comp1.local.neon.build"" (127.0.0.1), port 4432 failed: ERROR:  sorry, too many clients already"
proxy_pgcat,readonly_steady,100,1,during,2026-05-06T17:21:46.634933+00:00,0,0,0,0,0,"psql: error: connection to server at ""comp1.local.neon.build"" (127.0.0.1), port 4432 failed: ERROR:  sorry, too many clients already"
proxy_pgcat,readonly_steady,100,1,during,2026-05-06T17:21:47.731707+00:00,0,0,0,0,0,"psql: error: connection to server at ""comp1.local.neon.build"" (127.0.0.1), port 4432 failed: ERROR:  sorry, too many clients already"
proxy_pgcat,readonly_steady,100,1,during,2026-05-06T17:21:48.895749+00:00,0,0,0,0,0,"psql: error: connection to server at ""comp1.local.neon.build"" (127.0.0.1), port 4432 failed: ERROR:  sorry, too many clients already"
proxy_pgcat,readonly_steady,100,1,during,2026-05-06T17:21:49.985225+00:00,0,0,0,0,0,"psql: error: connection to server at ""comp1.local.neon.build"" (127.0.0.1), port 4432 failed: ERROR:  sorry, too many clients already"
proxy_pgcat,readonly_steady,100,1,during,2026-05-06T17:21:51.111645+00:00,0,0,0,0,0,"psql: error: connection to server at ""comp1.local.neon.build"" (127.0.0.1), port 4432 failed: ERROR:  sorry, too many clients already"
proxy_pgcat,readonly_steady,100,1,during,2026-05-06T17:21:52.224852+00:00,0,0,0,0,0,"psql: error: connection to server at ""comp1.local.neon.build"" (127.0.0.1), port 4432 failed: ERROR:  sorry, too many clients already"
proxy_pgcat,readonly_steady,100,1,during,2026-05-06T17:21:53.335640+00:00,0,0,0,0,0,"psql: error: connection to server at ""comp1.local.neon.build"" (127.0.0.1), port 4432 failed: ERROR:  sorry, too many clients already"
proxy_pgcat,readonly_steady,100,1,during,2026-05-06T17:21:54.445432+00:00,0,0,0,0,0,"psql: error: connection to server at ""comp1.local.neon.build"" (127.0.0.1), port 4432 failed: ERROR:  sorry, too many clients already"
proxy_pgcat,readonly_steady,100,1,during,2026-05-06T17:21:55.559827+00:00,0,0,0,0,0,"psql: error: connection to server at ""comp1.local.neon.build"" (127.0.0.1), port 4432 failed: ERROR:  sorry, too many clients already"
proxy_pgcat,readonly_steady,100,1,during,2026-05-06T17:21:56.672397+00:00,0,0,0,0,0,"psql: error: connection to server at ""comp1.local.neon.build"" (127.0.0.1), port 4432 failed: ERROR:  sorry, too many clients already"
proxy_pgcat,readonly_steady,100,1,during,2026-05-06T17:21:57.768998+00:00,0,0,0,0,0,"psql: error: connection to server at ""comp1.local.neon.build"" (127.0.0.1), port 4432 failed: ERROR:  sorry, too many clients already"
proxy_pgcat,readonly_steady,100,1,during,2026-05-06T17:21:58.896658+00:00,0,0,0,0,0,"psql: error: connection to server at ""comp1.local.neon.build"" (127.0.0.1), port 4432 failed: ERROR:  sorry, too many clients already"
proxy_pgcat,readonly_steady,100,1,during,2026-05-06T17:22:00.008272+00:00,0,0,0,0,0,"psql: error: connection to server at ""comp1.local.neon.build"" (127.0.0.1), port 4432 failed: ERROR:  sorry, too many clients already"
proxy_pgcat,readonly_steady,100,1,during,2026-05-06T17:22:01.118414+00:00,0,0,0,0,0,"psql: error: connection to server at ""comp1.local.neon.build"" (127.0.0.1), port 4432 failed: ERROR:  sorry, too many clients already"
proxy_pgcat,readonly_steady,100,1,during,2026-05-06T17:22:02.230219+00:00,0,0,0,0,0,"psql: error: connection to server at ""comp1.local.neon.build"" (127.0.0.1), port 4432 failed: ERROR:  sorry, too many clients already"
proxy_pgcat,readonly_steady,100,1,during,2026-05-06T17:22:03.343075+00:00,0,0,0,0,0,"psql: error: connection to server at ""comp1.local.neon.build"" (127.0.0.1), port 4432 failed: ERROR:  sorry, too many clients already"
proxy_pgcat,readonly_steady,100,1,during,2026-05-06T17:22:04.458459+00:00,0,0,0,0,0,"psql: error: connection to server at ""comp1.local.neon.build"" (127.0.0.1), port 4432 failed: ERROR:  sorry, too many clients already"
proxy_pgcat,readonly_steady,100,1,during,2026-05-06T17:22:05.551682+00:00,0,0,0,0,0,"psql: error: connection to server at ""comp1.local.neon.build"" (127.0.0.1), port 4432 failed: ERROR:  sorry, too many clients already"
proxy_pgcat,readonly_steady,100,1,during,2026-05-06T17:22:06.678085+00:00,0,0,0,0,0,"psql: error: connection to server at ""comp1.local.neon.build"" (127.0.0.1), port 4432 failed: ERROR:  sorry, too many clients already"
proxy_pgcat,readonly_steady,100,1,during,2026-05-06T17:22:07.790171+00:00,0,0,0,0,0,"psql: error: connection to server at ""comp1.local.neon.build"" (127.0.0.1), port 4432 failed: ERROR:  sorry, too many clients already"
proxy_pgcat,readonly_steady,100,1,during,2026-05-06T17:22:08.881854+00:00,0,0,0,0,0,"psql: error: connection to server at ""comp1.local.neon.build"" (127.0.0.1), port 4432 failed: ERROR:  sorry, too many clients already"
proxy_pgcat,readonly_steady,100,1,during,2026-05-06T17:22:10.016153+00:00,0,0,0,0,0,"psql: error: connection to server at ""comp1.local.neon.build"" (127.0.0.1), port 4432 failed: ERROR:  sorry, too many clients already"
proxy_pgcat,readonly_steady,100,1,during,2026-05-06T17:22:11.126133+00:00,0,0,0,0,0,"psql: error: connection to server at ""comp1.local.neon.build"" (127.0.0.1), port 4432 failed: ERROR:  sorry, too many clients already"
proxy_pgcat,readonly_steady,100,1,during,2026-05-06T17:22:12.238879+00:00,0,0,0,0,0,"psql: error: connection to server at ""comp1.local.neon.build"" (127.0.0.1), port 4432 failed: ERROR:  sorry, too many clients already"
proxy_pgcat,readonly_steady,100,1,during,2026-05-06T17:22:13.334936+00:00,0,0,0,0,0,"psql: error: connection to server at ""comp1.local.neon.build"" (127.0.0.1), port 4432 failed: ERROR:  sorry, too many clients already"
proxy_pgcat,readonly_steady,100,1,during,2026-05-06T17:22:14.453584+00:00,0,0,0,0,0,"psql: error: connection to server at ""comp1.local.neon.build"" (127.0.0.1), port 4432 failed: ERROR:  sorry, too many clients already"
proxy_pgcat,readonly_steady,100,1,during,2026-05-06T17:22:15.574308+00:00,0,0,0,0,0,"psql: error: connection to server at ""comp1.local.neon.build"" (127.0.0.1), port 4432 failed: ERROR:  sorry, too many clients already"
proxy_pgcat,readonly_steady,100,1,during,2026-05-06T17:22:16.689290+00:00,0,0,0,0,0,"psql: error: connection to server at ""comp1.local.neon.build"" (127.0.0.1), port 4432 failed: ERROR:  sorry, too many clients already"
proxy_pgcat,readonly_steady,100,1,during,2026-05-06T17:22:17.798678+00:00,0,0,0,0,0,"psql: error: connection to server at ""comp1.local.neon.build"" (127.0.0.1), port 4432 failed: ERROR:  sorry, too many clients already"
proxy_pgcat,readonly_steady,100,1,during,2026-05-06T17:22:18.910126+00:00,0,0,0,0,0,"psql: error: connection to server at ""comp1.local.neon.build"" (127.0.0.1), port 4432 failed: ERROR:  sorry, too many clients already"
proxy_pgcat,readonly_steady,100,1,during,2026-05-06T17:22:20.021621+00:00,0,0,0,0,0,"psql: error: connection to server at ""comp1.local.neon.build"" (127.0.0.1), port 4432 failed: ERROR:  sorry, too many clients already"
proxy_pgcat,readonly_steady,100,1,during,2026-05-06T17:22:21.118951+00:00,0,0,0,0,0,"psql: error: connection to server at ""comp1.local.neon.build"" (127.0.0.1), port 4432 failed: ERROR:  sorry, too many clients already"
proxy_pgcat,readonly_steady,100,1,during,2026-05-06T17:22:22.246646+00:00,0,0,0,0,0,"psql: error: connection to server at ""comp1.local.neon.build"" (127.0.0.1), port 4432 failed: ERROR:  sorry, too many clients already"
proxy_pgcat,readonly_steady,100,1,during,2026-05-06T17:22:23.358779+00:00,0,0,0,0,0,"psql: error: connection to server at ""comp1.local.neon.build"" (127.0.0.1), port 4432 failed: ERROR:  sorry, too many clients already"
proxy_pgcat,readonly_steady,100,1,during,2026-05-06T17:22:24.471067+00:00,0,0,0,0,0,"psql: error: connection to server at ""comp1.local.neon.build"" (127.0.0.1), port 4432 failed: ERROR:  sorry, too many clients already"
proxy_pgcat,readonly_steady,100,1,during,2026-05-06T17:22:25.582482+00:00,0,0,0,0,0,"psql: error: connection to server at ""comp1.local.neon.build"" (127.0.0.1), port 4432 failed: ERROR:  sorry, too many clients already"
proxy_pgcat,readonly_steady,100,1,during,2026-05-06T17:22:26.695917+00:00,0,0,0,0,0,"psql: error: connection to server at ""comp1.local.neon.build"" (127.0.0.1), port 4432 failed: ERROR:  sorry, too many clients already"
proxy_pgcat,readonly_steady,100,1,during,2026-05-06T17:22:27.806946+00:00,0,0,0,0,0,"psql: error: connection to server at ""comp1.local.neon.build"" (127.0.0.1), port 4432 failed: ERROR:  sorry, too many clients already"
proxy_pgcat,readonly_steady,100,1,during,2026-05-06T17:22:28.901898+00:00,0,0,0,0,0,"psql: error: connection to server at ""comp1.local.neon.build"" (127.0.0.1), port 4432 failed: ERROR:  sorry, too many clients already"
proxy_pgcat,readonly_steady,100,1,during,2026-05-06T17:22:30.032094+00:00,0,0,0,0,0,"psql: error: connection to server at ""comp1.local.neon.build"" (127.0.0.1), port 4432 failed: ERROR:  sorry, too many clients already"
proxy_pgcat,readonly_steady,100,1,during,2026-05-06T17:22:31.144514+00:00,0,0,0,0,0,"psql: error: connection to server at ""comp1.local.neon.build"" (127.0.0.1), port 4432 failed: ERROR:  sorry, too many clients already"
proxy_pgcat,readonly_steady,100,1,during,2026-05-06T17:22:32.255275+00:00,0,0,0,0,0,"psql: error: connection to server at ""comp1.local.neon.build"" (127.0.0.1), port 4432 failed: ERROR:  sorry, too many clients already"
proxy_pgcat,readonly_steady,100,1,during,2026-05-06T17:22:33.366404+00:00,0,0,0,0,0,"psql: error: connection to server at ""comp1.local.neon.build"" (127.0.0.1), port 4432 failed: ERROR:  sorry, too many clients already"
proxy_pgcat,readonly_steady,100,1,during,2026-05-06T17:22:34.476563+00:00,0,0,0,0,0,"psql: error: connection to server at ""comp1.local.neon.build"" (127.0.0.1), port 4432 failed: ERROR:  sorry, too many clients already"
proxy_pgcat,readonly_steady,100,1,during,2026-05-06T17:22:35.591416+00:00,0,0,0,0,0,"psql: error: connection to server at ""comp1.local.neon.build"" (127.0.0.1), port 4432 failed: ERROR:  sorry, too many clients already"
proxy_pgcat,readonly_steady,100,1,during,2026-05-06T17:22:37.298884+00:00,0,0,0,0,0,"psql: error: connection to server at ""comp1.local.neon.build"" (127.0.0.1), port 4432 failed: ERROR:  sorry, too many clients already"
proxy_pgcat,readonly_steady,100,1,after_15s,2026-05-06T17:22:52.362803+00:00,0,0,0,0,0,"psql: error: connection to server at ""comp1.local.neon.build"" (127.0.0.1), port 4432 failed: ERROR:  sorry, too many clients already"
proxy_pgcat,readonly_steady,100,1,after_30s,2026-05-06T17:23:07.617205+00:00,0,0,0,0,0,"psql: error: connection to server at ""comp1.local.neon.build"" (127.0.0.1), port 4432 failed: ERROR:  sorry, too many clients already"
proxy_pgcat,readonly_steady,100,1,after_45s,2026-05-06T17:23:22.773415+00:00,0,0,0,0,0,"psql: error: connection to server at ""comp1.local.neon.build"" (127.0.0.1), port 4432 failed: ERROR:  sorry, too many clients already"
proxy_pgcat,readonly_steady,100,1,after_60s,2026-05-06T17:23:37.872540+00:00,0,0,0,0,0,"psql: error: connection to server at ""comp1.local.neon.build"" (127.0.0.1), port 4432 failed: ERROR:  sorry, too many clients already"
proxy_pgcat,readonly_steady,100,1,after_90s,2026-05-06T17:24:07.945499+00:00,0,0,0,0,0,"psql: error: connection to server at ""comp1.local.neon.build"" (127.0.0.1), port 4432 failed: ERROR:  sorry, too many clients already"
proxy_pgcat,readonly_steady,100,2,before,2026-05-06T17:24:14.544381+00:00,1,0,1,0,0,
proxy_pgcat,readonly_steady,100,2,during,2026-05-06T17:24:15.615770+00:00,81,0,81,0,0,
proxy_pgcat,readonly_steady,100,2,during,2026-05-06T17:24:16.782435+00:00,0,0,0,0,0,"psql: error: connection to server at ""comp1.local.neon.build"" (127.0.0.1), port 4432 failed: ERROR:  sorry, too many clients already"
proxy_pgcat,readonly_steady,100,2,during,2026-05-06T17:24:17.866828+00:00,0,0,0,0,0,"psql: error: connection to server at ""comp1.local.neon.build"" (127.0.0.1), port 4432 failed: ERROR:  sorry, too many clients already"
proxy_pgcat,readonly_steady,100,2,during,2026-05-06T17:24:18.991939+00:00,0,0,0,0,0,"psql: error: connection to server at ""comp1.local.neon.build"" (127.0.0.1), port 4432 failed: ERROR:  sorry, too many clients already"
proxy_pgcat,readonly_steady,100,2,during,2026-05-06T17:24:20.104428+00:00,0,0,0,0,0,"psql: error: connection to server at ""comp1.local.neon.build"" (127.0.0.1), port 4432 failed: ERROR:  sorry, too many clients already"
proxy_pgcat,readonly_steady,100,2,during,2026-05-06T17:24:21.216028+00:00,0,0,0,0,0,"psql: error: connection to server at ""comp1.local.neon.build"" (127.0.0.1), port 4432 failed: ERROR:  sorry, too many clients already"
proxy_pgcat,readonly_steady,100,2,during,2026-05-06T17:24:22.325651+00:00,0,0,0,0,0,"psql: error: connection to server at ""comp1.local.neon.build"" (127.0.0.1), port 4432 failed: ERROR:  sorry, too many clients already"
proxy_pgcat,readonly_steady,100,2,during,2026-05-06T17:24:23.439286+00:00,0,0,0,0,0,"psql: error: connection to server at ""comp1.local.neon.build"" (127.0.0.1), port 4432 failed: ERROR:  sorry, too many clients already"
proxy_pgcat,readonly_steady,100,2,during,2026-05-06T17:24:24.552019+00:00,0,0,0,0,0,"psql: error: connection to server at ""comp1.local.neon.build"" (127.0.0.1), port 4432 failed: ERROR:  sorry, too many clients already"
proxy_pgcat,readonly_steady,100,2,during,2026-05-06T17:24:25.649218+00:00,0,0,0,0,0,"psql: error: connection to server at ""comp1.local.neon.build"" (127.0.0.1), port 4432 failed: ERROR:  sorry, too many clients already"
proxy_pgcat,readonly_steady,100,2,during,2026-05-06T17:24:26.777135+00:00,0,0,0,0,0,"psql: error: connection to server at ""comp1.local.neon.build"" (127.0.0.1), port 4432 failed: ERROR:  sorry, too many clients already"
proxy_pgcat,readonly_steady,100,2,during,2026-05-06T17:24:27.887509+00:00,0,0,0,0,0,"psql: error: connection to server at ""comp1.local.neon.build"" (127.0.0.1), port 4432 failed: ERROR:  sorry, too many clients already"
proxy_pgcat,readonly_steady,100,2,during,2026-05-06T17:24:28.997172+00:00,0,0,0,0,0,"psql: error: connection to server at ""comp1.local.neon.build"" (127.0.0.1), port 4432 failed: ERROR:  sorry, too many clients already"
proxy_pgcat,readonly_steady,100,2,during,2026-05-06T17:24:30.110735+00:00,0,0,0,0,0,"psql: error: connection to server at ""comp1.local.neon.build"" (127.0.0.1), port 4432 failed: ERROR:  sorry, too many clients already"
proxy_pgcat,readonly_steady,100,2,during,2026-05-06T17:24:31.225126+00:00,0,0,0,0,0,"psql: error: connection to server at ""comp1.local.neon.build"" (127.0.0.1), port 4432 failed: ERROR:  sorry, too many clients already"
proxy_pgcat,readonly_steady,100,2,during,2026-05-06T17:24:32.334033+00:00,0,0,0,0,0,"psql: error: connection to server at ""comp1.local.neon.build"" (127.0.0.1), port 4432 failed: ERROR:  sorry, too many clients already"
proxy_pgcat,readonly_steady,100,2,during,2026-05-06T17:24:33.436981+00:00,0,0,0,0,0,"psql: error: connection to server at ""comp1.local.neon.build"" (127.0.0.1), port 4432 failed: ERROR:  sorry, too many clients already"
proxy_pgcat,readonly_steady,100,2,during,2026-05-06T17:24:34.584913+00:00,0,0,0,0,0,"psql: error: connection to server at ""comp1.local.neon.build"" (127.0.0.1), port 4432 failed: ERROR:  sorry, too many clients already"
proxy_pgcat,readonly_steady,100,2,during,2026-05-06T17:24:35.669104+00:00,0,0,0,0,0,"psql: error: connection to server at ""comp1.local.neon.build"" (127.0.0.1), port 4432 failed: ERROR:  sorry, too many clients already"
proxy_pgcat,readonly_steady,100,2,during,2026-05-06T17:24:36.783569+00:00,0,0,0,0,0,"psql: error: connection to server at ""comp1.local.neon.build"" (127.0.0.1), port 4432 failed: ERROR:  sorry, too many clients already"
proxy_pgcat,readonly_steady,100,2,during,2026-05-06T17:24:37.896292+00:00,0,0,0,0,0,"psql: error: connection to server at ""comp1.local.neon.build"" (127.0.0.1), port 4432 failed: ERROR:  sorry, too many clients already"
proxy_pgcat,readonly_steady,100,2,during,2026-05-06T17:24:39.008295+00:00,0,0,0,0,0,"psql: error: connection to server at ""comp1.local.neon.build"" (127.0.0.1), port 4432 failed: ERROR:  sorry, too many clients already"
proxy_pgcat,readonly_steady,100,2,during,2026-05-06T17:24:40.118868+00:00,0,0,0,0,0,"psql: error: connection to server at ""comp1.local.neon.build"" (127.0.0.1), port 4432 failed: ERROR:  sorry, too many clients already"
proxy_pgcat,readonly_steady,100,2,during,2026-05-06T17:24:41.217484+00:00,0,0,0,0,0,"psql: error: connection to server at ""comp1.local.neon.build"" (127.0.0.1), port 4432 failed: ERROR:  sorry, too many clients already"
proxy_pgcat,readonly_steady,100,2,during,2026-05-06T17:24:42.342993+00:00,0,0,0,0,0,"psql: error: connection to server at ""comp1.local.neon.build"" (127.0.0.1), port 4432 failed: ERROR:  sorry, too many clients already"
proxy_pgcat,readonly_steady,100,2,during,2026-05-06T17:24:43.453694+00:00,0,0,0,0,0,"psql: error: connection to server at ""comp1.local.neon.build"" (127.0.0.1), port 4432 failed: ERROR:  sorry, too many clients already"
proxy_pgcat,readonly_steady,100,2,during,2026-05-06T17:24:44.571539+00:00,0,0,0,0,0,"psql: error: connection to server at ""comp1.local.neon.build"" (127.0.0.1), port 4432 failed: ERROR:  sorry, too many clients already"
proxy_pgcat,readonly_steady,100,2,during,2026-05-06T17:24:45.678718+00:00,0,0,0,0,0,"psql: error: connection to server at ""comp1.local.neon.build"" (127.0.0.1), port 4432 failed: ERROR:  sorry, too many clients already"
proxy_pgcat,readonly_steady,100,2,during,2026-05-06T17:24:46.792688+00:00,0,0,0,0,0,"psql: error: connection to server at ""comp1.local.neon.build"" (127.0.0.1), port 4432 failed: ERROR:  sorry, too many clients already"
proxy_pgcat,readonly_steady,100,2,during,2026-05-06T17:24:47.902620+00:00,0,0,0,0,0,"psql: error: connection to server at ""comp1.local.neon.build"" (127.0.0.1), port 4432 failed: ERROR:  sorry, too many clients already"
proxy_pgcat,readonly_steady,100,2,during,2026-05-06T17:24:49.014675+00:00,0,0,0,0,0,"psql: error: connection to server at ""comp1.local.neon.build"" (127.0.0.1), port 4432 failed: ERROR:  sorry, too many clients already"
proxy_pgcat,readonly_steady,100,2,during,2026-05-06T17:24:50.126486+00:00,0,0,0,0,0,"psql: error: connection to server at ""comp1.local.neon.build"" (127.0.0.1), port 4432 failed: ERROR:  sorry, too many clients already"
proxy_pgcat,readonly_steady,100,2,during,2026-05-06T17:24:51.243240+00:00,0,0,0,0,0,"psql: error: connection to server at ""comp1.local.neon.build"" (127.0.0.1), port 4432 failed: ERROR:  sorry, too many clients already"
proxy_pgcat,readonly_steady,100,2,during,2026-05-06T17:24:52.350924+00:00,0,0,0,0,0,"psql: error: connection to server at ""comp1.local.neon.build"" (127.0.0.1), port 4432 failed: ERROR:  sorry, too many clients already"
proxy_pgcat,readonly_steady,100,2,during,2026-05-06T17:24:53.433887+00:00,0,0,0,0,0,"psql: error: connection to server at ""comp1.local.neon.build"" (127.0.0.1), port 4432 failed: ERROR:  sorry, too many clients already"
proxy_pgcat,readonly_steady,100,2,during,2026-05-06T17:24:54.513513+00:00,0,0,0,0,0,"psql: error: connection to server at ""comp1.local.neon.build"" (127.0.0.1), port 4432 failed: ERROR:  sorry, too many clients already"
proxy_pgcat,readonly_steady,100,2,during,2026-05-06T17:24:55.690031+00:00,0,0,0,0,0,"psql: error: connection to server at ""comp1.local.neon.build"" (127.0.0.1), port 4432 failed: ERROR:  sorry, too many clients already"
proxy_pgcat,readonly_steady,100,2,during,2026-05-06T17:24:56.798122+00:00,0,0,0,0,0,"psql: error: connection to server at ""comp1.local.neon.build"" (127.0.0.1), port 4432 failed: ERROR:  sorry, too many clients already"
proxy_pgcat,readonly_steady,100,2,during,2026-05-06T17:24:57.912172+00:00,0,0,0,0,0,"psql: error: connection to server at ""comp1.local.neon.build"" (127.0.0.1), port 4432 failed: ERROR:  sorry, too many clients already"
proxy_pgcat,readonly_steady,100,2,during,2026-05-06T17:24:59.021866+00:00,0,0,0,0,0,"psql: error: connection to server at ""comp1.local.neon.build"" (127.0.0.1), port 4432 failed: ERROR:  sorry, too many clients already"
proxy_pgcat,readonly_steady,100,2,during,2026-05-06T17:25:00.134699+00:00,0,0,0,0,0,"psql: error: connection to server at ""comp1.local.neon.build"" (127.0.0.1), port 4432 failed: ERROR:  sorry, too many clients already"
proxy_pgcat,readonly_steady,100,2,during,2026-05-06T17:25:01.258214+00:00,0,0,0,0,0,"psql: error: connection to server at ""comp1.local.neon.build"" (127.0.0.1), port 4432 failed: ERROR:  sorry, too many clients already"
proxy_pgcat,readonly_steady,100,2,during,2026-05-06T17:25:02.357068+00:00,0,0,0,0,0,"psql: error: connection to server at ""comp1.local.neon.build"" (127.0.0.1), port 4432 failed: ERROR:  sorry, too many clients already"
proxy_pgcat,readonly_steady,100,2,during,2026-05-06T17:25:03.470656+00:00,0,0,0,0,0,"psql: error: connection to server at ""comp1.local.neon.build"" (127.0.0.1), port 4432 failed: ERROR:  sorry, too many clients already"
proxy_pgcat,readonly_steady,100,2,during,2026-05-06T17:25:04.581919+00:00,0,0,0,0,0,"psql: error: connection to server at ""comp1.local.neon.build"" (127.0.0.1), port 4432 failed: ERROR:  sorry, too many clients already"
proxy_pgcat,readonly_steady,100,2,during,2026-05-06T17:25:05.693731+00:00,0,0,0,0,0,"psql: error: connection to server at ""comp1.local.neon.build"" (127.0.0.1), port 4432 failed: ERROR:  sorry, too many clients already"
proxy_pgcat,readonly_steady,100,2,during,2026-05-06T17:25:06.807701+00:00,0,0,0,0,0,"psql: error: connection to server at ""comp1.local.neon.build"" (127.0.0.1), port 4432 failed: ERROR:  sorry, too many clients already"
proxy_pgcat,readonly_steady,100,2,during,2026-05-06T17:25:07.920751+00:00,0,0,0,0,0,"psql: error: connection to server at ""comp1.local.neon.build"" (127.0.0.1), port 4432 failed: ERROR:  sorry, too many clients already"
proxy_pgcat,readonly_steady,100,2,during,2026-05-06T17:25:09.030757+00:00,0,0,0,0,0,"psql: error: connection to server at ""comp1.local.neon.build"" (127.0.0.1), port 4432 failed: ERROR:  sorry, too many clients already"
proxy_pgcat,readonly_steady,100,2,during,2026-05-06T17:25:10.143629+00:00,0,0,0,0,0,"psql: error: connection to server at ""comp1.local.neon.build"" (127.0.0.1), port 4432 failed: ERROR:  sorry, too many clients already"
proxy_pgcat,readonly_steady,100,2,during,2026-05-06T17:25:11.257487+00:00,0,0,0,0,0,"psql: error: connection to server at ""comp1.local.neon.build"" (127.0.0.1), port 4432 failed: ERROR:  sorry, too many clients already"
proxy_pgcat,readonly_steady,100,2,during,2026-05-06T17:25:12.348512+00:00,0,0,0,0,0,"psql: error: connection to server at ""comp1.local.neon.build"" (127.0.0.1), port 4432 failed: ERROR:  sorry, too many clients already"
proxy_pgcat,readonly_steady,100,2,during,2026-05-06T17:25:13.478440+00:00,0,0,0,0,0,"psql: error: connection to server at ""comp1.local.neon.build"" (127.0.0.1), port 4432 failed: ERROR:  sorry, too many clients already"
proxy_pgcat,readonly_steady,100,2,during,2026-05-06T17:25:14.589778+00:00,0,0,0,0,0,"psql: error: connection to server at ""comp1.local.neon.build"" (127.0.0.1), port 4432 failed: ERROR:  sorry, too many clients already"
proxy_pgcat,readonly_steady,100,2,during,2026-05-06T17:25:16.444163+00:00,0,0,0,0,0,"psql: error: connection to server at ""comp1.local.neon.build"" (127.0.0.1), port 4432 failed: ERROR:  sorry, too many clients already"
proxy_pgcat,readonly_steady,100,2,after_15s,2026-05-06T17:25:31.601581+00:00,0,0,0,0,0,"psql: error: connection to server at ""comp1.local.neon.build"" (127.0.0.1), port 4432 failed: ERROR:  sorry, too many clients already"
proxy_pgcat,readonly_steady,100,2,after_30s,2026-05-06T17:25:46.754371+00:00,0,0,0,0,0,"psql: error: connection to server at ""comp1.local.neon.build"" (127.0.0.1), port 4432 failed: ERROR:  sorry, too many clients already"
proxy_pgcat,readonly_steady,100,2,after_45s,2026-05-06T17:26:01.906543+00:00,0,0,0,0,0,"psql: error: connection to server at ""comp1.local.neon.build"" (127.0.0.1), port 4432 failed: ERROR:  sorry, too many clients already"
proxy_pgcat,readonly_steady,100,2,after_60s,2026-05-06T17:26:16.979829+00:00,0,0,0,0,0,"psql: error: connection to server at ""comp1.local.neon.build"" (127.0.0.1), port 4432 failed: ERROR:  sorry, too many clients already"
proxy_pgcat,readonly_steady,100,2,after_90s,2026-05-06T17:26:47.054761+00:00,0,0,0,0,0,"psql: error: connection to server at ""comp1.local.neon.build"" (127.0.0.1), port 4432 failed: ERROR:  sorry, too many clients already"
proxy_pgcat,readonly_steady,100,3,before,2026-05-06T17:26:53.611942+00:00,1,0,1,0,0,
proxy_pgcat,readonly_steady,100,3,during,2026-05-06T17:26:54.660572+00:00,0,0,0,0,0,"psql: error: connection to server at ""comp1.local.neon.build"" (127.0.0.1), port 4432 failed: ERROR:  sorry, too many clients already"
proxy_pgcat,readonly_steady,100,3,during,2026-05-06T17:26:55.765562+00:00,0,0,0,0,0,"psql: error: connection to server at ""comp1.local.neon.build"" (127.0.0.1), port 4432 failed: ERROR:  sorry, too many clients already"
proxy_pgcat,readonly_steady,100,3,during,2026-05-06T17:26:56.894388+00:00,0,0,0,0,0,"psql: error: connection to server at ""comp1.local.neon.build"" (127.0.0.1), port 4432 failed: ERROR:  sorry, too many clients already"
proxy_pgcat,readonly_steady,100,3,during,2026-05-06T17:26:57.998849+00:00,0,0,0,0,0,"psql: error: connection to server at ""comp1.local.neon.build"" (127.0.0.1), port 4432 failed: ERROR:  sorry, too many clients already"
proxy_pgcat,readonly_steady,100,3,during,2026-05-06T17:26:59.110633+00:00,0,0,0,0,0,"psql: error: connection to server at ""comp1.local.neon.build"" (127.0.0.1), port 4432 failed: ERROR:  sorry, too many clients already"
proxy_pgcat,readonly_steady,100,3,during,2026-05-06T17:27:00.223274+00:00,0,0,0,0,0,"psql: error: connection to server at ""comp1.local.neon.build"" (127.0.0.1), port 4432 failed: ERROR:  sorry, too many clients already"
proxy_pgcat,readonly_steady,100,3,during,2026-05-06T17:27:01.334637+00:00,0,0,0,0,0,"psql: error: connection to server at ""comp1.local.neon.build"" (127.0.0.1), port 4432 failed: ERROR:  sorry, too many clients already"
proxy_pgcat,readonly_steady,100,3,during,2026-05-06T17:27:02.451355+00:00,0,0,0,0,0,"psql: error: connection to server at ""comp1.local.neon.build"" (127.0.0.1), port 4432 failed: ERROR:  sorry, too many clients already"
proxy_pgcat,readonly_steady,100,3,during,2026-05-06T17:27:03.547007+00:00,0,0,0,0,0,"psql: error: connection to server at ""comp1.local.neon.build"" (127.0.0.1), port 4432 failed: ERROR:  sorry, too many clients already"
proxy_pgcat,readonly_steady,100,3,during,2026-05-06T17:27:04.670395+00:00,0,0,0,0,0,"psql: error: connection to server at ""comp1.local.neon.build"" (127.0.0.1), port 4432 failed: ERROR:  sorry, too many clients already"
proxy_pgcat,readonly_steady,100,3,during,2026-05-06T17:27:05.783549+00:00,0,0,0,0,0,"psql: error: connection to server at ""comp1.local.neon.build"" (127.0.0.1), port 4432 failed: ERROR:  sorry, too many clients already"
proxy_pgcat,readonly_steady,100,3,during,2026-05-06T17:27:06.896572+00:00,0,0,0,0,0,"psql: error: connection to server at ""comp1.local.neon.build"" (127.0.0.1), port 4432 failed: ERROR:  sorry, too many clients already"
proxy_pgcat,readonly_steady,100,3,during,2026-05-06T17:27:08.008690+00:00,0,0,0,0,0,"psql: error: connection to server at ""comp1.local.neon.build"" (127.0.0.1), port 4432 failed: ERROR:  sorry, too many clients already"
proxy_pgcat,readonly_steady,100,3,during,2026-05-06T17:27:09.119845+00:00,0,0,0,0,0,"psql: error: connection to server at ""comp1.local.neon.build"" (127.0.0.1), port 4432 failed: ERROR:  sorry, too many clients already"
proxy_pgcat,readonly_steady,100,3,during,2026-05-06T17:27:10.232297+00:00,0,0,0,0,0,"psql: error: connection to server at ""comp1.local.neon.build"" (127.0.0.1), port 4432 failed: ERROR:  sorry, too many clients already"
proxy_pgcat,readonly_steady,100,3,during,2026-05-06T17:27:11.327755+00:00,0,0,0,0,0,"psql: error: connection to server at ""comp1.local.neon.build"" (127.0.0.1), port 4432 failed: ERROR:  sorry, too many clients already"
proxy_pgcat,readonly_steady,100,3,during,2026-05-06T17:27:12.452137+00:00,0,0,0,0,0,"psql: error: connection to server at ""comp1.local.neon.build"" (127.0.0.1), port 4432 failed: ERROR:  sorry, too many clients already"
proxy_pgcat,readonly_steady,100,3,during,2026-05-06T17:27:13.574323+00:00,0,0,0,0,0,"psql: error: connection to server at ""comp1.local.neon.build"" (127.0.0.1), port 4432 failed: ERROR:  sorry, too many clients already"
proxy_pgcat,readonly_steady,100,3,during,2026-05-06T17:27:14.687560+00:00,0,0,0,0,0,"psql: error: connection to server at ""comp1.local.neon.build"" (127.0.0.1), port 4432 failed: ERROR:  sorry, too many clients already"
proxy_pgcat,readonly_steady,100,3,during,2026-05-06T17:27:15.798404+00:00,0,0,0,0,0,"psql: error: connection to server at ""comp1.local.neon.build"" (127.0.0.1), port 4432 failed: ERROR:  sorry, too many clients already"
proxy_pgcat,readonly_steady,100,3,during,2026-05-06T17:27:16.910351+00:00,0,0,0,0,0,"psql: error: connection to server at ""comp1.local.neon.build"" (127.0.0.1), port 4432 failed: ERROR:  sorry, too many clients already"
proxy_pgcat,readonly_steady,100,3,during,2026-05-06T17:27:18.023270+00:00,0,0,0,0,0,"psql: error: connection to server at ""comp1.local.neon.build"" (127.0.0.1), port 4432 failed: ERROR:  sorry, too many clients already"
proxy_pgcat,readonly_steady,100,3,during,2026-05-06T17:27:19.135043+00:00,0,0,0,0,0,"psql: error: connection to server at ""comp1.local.neon.build"" (127.0.0.1), port 4432 failed: ERROR:  sorry, too many clients already"
proxy_pgcat,readonly_steady,100,3,during,2026-05-06T17:27:20.247594+00:00,0,0,0,0,0,"psql: error: connection to server at ""comp1.local.neon.build"" (127.0.0.1), port 4432 failed: ERROR:  sorry, too many clients already"
proxy_pgcat,readonly_steady,100,3,during,2026-05-06T17:27:21.362612+00:00,0,0,0,0,0,"psql: error: connection to server at ""comp1.local.neon.build"" (127.0.0.1), port 4432 failed: ERROR:  sorry, too many clients already"
proxy_pgcat,readonly_steady,100,3,during,2026-05-06T17:27:22.466360+00:00,0,0,0,0,0,"psql: error: connection to server at ""comp1.local.neon.build"" (127.0.0.1), port 4432 failed: ERROR:  sorry, too many clients already"
proxy_pgcat,readonly_steady,100,3,during,2026-05-06T17:27:23.582918+00:00,0,0,0,0,0,"psql: error: connection to server at ""comp1.local.neon.build"" (127.0.0.1), port 4432 failed: ERROR:  sorry, too many clients already"
proxy_pgcat,readonly_steady,100,3,during,2026-05-06T17:27:24.692970+00:00,0,0,0,0,0,"psql: error: connection to server at ""comp1.local.neon.build"" (127.0.0.1), port 4432 failed: ERROR:  sorry, too many clients already"
proxy_pgcat,readonly_steady,100,3,during,2026-05-06T17:27:25.807777+00:00,0,0,0,0,0,"psql: error: connection to server at ""comp1.local.neon.build"" (127.0.0.1), port 4432 failed: ERROR:  sorry, too many clients already"
proxy_pgcat,readonly_steady,100,3,during,2026-05-06T17:27:26.897904+00:00,0,0,0,0,0,"psql: error: connection to server at ""comp1.local.neon.build"" (127.0.0.1), port 4432 failed: ERROR:  sorry, too many clients already"
proxy_pgcat,readonly_steady,100,3,during,2026-05-06T17:27:28.029583+00:00,0,0,0,0,0,"psql: error: connection to server at ""comp1.local.neon.build"" (127.0.0.1), port 4432 failed: ERROR:  sorry, too many clients already"
proxy_pgcat,readonly_steady,100,3,during,2026-05-06T17:27:29.144508+00:00,0,0,0,0,0,"psql: error: connection to server at ""comp1.local.neon.build"" (127.0.0.1), port 4432 failed: ERROR:  sorry, too many clients already"
proxy_pgcat,readonly_steady,100,3,during,2026-05-06T17:27:30.254466+00:00,0,0,0,0,0,"psql: error: connection to server at ""comp1.local.neon.build"" (127.0.0.1), port 4432 failed: ERROR:  sorry, too many clients already"
proxy_pgcat,readonly_steady,100,3,during,2026-05-06T17:27:31.368203+00:00,0,0,0,0,0,"psql: error: connection to server at ""comp1.local.neon.build"" (127.0.0.1), port 4432 failed: ERROR:  sorry, too many clients already"
proxy_pgcat,readonly_steady,100,3,during,2026-05-06T17:27:32.449495+00:00,0,0,0,0,0,"psql: error: connection to server at ""comp1.local.neon.build"" (127.0.0.1), port 4432 failed: ERROR:  sorry, too many clients already"
proxy_pgcat,readonly_steady,100,3,during,2026-05-06T17:27:33.591918+00:00,0,0,0,0,0,"psql: error: connection to server at ""comp1.local.neon.build"" (127.0.0.1), port 4432 failed: ERROR:  sorry, too many clients already"
proxy_pgcat,readonly_steady,100,3,during,2026-05-06T17:27:34.718858+00:00,0,0,0,0,0,"psql: error: connection to server at ""comp1.local.neon.build"" (127.0.0.1), port 4432 failed: ERROR:  sorry, too many clients already"
proxy_pgcat,readonly_steady,100,3,during,2026-05-06T17:27:35.814553+00:00,0,0,0,0,0,"psql: error: connection to server at ""comp1.local.neon.build"" (127.0.0.1), port 4432 failed: ERROR:  sorry, too many clients already"
proxy_pgcat,readonly_steady,100,3,during,2026-05-06T17:27:36.926354+00:00,0,0,0,0,0,"psql: error: connection to server at ""comp1.local.neon.build"" (127.0.0.1), port 4432 failed: ERROR:  sorry, too many clients already"
proxy_pgcat,readonly_steady,100,3,during,2026-05-06T17:27:38.039254+00:00,0,0,0,0,0,"psql: error: connection to server at ""comp1.local.neon.build"" (127.0.0.1), port 4432 failed: ERROR:  sorry, too many clients already"
proxy_pgcat,readonly_steady,100,3,during,2026-05-06T17:27:39.149647+00:00,0,0,0,0,0,"psql: error: connection to server at ""comp1.local.neon.build"" (127.0.0.1), port 4432 failed: ERROR:  sorry, too many clients already"
proxy_pgcat,readonly_steady,100,3,during,2026-05-06T17:27:40.262217+00:00,0,0,0,0,0,"psql: error: connection to server at ""comp1.local.neon.build"" (127.0.0.1), port 4432 failed: ERROR:  sorry, too many clients already"
proxy_pgcat,readonly_steady,100,3,during,2026-05-06T17:27:41.375431+00:00,0,0,0,0,0,"psql: error: connection to server at ""comp1.local.neon.build"" (127.0.0.1), port 4432 failed: ERROR:  sorry, too many clients already"
proxy_pgcat,readonly_steady,100,3,during,2026-05-06T17:27:42.454774+00:00,0,0,0,0,0,"psql: error: connection to server at ""comp1.local.neon.build"" (127.0.0.1), port 4432 failed: ERROR:  sorry, too many clients already"
proxy_pgcat,readonly_steady,100,3,during,2026-05-06T17:27:43.595646+00:00,0,0,0,0,0,"psql: error: connection to server at ""comp1.local.neon.build"" (127.0.0.1), port 4432 failed: ERROR:  sorry, too many clients already"
proxy_pgcat,readonly_steady,100,3,during,2026-05-06T17:27:44.703145+00:00,0,0,0,0,0,"psql: error: connection to server at ""comp1.local.neon.build"" (127.0.0.1), port 4432 failed: ERROR:  sorry, too many clients already"
proxy_pgcat,readonly_steady,100,3,during,2026-05-06T17:27:45.814760+00:00,0,0,0,0,0,"psql: error: connection to server at ""comp1.local.neon.build"" (127.0.0.1), port 4432 failed: ERROR:  sorry, too many clients already"
proxy_pgcat,readonly_steady,100,3,during,2026-05-06T17:27:46.926084+00:00,0,0,0,0,0,"psql: error: connection to server at ""comp1.local.neon.build"" (127.0.0.1), port 4432 failed: ERROR:  sorry, too many clients already"
proxy_pgcat,readonly_steady,100,3,during,2026-05-06T17:27:48.037299+00:00,0,0,0,0,0,"psql: error: connection to server at ""comp1.local.neon.build"" (127.0.0.1), port 4432 failed: ERROR:  sorry, too many clients already"
proxy_pgcat,readonly_steady,100,3,during,2026-05-06T17:27:49.149081+00:00,0,0,0,0,0,"psql: error: connection to server at ""comp1.local.neon.build"" (127.0.0.1), port 4432 failed: ERROR:  sorry, too many clients already"
proxy_pgcat,readonly_steady,100,3,during,2026-05-06T17:27:50.248543+00:00,0,0,0,0,0,"psql: error: connection to server at ""comp1.local.neon.build"" (127.0.0.1), port 4432 failed: ERROR:  sorry, too many clients already"
proxy_pgcat,readonly_steady,100,3,during,2026-05-06T17:27:51.375074+00:00,0,0,0,0,0,"psql: error: connection to server at ""comp1.local.neon.build"" (127.0.0.1), port 4432 failed: ERROR:  sorry, too many clients already"
proxy_pgcat,readonly_steady,100,3,during,2026-05-06T17:27:52.481129+00:00,0,0,0,0,0,"psql: error: connection to server at ""comp1.local.neon.build"" (127.0.0.1), port 4432 failed: ERROR:  sorry, too many clients already"
proxy_pgcat,readonly_steady,100,3,during,2026-05-06T17:27:53.597615+00:00,0,0,0,0,0,"psql: error: connection to server at ""comp1.local.neon.build"" (127.0.0.1), port 4432 failed: ERROR:  sorry, too many clients already"
proxy_pgcat,readonly_steady,100,3,during,2026-05-06T17:27:55.460597+00:00,0,0,0,0,0,"psql: error: connection to server at ""comp1.local.neon.build"" (127.0.0.1), port 4432 failed: ERROR:  sorry, too many clients already"
proxy_pgcat,readonly_steady,100,3,after_15s,2026-05-06T17:28:10.610853+00:00,0,0,0,0,0,"psql: error: connection to server at ""comp1.local.neon.build"" (127.0.0.1), port 4432 failed: ERROR:  sorry, too many clients already"
proxy_pgcat,readonly_steady,100,3,after_30s,2026-05-06T17:28:25.848074+00:00,0,0,0,0,0,"psql: error: connection to server at ""comp1.local.neon.build"" (127.0.0.1), port 4432 failed: ERROR:  sorry, too many clients already"
proxy_pgcat,readonly_steady,100,3,after_45s,2026-05-06T17:28:41.029943+00:00,0,0,0,0,0,"psql: error: connection to server at ""comp1.local.neon.build"" (127.0.0.1), port 4432 failed: ERROR:  sorry, too many clients already"
proxy_pgcat,readonly_steady,100,3,after_60s,2026-05-06T17:28:56.184334+00:00,0,0,0,0,0,"psql: error: connection to server at ""comp1.local.neon.build"" (127.0.0.1), port 4432 failed: ERROR:  sorry, too many clients already"
proxy_pgcat,readonly_steady,100,3,after_90s,2026-05-06T17:29:26.290516+00:00,0,0,0,0,0,"psql: error: connection to server at ""comp1.local.neon.build"" (127.0.0.1), port 4432 failed: ERROR:  sorry, too many clients already"
proxy_pgcat,readonly_steady,250,1,before,2026-05-06T17:29:32.590398+00:00,1,0,1,0,0,
proxy_pgcat,readonly_steady,250,1,during,2026-05-06T17:29:33.661447+00:00,1,0,1,0,0,
proxy_pgcat,readonly_steady,250,1,during,2026-05-06T17:29:34.786055+00:00,0,0,0,0,0,"psql: error: connection to server at ""comp1.local.neon.build"" (127.0.0.1), port 4432 failed: ERROR:  sorry, too many clients already"
proxy_pgcat,readonly_steady,250,1,during,2026-05-06T17:29:35.900335+00:00,0,0,0,0,0,"psql: error: connection to server at ""comp1.local.neon.build"" (127.0.0.1), port 4432 failed: ERROR:  sorry, too many clients already"
proxy_pgcat,readonly_steady,250,1,during,2026-05-06T17:29:37.005789+00:00,0,0,0,0,0,"psql: error: connection to server at ""comp1.local.neon.build"" (127.0.0.1), port 4432 failed: ERROR:  sorry, too many clients already"
proxy_pgcat,readonly_steady,250,1,during,2026-05-06T17:29:38.117226+00:00,0,0,0,0,0,"psql: error: connection to server at ""comp1.local.neon.build"" (127.0.0.1), port 4432 failed: ERROR:  sorry, too many clients already"
proxy_pgcat,readonly_steady,250,1,during,2026-05-06T17:29:39.229813+00:00,0,0,0,0,0,"psql: error: connection to server at ""comp1.local.neon.build"" (127.0.0.1), port 4432 failed: ERROR:  sorry, too many clients already"
proxy_pgcat,readonly_steady,250,1,during,2026-05-06T17:29:40.343656+00:00,0,0,0,0,0,"psql: error: connection to server at ""comp1.local.neon.build"" (127.0.0.1), port 4432 failed: ERROR:  sorry, too many clients already"
proxy_pgcat,readonly_steady,250,1,during,2026-05-06T17:29:41.435924+00:00,0,0,0,0,0,"psql: error: connection to server at ""comp1.local.neon.build"" (127.0.0.1), port 4432 failed: ERROR:  sorry, too many clients already"
proxy_pgcat,readonly_steady,250,1,during,2026-05-06T17:29:42.518140+00:00,0,0,0,0,0,"psql: error: connection to server at ""comp1.local.neon.build"" (127.0.0.1), port 4432 failed: ERROR:  sorry, too many clients already"
proxy_pgcat,readonly_steady,250,1,during,2026-05-06T17:29:43.679323+00:00,0,0,0,0,0,"psql: error: connection to server at ""comp1.local.neon.build"" (127.0.0.1), port 4432 failed: ERROR:  sorry, too many clients already"
proxy_pgcat,readonly_steady,250,1,during,2026-05-06T17:29:44.790197+00:00,0,0,0,0,0,"psql: error: connection to server at ""comp1.local.neon.build"" (127.0.0.1), port 4432 failed: ERROR:  sorry, too many clients already"
proxy_pgcat,readonly_steady,250,1,during,2026-05-06T17:29:45.902792+00:00,0,0,0,0,0,"psql: error: connection to server at ""comp1.local.neon.build"" (127.0.0.1), port 4432 failed: ERROR:  sorry, too many clients already"
proxy_pgcat,readonly_steady,250,1,during,2026-05-06T17:29:47.014978+00:00,0,0,0,0,0,"psql: error: connection to server at ""comp1.local.neon.build"" (127.0.0.1), port 4432 failed: ERROR:  sorry, too many clients already"
proxy_pgcat,readonly_steady,250,1,during,2026-05-06T17:29:48.126665+00:00,0,0,0,0,0,"psql: error: connection to server at ""comp1.local.neon.build"" (127.0.0.1), port 4432 failed: ERROR:  sorry, too many clients already"
proxy_pgcat,readonly_steady,250,1,during,2026-05-06T17:29:49.227905+00:00,0,0,0,0,0,"psql: error: connection to server at ""comp1.local.neon.build"" (127.0.0.1), port 4432 failed: ERROR:  sorry, too many clients already"
proxy_pgcat,readonly_steady,250,1,during,2026-05-06T17:29:50.351056+00:00,0,0,0,0,0,"psql: error: connection to server at ""comp1.local.neon.build"" (127.0.0.1), port 4432 failed: ERROR:  sorry, too many clients already"
proxy_pgcat,readonly_steady,250,1,during,2026-05-06T17:29:51.573209+00:00,0,0,0,0,0,"psql: error: connection to server at ""comp1.local.neon.build"" (127.0.0.1), port 4432 failed: ERROR:  sorry, too many clients already"
proxy_pgcat,readonly_steady,250,1,during,2026-05-06T17:29:52.654230+00:00,0,0,0,0,0,"psql: error: connection to server at ""comp1.local.neon.build"" (127.0.0.1), port 4432 failed: ERROR:  sorry, too many clients already"
proxy_pgcat,readonly_steady,250,1,during,2026-05-06T17:29:53.733543+00:00,0,0,0,0,0,"psql: error: connection to server at ""comp1.local.neon.build"" (127.0.0.1), port 4432 failed: ERROR:  sorry, too many clients already"
proxy_pgcat,readonly_steady,250,1,during,2026-05-06T17:29:54.811763+00:00,0,0,0,0,0,"psql: error: connection to server at ""comp1.local.neon.build"" (127.0.0.1), port 4432 failed: ERROR:  sorry, too many clients already"
proxy_pgcat,readonly_steady,250,1,during,2026-05-06T17:29:55.909775+00:00,0,0,0,0,0,"psql: error: connection to server at ""comp1.local.neon.build"" (127.0.0.1), port 4432 failed: ERROR:  sorry, too many clients already"
proxy_pgcat,readonly_steady,250,1,during,2026-05-06T17:29:57.007107+00:00,0,0,0,0,0,"psql: error: connection to server at ""comp1.local.neon.build"" (127.0.0.1), port 4432 failed: ERROR:  sorry, too many clients already"
proxy_pgcat,readonly_steady,250,1,during,2026-05-06T17:29:58.136878+00:00,0,0,0,0,0,"psql: error: connection to server at ""comp1.local.neon.build"" (127.0.0.1), port 4432 failed: ERROR:  sorry, too many clients already"
proxy_pgcat,readonly_steady,250,1,during,2026-05-06T17:29:59.245426+00:00,0,0,0,0,0,"psql: error: connection to server at ""comp1.local.neon.build"" (127.0.0.1), port 4432 failed: ERROR:  sorry, too many clients already"
proxy_pgcat,readonly_steady,250,1,during,2026-05-06T17:30:00.358807+00:00,0,0,0,0,0,"psql: error: connection to server at ""comp1.local.neon.build"" (127.0.0.1), port 4432 failed: ERROR:  sorry, too many clients already"
proxy_pgcat,readonly_steady,250,1,during,2026-05-06T17:30:01.471425+00:00,0,0,0,0,0,"psql: error: connection to server at ""comp1.local.neon.build"" (127.0.0.1), port 4432 failed: ERROR:  sorry, too many clients already"
proxy_pgcat,readonly_steady,250,1,during,2026-05-06T17:30:02.582324+00:00,0,0,0,0,0,"psql: error: connection to server at ""comp1.local.neon.build"" (127.0.0.1), port 4432 failed: ERROR:  sorry, too many clients already"
proxy_pgcat,readonly_steady,250,1,during,2026-05-06T17:30:03.695226+00:00,0,0,0,0,0,"psql: error: connection to server at ""comp1.local.neon.build"" (127.0.0.1), port 4432 failed: ERROR:  sorry, too many clients already"
proxy_pgcat,readonly_steady,250,1,during,2026-05-06T17:30:04.791914+00:00,0,0,0,0,0,"psql: error: connection to server at ""comp1.local.neon.build"" (127.0.0.1), port 4432 failed: ERROR:  sorry, too many clients already"
proxy_pgcat,readonly_steady,250,1,during,2026-05-06T17:30:05.918404+00:00,0,0,0,0,0,"psql: error: connection to server at ""comp1.local.neon.build"" (127.0.0.1), port 4432 failed: ERROR:  sorry, too many clients already"
proxy_pgcat,readonly_steady,250,1,during,2026-05-06T17:30:07.029750+00:00,0,0,0,0,0,"psql: error: connection to server at ""comp1.local.neon.build"" (127.0.0.1), port 4432 failed: ERROR:  sorry, too many clients already"
proxy_pgcat,readonly_steady,250,1,during,2026-05-06T17:30:08.144203+00:00,0,0,0,0,0,"psql: error: connection to server at ""comp1.local.neon.build"" (127.0.0.1), port 4432 failed: ERROR:  sorry, too many clients already"
proxy_pgcat,readonly_steady,250,1,during,2026-05-06T17:30:09.253231+00:00,0,0,0,0,0,"psql: error: connection to server at ""comp1.local.neon.build"" (127.0.0.1), port 4432 failed: ERROR:  sorry, too many clients already"
proxy_pgcat,readonly_steady,250,1,during,2026-05-06T17:30:10.365218+00:00,0,0,0,0,0,"psql: error: connection to server at ""comp1.local.neon.build"" (127.0.0.1), port 4432 failed: ERROR:  sorry, too many clients already"
proxy_pgcat,readonly_steady,250,1,during,2026-05-06T17:30:11.473748+00:00,0,0,0,0,0,"psql: error: connection to server at ""comp1.local.neon.build"" (127.0.0.1), port 4432 failed: ERROR:  sorry, too many clients already"
proxy_pgcat,readonly_steady,250,1,during,2026-05-06T17:30:12.572108+00:00,0,0,0,0,0,"psql: error: connection to server at ""comp1.local.neon.build"" (127.0.0.1), port 4432 failed: ERROR:  sorry, too many clients already"
proxy_pgcat,readonly_steady,250,1,during,2026-05-06T17:30:13.702828+00:00,0,0,0,0,0,"psql: error: connection to server at ""comp1.local.neon.build"" (127.0.0.1), port 4432 failed: ERROR:  sorry, too many clients already"
proxy_pgcat,readonly_steady,250,1,during,2026-05-06T17:30:14.814175+00:00,0,0,0,0,0,"psql: error: connection to server at ""comp1.local.neon.build"" (127.0.0.1), port 4432 failed: ERROR:  sorry, too many clients already"
proxy_pgcat,readonly_steady,250,1,during,2026-05-06T17:30:15.928018+00:00,0,0,0,0,0,"psql: error: connection to server at ""comp1.local.neon.build"" (127.0.0.1), port 4432 failed: ERROR:  sorry, too many clients already"
proxy_pgcat,readonly_steady,250,1,during,2026-05-06T17:30:17.038887+00:00,0,0,0,0,0,"psql: error: connection to server at ""comp1.local.neon.build"" (127.0.0.1), port 4432 failed: ERROR:  sorry, too many clients already"
proxy_pgcat,readonly_steady,250,1,during,2026-05-06T17:30:18.149556+00:00,0,0,0,0,0,"psql: error: connection to server at ""comp1.local.neon.build"" (127.0.0.1), port 4432 failed: ERROR:  sorry, too many clients already"
proxy_pgcat,readonly_steady,250,1,during,2026-05-06T17:30:19.266638+00:00,0,0,0,0,0,"psql: error: connection to server at ""comp1.local.neon.build"" (127.0.0.1), port 4432 failed: ERROR:  sorry, too many clients already"
proxy_pgcat,readonly_steady,250,1,during,2026-05-06T17:30:20.354262+00:00,0,0,0,0,0,"psql: error: connection to server at ""comp1.local.neon.build"" (127.0.0.1), port 4432 failed: ERROR:  sorry, too many clients already"
proxy_pgcat,readonly_steady,250,1,during,2026-05-06T17:30:21.487455+00:00,0,0,0,0,0,"psql: error: connection to server at ""comp1.local.neon.build"" (127.0.0.1), port 4432 failed: ERROR:  sorry, too many clients already"
proxy_pgcat,readonly_steady,250,1,during,2026-05-06T17:30:22.598489+00:00,0,0,0,0,0,"psql: error: connection to server at ""comp1.local.neon.build"" (127.0.0.1), port 4432 failed: ERROR:  sorry, too many clients already"
proxy_pgcat,readonly_steady,250,1,during,2026-05-06T17:30:23.709877+00:00,0,0,0,0,0,"psql: error: connection to server at ""comp1.local.neon.build"" (127.0.0.1), port 4432 failed: ERROR:  sorry, too many clients already"
proxy_pgcat,readonly_steady,250,1,during,2026-05-06T17:30:24.821805+00:00,0,0,0,0,0,"psql: error: connection to server at ""comp1.local.neon.build"" (127.0.0.1), port 4432 failed: ERROR:  sorry, too many clients already"
proxy_pgcat,readonly_steady,250,1,during,2026-05-06T17:30:25.933580+00:00,0,0,0,0,0,"psql: error: connection to server at ""comp1.local.neon.build"" (127.0.0.1), port 4432 failed: ERROR:  sorry, too many clients already"
proxy_pgcat,readonly_steady,250,1,during,2026-05-06T17:30:27.046270+00:00,0,0,0,0,0,"psql: error: connection to server at ""comp1.local.neon.build"" (127.0.0.1), port 4432 failed: ERROR:  sorry, too many clients already"
proxy_pgcat,readonly_steady,250,1,during,2026-05-06T17:30:28.137223+00:00,0,0,0,0,0,"psql: error: connection to server at ""comp1.local.neon.build"" (127.0.0.1), port 4432 failed: ERROR:  sorry, too many clients already"
proxy_pgcat,readonly_steady,250,1,during,2026-05-06T17:30:29.272504+00:00,0,0,0,0,0,"psql: error: connection to server at ""comp1.local.neon.build"" (127.0.0.1), port 4432 failed: ERROR:  sorry, too many clients already"
proxy_pgcat,readonly_steady,250,1,during,2026-05-06T17:30:30.385163+00:00,0,0,0,0,0,"psql: error: connection to server at ""comp1.local.neon.build"" (127.0.0.1), port 4432 failed: ERROR:  sorry, too many clients already"
proxy_pgcat,readonly_steady,250,1,during,2026-05-06T17:30:31.463853+00:00,0,0,0,0,0,"psql: error: connection to server at ""comp1.local.neon.build"" (127.0.0.1), port 4432 failed: ERROR:  sorry, too many clients already"
proxy_pgcat,readonly_steady,250,1,during,2026-05-06T17:30:32.604875+00:00,0,0,0,0,0,"psql: error: connection to server at ""comp1.local.neon.build"" (127.0.0.1), port 4432 failed: ERROR:  sorry, too many clients already"
proxy_pgcat,readonly_steady,250,1,during,2026-05-06T17:30:34.485735+00:00,0,0,0,0,0,"psql: error: connection to server at ""comp1.local.neon.build"" (127.0.0.1), port 4432 failed: ERROR:  sorry, too many clients already"
proxy_pgcat,readonly_steady,250,1,after_15s,2026-05-06T17:30:49.643410+00:00,0,0,0,0,0,"psql: error: connection to server at ""comp1.local.neon.build"" (127.0.0.1), port 4432 failed: ERROR:  sorry, too many clients already"
proxy_pgcat,readonly_steady,250,1,after_30s,2026-05-06T17:31:04.799038+00:00,0,0,0,0,0,"psql: error: connection to server at ""comp1.local.neon.build"" (127.0.0.1), port 4432 failed: ERROR:  sorry, too many clients already"
proxy_pgcat,readonly_steady,250,1,after_45s,2026-05-06T17:31:19.953141+00:00,0,0,0,0,0,"psql: error: connection to server at ""comp1.local.neon.build"" (127.0.0.1), port 4432 failed: ERROR:  sorry, too many clients already"
proxy_pgcat,readonly_steady,250,1,after_60s,2026-05-06T17:31:35.110474+00:00,0,0,0,0,0,"psql: error: connection to server at ""comp1.local.neon.build"" (127.0.0.1), port 4432 failed: ERROR:  sorry, too many clients already"
proxy_pgcat,readonly_steady,250,1,after_90s,2026-05-06T17:32:05.217990+00:00,0,0,0,0,0,"psql: error: connection to server at ""comp1.local.neon.build"" (127.0.0.1), port 4432 failed: ERROR:  sorry, too many clients already"
proxy_pgcat,readonly_steady,250,2,before,2026-05-06T17:32:11.653686+00:00,1,0,1,0,0,
proxy_pgcat,readonly_steady,250,2,during,2026-05-06T17:32:12.705839+00:00,1,0,1,0,0,
proxy_pgcat,readonly_steady,250,2,during,2026-05-06T17:32:13.800370+00:00,0,0,0,0,0,"psql: error: connection to server at ""comp1.local.neon.build"" (127.0.0.1), port 4432 failed: ERROR:  sorry, too many clients already"
proxy_pgcat,readonly_steady,250,2,during,2026-05-06T17:32:14.894739+00:00,0,0,0,0,0,"psql: error: connection to server at ""comp1.local.neon.build"" (127.0.0.1), port 4432 failed: ERROR:  sorry, too many clients already"
proxy_pgcat,readonly_steady,250,2,during,2026-05-06T17:32:16.005565+00:00,0,0,0,0,0,"psql: error: connection to server at ""comp1.local.neon.build"" (127.0.0.1), port 4432 failed: ERROR:  sorry, too many clients already"
proxy_pgcat,readonly_steady,250,2,during,2026-05-06T17:32:17.092818+00:00,0,0,0,0,0,"psql: error: connection to server at ""comp1.local.neon.build"" (127.0.0.1), port 4432 failed: ERROR:  sorry, too many clients already"
proxy_pgcat,readonly_steady,250,2,during,2026-05-06T17:32:18.230836+00:00,0,0,0,0,0,"psql: error: connection to server at ""comp1.local.neon.build"" (127.0.0.1), port 4432 failed: ERROR:  sorry, too many clients already"
proxy_pgcat,readonly_steady,250,2,during,2026-05-06T17:32:19.346384+00:00,0,0,0,0,0,"psql: error: connection to server at ""comp1.local.neon.build"" (127.0.0.1), port 4432 failed: ERROR:  sorry, too many clients already"
proxy_pgcat,readonly_steady,250,2,during,2026-05-06T17:32:20.448990+00:00,0,0,0,0,0,"psql: error: connection to server at ""comp1.local.neon.build"" (127.0.0.1), port 4432 failed: ERROR:  sorry, too many clients already"
proxy_pgcat,readonly_steady,250,2,during,2026-05-06T17:32:21.559048+00:00,0,0,0,0,0,"psql: error: connection to server at ""comp1.local.neon.build"" (127.0.0.1), port 4432 failed: ERROR:  sorry, too many clients already"
proxy_pgcat,readonly_steady,250,2,during,2026-05-06T17:32:22.669828+00:00,0,0,0,0,0,"psql: error: connection to server at ""comp1.local.neon.build"" (127.0.0.1), port 4432 failed: ERROR:  sorry, too many clients already"
proxy_pgcat,readonly_steady,250,2,during,2026-05-06T17:32:23.785618+00:00,0,0,0,0,0,"psql: error: connection to server at ""comp1.local.neon.build"" (127.0.0.1), port 4432 failed: ERROR:  sorry, too many clients already"
proxy_pgcat,readonly_steady,250,2,during,2026-05-06T17:32:24.875265+00:00,0,0,0,0,0,"psql: error: connection to server at ""comp1.local.neon.build"" (127.0.0.1), port 4432 failed: ERROR:  sorry, too many clients already"
proxy_pgcat,readonly_steady,250,2,during,2026-05-06T17:32:26.009029+00:00,0,0,0,0,0,"psql: error: connection to server at ""comp1.local.neon.build"" (127.0.0.1), port 4432 failed: ERROR:  sorry, too many clients already"
proxy_pgcat,readonly_steady,250,2,during,2026-05-06T17:32:27.120200+00:00,0,0,0,0,0,"psql: error: connection to server at ""comp1.local.neon.build"" (127.0.0.1), port 4432 failed: ERROR:  sorry, too many clients already"
proxy_pgcat,readonly_steady,250,2,during,2026-05-06T17:32:28.229462+00:00,0,0,0,0,0,"psql: error: connection to server at ""comp1.local.neon.build"" (127.0.0.1), port 4432 failed: ERROR:  sorry, too many clients already"
proxy_pgcat,readonly_steady,250,2,during,2026-05-06T17:32:29.343361+00:00,0,0,0,0,0,"psql: error: connection to server at ""comp1.local.neon.build"" (127.0.0.1), port 4432 failed: ERROR:  sorry, too many clients already"
proxy_pgcat,readonly_steady,250,2,during,2026-05-06T17:32:30.454287+00:00,0,0,0,0,0,"psql: error: connection to server at ""comp1.local.neon.build"" (127.0.0.1), port 4432 failed: ERROR:  sorry, too many clients already"
proxy_pgcat,readonly_steady,250,2,during,2026-05-06T17:32:31.565344+00:00,0,0,0,0,0,"psql: error: connection to server at ""comp1.local.neon.build"" (127.0.0.1), port 4432 failed: ERROR:  sorry, too many clients already"
proxy_pgcat,readonly_steady,250,2,during,2026-05-06T17:32:32.660300+00:00,0,0,0,0,0,"psql: error: connection to server at ""comp1.local.neon.build"" (127.0.0.1), port 4432 failed: ERROR:  sorry, too many clients already"
proxy_pgcat,readonly_steady,250,2,during,2026-05-06T17:32:33.794582+00:00,0,0,0,0,0,"psql: error: connection to server at ""comp1.local.neon.build"" (127.0.0.1), port 4432 failed: ERROR:  sorry, too many clients already"
proxy_pgcat,readonly_steady,250,2,during,2026-05-06T17:32:34.903242+00:00,0,0,0,0,0,"psql: error: connection to server at ""comp1.local.neon.build"" (127.0.0.1), port 4432 failed: ERROR:  sorry, too many clients already"
proxy_pgcat,readonly_steady,250,2,during,2026-05-06T17:32:36.016092+00:00,0,0,0,0,0,"psql: error: connection to server at ""comp1.local.neon.build"" (127.0.0.1), port 4432 failed: ERROR:  sorry, too many clients already"
proxy_pgcat,readonly_steady,250,2,during,2026-05-06T17:32:37.127428+00:00,0,0,0,0,0,"psql: error: connection to server at ""comp1.local.neon.build"" (127.0.0.1), port 4432 failed: ERROR:  sorry, too many clients already"
proxy_pgcat,readonly_steady,250,2,during,2026-05-06T17:32:38.238010+00:00,0,0,0,0,0,"psql: error: connection to server at ""comp1.local.neon.build"" (127.0.0.1), port 4432 failed: ERROR:  sorry, too many clients already"
proxy_pgcat,readonly_steady,250,2,during,2026-05-06T17:32:39.350826+00:00,0,0,0,0,0,"psql: error: connection to server at ""comp1.local.neon.build"" (127.0.0.1), port 4432 failed: ERROR:  sorry, too many clients already"
proxy_pgcat,readonly_steady,250,2,during,2026-05-06T17:32:40.441617+00:00,0,0,0,0,0,"psql: error: connection to server at ""comp1.local.neon.build"" (127.0.0.1), port 4432 failed: ERROR:  sorry, too many clients already"
proxy_pgcat,readonly_steady,250,2,during,2026-05-06T17:32:41.574803+00:00,0,0,0,0,0,"psql: error: connection to server at ""comp1.local.neon.build"" (127.0.0.1), port 4432 failed: ERROR:  sorry, too many clients already"
proxy_pgcat,readonly_steady,250,2,during,2026-05-06T17:32:42.688964+00:00,0,0,0,0,0,"psql: error: connection to server at ""comp1.local.neon.build"" (127.0.0.1), port 4432 failed: ERROR:  sorry, too many clients already"
proxy_pgcat,readonly_steady,250,2,during,2026-05-06T17:32:43.798023+00:00,0,0,0,0,0,"psql: error: connection to server at ""comp1.local.neon.build"" (127.0.0.1), port 4432 failed: ERROR:  sorry, too many clients already"
proxy_pgcat,readonly_steady,250,2,during,2026-05-06T17:32:44.910217+00:00,0,0,0,0,0,"psql: error: connection to server at ""comp1.local.neon.build"" (127.0.0.1), port 4432 failed: ERROR:  sorry, too many clients already"
proxy_pgcat,readonly_steady,250,2,during,2026-05-06T17:32:46.022510+00:00,0,0,0,0,0,"psql: error: connection to server at ""comp1.local.neon.build"" (127.0.0.1), port 4432 failed: ERROR:  sorry, too many clients already"
proxy_pgcat,readonly_steady,250,2,during,2026-05-06T17:32:47.136442+00:00,0,0,0,0,0,"psql: error: connection to server at ""comp1.local.neon.build"" (127.0.0.1), port 4432 failed: ERROR:  sorry, too many clients already"
proxy_pgcat,readonly_steady,250,2,during,2026-05-06T17:32:48.222021+00:00,0,0,0,0,0,"psql: error: connection to server at ""comp1.local.neon.build"" (127.0.0.1), port 4432 failed: ERROR:  sorry, too many clients already"
proxy_pgcat,readonly_steady,250,2,during,2026-05-06T17:32:49.358094+00:00,0,0,0,0,0,"psql: error: connection to server at ""comp1.local.neon.build"" (127.0.0.1), port 4432 failed: ERROR:  sorry, too many clients already"
proxy_pgcat,readonly_steady,250,2,during,2026-05-06T17:32:50.475816+00:00,0,0,0,0,0,"psql: error: connection to server at ""comp1.local.neon.build"" (127.0.0.1), port 4432 failed: ERROR:  sorry, too many clients already"
proxy_pgcat,readonly_steady,250,2,during,2026-05-06T17:32:51.586499+00:00,0,0,0,0,0,"psql: error: connection to server at ""comp1.local.neon.build"" (127.0.0.1), port 4432 failed: ERROR:  sorry, too many clients already"
proxy_pgcat,readonly_steady,250,2,during,2026-05-06T17:32:52.694396+00:00,0,0,0,0,0,"psql: error: connection to server at ""comp1.local.neon.build"" (127.0.0.1), port 4432 failed: ERROR:  sorry, too many clients already"
proxy_pgcat,readonly_steady,250,2,during,2026-05-06T17:32:53.809183+00:00,0,0,0,0,0,"psql: error: connection to server at ""comp1.local.neon.build"" (127.0.0.1), port 4432 failed: ERROR:  sorry, too many clients already"
proxy_pgcat,readonly_steady,250,2,during,2026-05-06T17:32:54.920592+00:00,0,0,0,0,0,"psql: error: connection to server at ""comp1.local.neon.build"" (127.0.0.1), port 4432 failed: ERROR:  sorry, too many clients already"
proxy_pgcat,readonly_steady,250,2,during,2026-05-06T17:32:56.004921+00:00,0,0,0,0,0,"psql: error: connection to server at ""comp1.local.neon.build"" (127.0.0.1), port 4432 failed: ERROR:  sorry, too many clients already"
proxy_pgcat,readonly_steady,250,2,during,2026-05-06T17:32:57.146661+00:00,0,0,0,0,0,"psql: error: connection to server at ""comp1.local.neon.build"" (127.0.0.1), port 4432 failed: ERROR:  sorry, too many clients already"
proxy_pgcat,readonly_steady,250,2,during,2026-05-06T17:32:58.257744+00:00,0,0,0,0,0,"psql: error: connection to server at ""comp1.local.neon.build"" (127.0.0.1), port 4432 failed: ERROR:  sorry, too many clients already"
proxy_pgcat,readonly_steady,250,2,during,2026-05-06T17:32:59.367422+00:00,0,0,0,0,0,"psql: error: connection to server at ""comp1.local.neon.build"" (127.0.0.1), port 4432 failed: ERROR:  sorry, too many clients already"
proxy_pgcat,readonly_steady,250,2,during,2026-05-06T17:33:00.448224+00:00,0,0,0,0,0,"psql: error: connection to server at ""comp1.local.neon.build"" (127.0.0.1), port 4432 failed: ERROR:  sorry, too many clients already"
proxy_pgcat,readonly_steady,250,2,during,2026-05-06T17:33:01.591875+00:00,0,0,0,0,0,"psql: error: connection to server at ""comp1.local.neon.build"" (127.0.0.1), port 4432 failed: ERROR:  sorry, too many clients already"
proxy_pgcat,readonly_steady,250,2,during,2026-05-06T17:33:02.704711+00:00,0,0,0,0,0,"psql: error: connection to server at ""comp1.local.neon.build"" (127.0.0.1), port 4432 failed: ERROR:  sorry, too many clients already"
proxy_pgcat,readonly_steady,250,2,during,2026-05-06T17:33:03.814768+00:00,0,0,0,0,0,"psql: error: connection to server at ""comp1.local.neon.build"" (127.0.0.1), port 4432 failed: ERROR:  sorry, too many clients already"
proxy_pgcat,readonly_steady,250,2,during,2026-05-06T17:33:04.928583+00:00,0,0,0,0,0,"psql: error: connection to server at ""comp1.local.neon.build"" (127.0.0.1), port 4432 failed: ERROR:  sorry, too many clients already"
proxy_pgcat,readonly_steady,250,2,during,2026-05-06T17:33:06.049885+00:00,0,0,0,0,0,"psql: error: connection to server at ""comp1.local.neon.build"" (127.0.0.1), port 4432 failed: ERROR:  sorry, too many clients already"
proxy_pgcat,readonly_steady,250,2,during,2026-05-06T17:33:07.150965+00:00,0,0,0,0,0,"psql: error: connection to server at ""comp1.local.neon.build"" (127.0.0.1), port 4432 failed: ERROR:  sorry, too many clients already"
proxy_pgcat,readonly_steady,250,2,during,2026-05-06T17:33:08.262370+00:00,0,0,0,0,0,"psql: error: connection to server at ""comp1.local.neon.build"" (127.0.0.1), port 4432 failed: ERROR:  sorry, too many clients already"
proxy_pgcat,readonly_steady,250,2,during,2026-05-06T17:33:09.376735+00:00,0,0,0,0,0,"psql: error: connection to server at ""comp1.local.neon.build"" (127.0.0.1), port 4432 failed: ERROR:  sorry, too many clients already"
proxy_pgcat,readonly_steady,250,2,during,2026-05-06T17:33:10.470710+00:00,0,0,0,0,0,"psql: error: connection to server at ""comp1.local.neon.build"" (127.0.0.1), port 4432 failed: ERROR:  sorry, too many clients already"
proxy_pgcat,readonly_steady,250,2,during,2026-05-06T17:33:11.572311+00:00,0,0,0,0,0,"psql: error: connection to server at ""comp1.local.neon.build"" (127.0.0.1), port 4432 failed: ERROR:  sorry, too many clients already"
proxy_pgcat,readonly_steady,250,2,during,2026-05-06T17:33:13.619776+00:00,0,0,0,0,0,"psql: error: connection to server at ""comp1.local.neon.build"" (127.0.0.1), port 4432 failed: ERROR:  sorry, too many clients already"
proxy_pgcat,readonly_steady,250,2,after_15s,2026-05-06T17:33:28.778262+00:00,0,0,0,0,0,"psql: error: connection to server at ""comp1.local.neon.build"" (127.0.0.1), port 4432 failed: ERROR:  sorry, too many clients already"
proxy_pgcat,readonly_steady,250,2,after_30s,2026-05-06T17:33:43.854358+00:00,0,0,0,0,0,"psql: error: connection to server at ""comp1.local.neon.build"" (127.0.0.1), port 4432 failed: ERROR:  sorry, too many clients already"
proxy_pgcat,readonly_steady,250,2,after_45s,2026-05-06T17:33:59.088292+00:00,0,0,0,0,0,"psql: error: connection to server at ""comp1.local.neon.build"" (127.0.0.1), port 4432 failed: ERROR:  sorry, too many clients already"
proxy_pgcat,readonly_steady,250,2,after_60s,2026-05-06T17:34:14.242945+00:00,0,0,0,0,0,"psql: error: connection to server at ""comp1.local.neon.build"" (127.0.0.1), port 4432 failed: ERROR:  sorry, too many clients already"
proxy_pgcat,readonly_steady,250,2,after_90s,2026-05-06T17:34:44.348790+00:00,0,0,0,0,0,"psql: error: connection to server at ""comp1.local.neon.build"" (127.0.0.1), port 4432 failed: ERROR:  sorry, too many clients already"
proxy_pgcat,readonly_steady,250,3,before,2026-05-06T17:34:50.643771+00:00,1,0,1,0,0,
proxy_pgcat,readonly_steady,250,3,during,2026-05-06T17:34:51.704877+00:00,1,0,1,0,0,
proxy_pgcat,readonly_steady,250,3,during,2026-05-06T17:34:52.782591+00:00,0,0,0,0,0,"psql: error: connection to server at ""comp1.local.neon.build"" (127.0.0.1), port 4432 failed: ERROR:  sorry, too many clients already"
proxy_pgcat,readonly_steady,250,3,during,2026-05-06T17:34:53.893913+00:00,0,0,0,0,0,"psql: error: connection to server at ""comp1.local.neon.build"" (127.0.0.1), port 4432 failed: ERROR:  sorry, too many clients already"
proxy_pgcat,readonly_steady,250,3,during,2026-05-06T17:34:54.999117+00:00,0,0,0,0,0,"psql: error: connection to server at ""comp1.local.neon.build"" (127.0.0.1), port 4432 failed: ERROR:  sorry, too many clients already"
proxy_pgcat,readonly_steady,250,3,during,2026-05-06T17:34:56.119524+00:00,0,0,0,0,0,"psql: error: connection to server at ""comp1.local.neon.build"" (127.0.0.1), port 4432 failed: ERROR:  sorry, too many clients already"
proxy_pgcat,readonly_steady,250,3,during,2026-05-06T17:34:57.230463+00:00,0,0,0,0,0,"psql: error: connection to server at ""comp1.local.neon.build"" (127.0.0.1), port 4432 failed: ERROR:  sorry, too many clients already"
proxy_pgcat,readonly_steady,250,3,during,2026-05-06T17:34:58.342621+00:00,0,0,0,0,0,"psql: error: connection to server at ""comp1.local.neon.build"" (127.0.0.1), port 4432 failed: ERROR:  sorry, too many clients already"
proxy_pgcat,readonly_steady,250,3,during,2026-05-06T17:34:59.455004+00:00,0,0,0,0,0,"psql: error: connection to server at ""comp1.local.neon.build"" (127.0.0.1), port 4432 failed: ERROR:  sorry, too many clients already"
proxy_pgcat,readonly_steady,250,3,during,2026-05-06T17:35:00.567040+00:00,0,0,0,0,0,"psql: error: connection to server at ""comp1.local.neon.build"" (127.0.0.1), port 4432 failed: ERROR:  sorry, too many clients already"
proxy_pgcat,readonly_steady,250,3,during,2026-05-06T17:35:01.679132+00:00,0,0,0,0,0,"psql: error: connection to server at ""comp1.local.neon.build"" (127.0.0.1), port 4432 failed: ERROR:  sorry, too many clients already"
proxy_pgcat,readonly_steady,250,3,during,2026-05-06T17:35:02.781393+00:00,0,0,0,0,0,"psql: error: connection to server at ""comp1.local.neon.build"" (127.0.0.1), port 4432 failed: ERROR:  sorry, too many clients already"
proxy_pgcat,readonly_steady,250,3,during,2026-05-06T17:35:03.902825+00:00,0,0,0,0,0,"psql: error: connection to server at ""comp1.local.neon.build"" (127.0.0.1), port 4432 failed: ERROR:  sorry, too many clients already"
proxy_pgcat,readonly_steady,250,3,during,2026-05-06T17:35:05.013235+00:00,0,0,0,0,0,"psql: error: connection to server at ""comp1.local.neon.build"" (127.0.0.1), port 4432 failed: ERROR:  sorry, too many clients already"
proxy_pgcat,readonly_steady,250,3,during,2026-05-06T17:35:06.127358+00:00,0,0,0,0,0,"psql: error: connection to server at ""comp1.local.neon.build"" (127.0.0.1), port 4432 failed: ERROR:  sorry, too many clients already"
proxy_pgcat,readonly_steady,250,3,during,2026-05-06T17:35:07.236752+00:00,0,0,0,0,0,"psql: error: connection to server at ""comp1.local.neon.build"" (127.0.0.1), port 4432 failed: ERROR:  sorry, too many clients already"
proxy_pgcat,readonly_steady,250,3,during,2026-05-06T17:35:08.350113+00:00,0,0,0,0,0,"psql: error: connection to server at ""comp1.local.neon.build"" (127.0.0.1), port 4432 failed: ERROR:  sorry, too many clients already"
proxy_pgcat,readonly_steady,250,3,during,2026-05-06T17:35:09.433577+00:00,0,0,0,0,0,"psql: error: connection to server at ""comp1.local.neon.build"" (127.0.0.1), port 4432 failed: ERROR:  sorry, too many clients already"
proxy_pgcat,readonly_steady,250,3,during,2026-05-06T17:35:10.508562+00:00,0,0,0,0,0,"psql: error: connection to server at ""comp1.local.neon.build"" (127.0.0.1), port 4432 failed: ERROR:  sorry, too many clients already"
proxy_pgcat,readonly_steady,250,3,during,2026-05-06T17:35:11.690256+00:00,0,0,0,0,0,"psql: error: connection to server at ""comp1.local.neon.build"" (127.0.0.1), port 4432 failed: ERROR:  sorry, too many clients already"
proxy_pgcat,readonly_steady,250,3,during,2026-05-06T17:35:12.798077+00:00,0,0,0,0,0,"psql: error: connection to server at ""comp1.local.neon.build"" (127.0.0.1), port 4432 failed: ERROR:  sorry, too many clients already"
proxy_pgcat,readonly_steady,250,3,during,2026-05-06T17:35:13.909708+00:00,0,0,0,0,0,"psql: error: connection to server at ""comp1.local.neon.build"" (127.0.0.1), port 4432 failed: ERROR:  sorry, too many clients already"
proxy_pgcat,readonly_steady,250,3,during,2026-05-06T17:35:15.025580+00:00,0,0,0,0,0,"psql: error: connection to server at ""comp1.local.neon.build"" (127.0.0.1), port 4432 failed: ERROR:  sorry, too many clients already"
proxy_pgcat,readonly_steady,250,3,during,2026-05-06T17:35:16.134420+00:00,0,0,0,0,0,"psql: error: connection to server at ""comp1.local.neon.build"" (127.0.0.1), port 4432 failed: ERROR:  sorry, too many clients already"
proxy_pgcat,readonly_steady,250,3,during,2026-05-06T17:35:17.247527+00:00,0,0,0,0,0,"psql: error: connection to server at ""comp1.local.neon.build"" (127.0.0.1), port 4432 failed: ERROR:  sorry, too many clients already"
proxy_pgcat,readonly_steady,250,3,during,2026-05-06T17:35:18.347251+00:00,0,0,0,0,0,"psql: error: connection to server at ""comp1.local.neon.build"" (127.0.0.1), port 4432 failed: ERROR:  sorry, too many clients already"
proxy_pgcat,readonly_steady,250,3,during,2026-05-06T17:35:19.442308+00:00,0,0,0,0,0,"psql: error: connection to server at ""comp1.local.neon.build"" (127.0.0.1), port 4432 failed: ERROR:  sorry, too many clients already"
proxy_pgcat,readonly_steady,250,3,during,2026-05-06T17:35:20.583155+00:00,0,0,0,0,0,"psql: error: connection to server at ""comp1.local.neon.build"" (127.0.0.1), port 4432 failed: ERROR:  sorry, too many clients already"
proxy_pgcat,readonly_steady,250,3,during,2026-05-06T17:35:21.696100+00:00,0,0,0,0,0,"psql: error: connection to server at ""comp1.local.neon.build"" (127.0.0.1), port 4432 failed: ERROR:  sorry, too many clients already"
proxy_pgcat,readonly_steady,250,3,during,2026-05-06T17:35:22.805452+00:00,0,0,0,0,0,"psql: error: connection to server at ""comp1.local.neon.build"" (127.0.0.1), port 4432 failed: ERROR:  sorry, too many clients already"
proxy_pgcat,readonly_steady,250,3,during,2026-05-06T17:35:23.919913+00:00,0,0,0,0,0,"psql: error: connection to server at ""comp1.local.neon.build"" (127.0.0.1), port 4432 failed: ERROR:  sorry, too many clients already"
proxy_pgcat,readonly_steady,250,3,during,2026-05-06T17:35:25.030256+00:00,0,0,0,0,0,"psql: error: connection to server at ""comp1.local.neon.build"" (127.0.0.1), port 4432 failed: ERROR:  sorry, too many clients already"
proxy_pgcat,readonly_steady,250,3,during,2026-05-06T17:35:26.128312+00:00,0,0,0,0,0,"psql: error: connection to server at ""comp1.local.neon.build"" (127.0.0.1), port 4432 failed: ERROR:  sorry, too many clients already"
proxy_pgcat,readonly_steady,250,3,during,2026-05-06T17:35:27.253915+00:00,0,0,0,0,0,"psql: error: connection to server at ""comp1.local.neon.build"" (127.0.0.1), port 4432 failed: ERROR:  sorry, too many clients already"
proxy_pgcat,readonly_steady,250,3,during,2026-05-06T17:35:28.367733+00:00,0,0,0,0,0,"psql: error: connection to server at ""comp1.local.neon.build"" (127.0.0.1), port 4432 failed: ERROR:  sorry, too many clients already"
proxy_pgcat,readonly_steady,250,3,during,2026-05-06T17:35:29.481908+00:00,0,0,0,0,0,"psql: error: connection to server at ""comp1.local.neon.build"" (127.0.0.1), port 4432 failed: ERROR:  sorry, too many clients already"
proxy_pgcat,readonly_steady,250,3,during,2026-05-06T17:35:30.590549+00:00,0,0,0,0,0,"psql: error: connection to server at ""comp1.local.neon.build"" (127.0.0.1), port 4432 failed: ERROR:  sorry, too many clients already"
proxy_pgcat,readonly_steady,250,3,during,2026-05-06T17:35:31.703635+00:00,0,0,0,0,0,"psql: error: connection to server at ""comp1.local.neon.build"" (127.0.0.1), port 4432 failed: ERROR:  sorry, too many clients already"
proxy_pgcat,readonly_steady,250,3,during,2026-05-06T17:35:32.813713+00:00,0,0,0,0,0,"psql: error: connection to server at ""comp1.local.neon.build"" (127.0.0.1), port 4432 failed: ERROR:  sorry, too many clients already"
proxy_pgcat,readonly_steady,250,3,during,2026-05-06T17:35:33.913173+00:00,0,0,0,0,0,"psql: error: connection to server at ""comp1.local.neon.build"" (127.0.0.1), port 4432 failed: ERROR:  sorry, too many clients already"
proxy_pgcat,readonly_steady,250,3,during,2026-05-06T17:35:35.038872+00:00,0,0,0,0,0,"psql: error: connection to server at ""comp1.local.neon.build"" (127.0.0.1), port 4432 failed: ERROR:  sorry, too many clients already"
proxy_pgcat,readonly_steady,250,3,during,2026-05-06T17:35:36.155619+00:00,0,0,0,0,0,"psql: error: connection to server at ""comp1.local.neon.build"" (127.0.0.1), port 4432 failed: ERROR:  sorry, too many clients already"
proxy_pgcat,readonly_steady,250,3,during,2026-05-06T17:35:37.261914+00:00,0,0,0,0,0,"psql: error: connection to server at ""comp1.local.neon.build"" (127.0.0.1), port 4432 failed: ERROR:  sorry, too many clients already"
proxy_pgcat,readonly_steady,250,3,during,2026-05-06T17:35:38.373652+00:00,0,0,0,0,0,"psql: error: connection to server at ""comp1.local.neon.build"" (127.0.0.1), port 4432 failed: ERROR:  sorry, too many clients already"
proxy_pgcat,readonly_steady,250,3,during,2026-05-06T17:35:39.487552+00:00,0,0,0,0,0,"psql: error: connection to server at ""comp1.local.neon.build"" (127.0.0.1), port 4432 failed: ERROR:  sorry, too many clients already"
proxy_pgcat,readonly_steady,250,3,during,2026-05-06T17:35:40.597608+00:00,0,0,0,0,0,"psql: error: connection to server at ""comp1.local.neon.build"" (127.0.0.1), port 4432 failed: ERROR:  sorry, too many clients already"
proxy_pgcat,readonly_steady,250,3,during,2026-05-06T17:35:41.693603+00:00,0,0,0,0,0,"psql: error: connection to server at ""comp1.local.neon.build"" (127.0.0.1), port 4432 failed: ERROR:  sorry, too many clients already"
proxy_pgcat,readonly_steady,250,3,during,2026-05-06T17:35:42.824312+00:00,0,0,0,0,0,"psql: error: connection to server at ""comp1.local.neon.build"" (127.0.0.1), port 4432 failed: ERROR:  sorry, too many clients already"
proxy_pgcat,readonly_steady,250,3,during,2026-05-06T17:35:43.938785+00:00,0,0,0,0,0,"psql: error: connection to server at ""comp1.local.neon.build"" (127.0.0.1), port 4432 failed: ERROR:  sorry, too many clients already"
proxy_pgcat,readonly_steady,250,3,during,2026-05-06T17:35:45.046297+00:00,0,0,0,0,0,"psql: error: connection to server at ""comp1.local.neon.build"" (127.0.0.1), port 4432 failed: ERROR:  sorry, too many clients already"
proxy_pgcat,readonly_steady,250,3,during,2026-05-06T17:35:46.159277+00:00,0,0,0,0,0,"psql: error: connection to server at ""comp1.local.neon.build"" (127.0.0.1), port 4432 failed: ERROR:  sorry, too many clients already"
proxy_pgcat,readonly_steady,250,3,during,2026-05-06T17:35:47.274013+00:00,0,0,0,0,0,"psql: error: connection to server at ""comp1.local.neon.build"" (127.0.0.1), port 4432 failed: ERROR:  sorry, too many clients already"
proxy_pgcat,readonly_steady,250,3,during,2026-05-06T17:35:48.381027+00:00,0,0,0,0,0,"psql: error: connection to server at ""comp1.local.neon.build"" (127.0.0.1), port 4432 failed: ERROR:  sorry, too many clients already"
proxy_pgcat,readonly_steady,250,3,during,2026-05-06T17:35:49.477674+00:00,0,0,0,0,0,"psql: error: connection to server at ""comp1.local.neon.build"" (127.0.0.1), port 4432 failed: ERROR:  sorry, too many clients already"
proxy_pgcat,readonly_steady,250,3,during,2026-05-06T17:35:50.603808+00:00,0,0,0,0,0,"psql: error: connection to server at ""comp1.local.neon.build"" (127.0.0.1), port 4432 failed: ERROR:  sorry, too many clients already"
proxy_pgcat,readonly_steady,250,3,during,2026-05-06T17:35:52.446690+00:00,0,0,0,0,0,"psql: error: connection to server at ""comp1.local.neon.build"" (127.0.0.1), port 4432 failed: ERROR:  sorry, too many clients already"
proxy_pgcat,readonly_steady,250,3,after_15s,2026-05-06T17:36:07.561602+00:00,0,0,0,0,0,"psql: error: connection to server at ""comp1.local.neon.build"" (127.0.0.1), port 4432 failed: ERROR:  sorry, too many clients already"
proxy_pgcat,readonly_steady,250,3,after_30s,2026-05-06T17:36:22.659089+00:00,0,0,0,0,0,"psql: error: connection to server at ""comp1.local.neon.build"" (127.0.0.1), port 4432 failed: ERROR:  sorry, too many clients already"
proxy_pgcat,readonly_steady,250,3,after_45s,2026-05-06T17:36:37.817765+00:00,0,0,0,0,0,"psql: error: connection to server at ""comp1.local.neon.build"" (127.0.0.1), port 4432 failed: ERROR:  sorry, too many clients already"
proxy_pgcat,readonly_steady,250,3,after_60s,2026-05-06T17:36:52.891537+00:00,0,0,0,0,0,"psql: error: connection to server at ""comp1.local.neon.build"" (127.0.0.1), port 4432 failed: ERROR:  sorry, too many clients already"
proxy_pgcat,readonly_steady,250,3,after_90s,2026-05-06T17:37:22.965613+00:00,0,0,0,0,0,"psql: error: connection to server at ""comp1.local.neon.build"" (127.0.0.1), port 4432 failed: ERROR:  sorry, too many clients already"
proxy_pgcat,readonly_connect,1,1,before,2026-05-06T17:37:29.577404+00:00,1,0,1,0,0,
proxy_pgcat,readonly_connect,1,1,during,2026-05-06T17:37:30.603230+00:00,1,0,1,0,0,
proxy_pgcat,readonly_connect,1,1,during,2026-05-06T17:37:31.659199+00:00,1,0,1,0,0,
proxy_pgcat,readonly_connect,1,1,during,2026-05-06T17:37:32.715546+00:00,1,0,1,0,0,
proxy_pgcat,readonly_connect,1,1,during,2026-05-06T17:37:33.789698+00:00,1,0,1,0,0,
proxy_pgcat,readonly_connect,1,1,during,2026-05-06T17:37:34.847551+00:00,1,0,1,0,0,
proxy_pgcat,readonly_connect,1,1,during,2026-05-06T17:37:35.903569+00:00,1,0,1,0,0,
proxy_pgcat,readonly_connect,1,1,during,2026-05-06T17:37:36.960066+00:00,1,0,1,0,0,
proxy_pgcat,readonly_connect,1,1,during,2026-05-06T17:37:38.015385+00:00,1,0,1,0,0,
proxy_pgcat,readonly_connect,1,1,during,2026-05-06T17:37:39.071908+00:00,1,0,1,0,0,
proxy_pgcat,readonly_connect,1,1,during,2026-05-06T17:37:40.131361+00:00,1,0,1,0,0,
proxy_pgcat,readonly_connect,1,1,during,2026-05-06T17:37:41.192735+00:00,1,0,1,0,0,
proxy_pgcat,readonly_connect,1,1,during,2026-05-06T17:37:42.250399+00:00,1,0,1,0,0,
proxy_pgcat,readonly_connect,1,1,during,2026-05-06T17:37:43.312706+00:00,1,0,1,0,0,
proxy_pgcat,readonly_connect,1,1,during,2026-05-06T17:37:44.367596+00:00,1,0,1,0,0,
proxy_pgcat,readonly_connect,1,1,during,2026-05-06T17:37:45.424718+00:00,1,0,1,0,0,
proxy_pgcat,readonly_connect,1,1,during,2026-05-06T17:37:46.481854+00:00,1,0,1,0,0,
proxy_pgcat,readonly_connect,1,1,during,2026-05-06T17:37:47.541237+00:00,1,0,1,0,0,
proxy_pgcat,readonly_connect,1,1,during,2026-05-06T17:37:48.670326+00:00,1,0,1,0,0,
proxy_pgcat,readonly_connect,1,1,during,2026-05-06T17:37:49.800267+00:00,1,0,1,0,0,
proxy_pgcat,readonly_connect,1,1,during,2026-05-06T17:37:50.855613+00:00,1,0,1,0,0,
proxy_pgcat,readonly_connect,1,1,during,2026-05-06T17:37:51.912232+00:00,1,0,1,0,0,
proxy_pgcat,readonly_connect,1,1,during,2026-05-06T17:37:52.968715+00:00,1,0,1,0,0,
proxy_pgcat,readonly_connect,1,1,during,2026-05-06T17:37:54.024237+00:00,1,0,1,0,0,
proxy_pgcat,readonly_connect,1,1,during,2026-05-06T17:37:55.081377+00:00,1,0,1,0,0,
proxy_pgcat,readonly_connect,1,1,during,2026-05-06T17:37:56.138134+00:00,1,0,1,0,0,
proxy_pgcat,readonly_connect,1,1,during,2026-05-06T17:37:57.197719+00:00,1,0,1,0,0,
proxy_pgcat,readonly_connect,1,1,during,2026-05-06T17:37:58.255519+00:00,1,0,1,0,0,
proxy_pgcat,readonly_connect,1,1,during,2026-05-06T17:37:59.317864+00:00,1,0,1,0,0,
proxy_pgcat,readonly_connect,1,1,after_15s,2026-05-06T17:38:14.692319+00:00,1,0,1,0,0,
proxy_pgcat,readonly_connect,1,1,after_30s,2026-05-06T17:38:29.943655+00:00,1,0,1,0,0,
proxy_pgcat,readonly_connect,1,1,after_45s,2026-05-06T17:38:45.194102+00:00,1,0,1,0,0,
proxy_pgcat,readonly_connect,1,1,after_60s,2026-05-06T17:39:00.365583+00:00,1,0,1,0,0,
proxy_pgcat,readonly_connect,1,1,after_90s,2026-05-06T17:39:30.440031+00:00,1,0,1,0,0,
proxy_pgcat,readonly_connect,1,2,before,2026-05-06T17:39:37.027562+00:00,1,0,1,0,0,
proxy_pgcat,readonly_connect,1,2,during,2026-05-06T17:39:38.051529+00:00,1,0,1,0,0,
proxy_pgcat,readonly_connect,1,2,during,2026-05-06T17:39:39.110308+00:00,1,0,1,0,0,
proxy_pgcat,readonly_connect,1,2,during,2026-05-06T17:39:40.166980+00:00,1,0,1,0,0,
proxy_pgcat,readonly_connect,1,2,during,2026-05-06T17:39:41.223399+00:00,1,0,1,0,0,
proxy_pgcat,readonly_connect,1,2,during,2026-05-06T17:39:42.281194+00:00,1,0,1,0,0,
proxy_pgcat,readonly_connect,1,2,during,2026-05-06T17:39:43.375082+00:00,1,0,1,0,0,
proxy_pgcat,readonly_connect,1,2,during,2026-05-06T17:39:44.455202+00:00,1,0,1,0,0,
proxy_pgcat,readonly_connect,1,2,during,2026-05-06T17:39:45.628380+00:00,1,0,1,0,0,
proxy_pgcat,readonly_connect,1,2,during,2026-05-06T17:39:46.850026+00:00,1,0,1,0,0,
proxy_pgcat,readonly_connect,1,2,during,2026-05-06T17:39:51.194332+00:00,1,0,1,0,0,
proxy_pgcat,readonly_connect,1,2,during,2026-05-06T17:39:52.280399+00:00,1,0,1,0,0,
proxy_pgcat,readonly_connect,1,2,during,2026-05-06T17:39:53.338671+00:00,1,0,1,0,0,
proxy_pgcat,readonly_connect,1,2,during,2026-05-06T17:39:54.395129+00:00,1,0,1,0,0,
proxy_pgcat,readonly_connect,1,2,during,2026-05-06T17:39:55.453506+00:00,1,0,1,0,0,
proxy_pgcat,readonly_connect,1,2,during,2026-05-06T17:39:56.582138+00:00,1,0,1,0,0,
proxy_pgcat,readonly_connect,1,2,during,2026-05-06T17:39:57.637416+00:00,1,0,1,0,0,
proxy_pgcat,readonly_connect,1,2,during,2026-05-06T17:39:58.828313+00:00,1,0,1,0,0,
proxy_pgcat,readonly_connect,1,2,during,2026-05-06T17:39:59.887481+00:00,1,0,1,0,0,
proxy_pgcat,readonly_connect,1,2,during,2026-05-06T17:40:00.944888+00:00,1,0,1,0,0,
proxy_pgcat,readonly_connect,1,2,during,2026-05-06T17:40:02.003283+00:00,1,0,1,0,0,
proxy_pgcat,readonly_connect,1,2,during,2026-05-06T17:40:03.060455+00:00,1,0,1,0,0,
proxy_pgcat,readonly_connect,1,2,during,2026-05-06T17:40:04.116787+00:00,1,0,1,0,0,
proxy_pgcat,readonly_connect,1,2,during,2026-05-06T17:40:05.175616+00:00,1,0,1,0,0,
proxy_pgcat,readonly_connect,1,2,during,2026-05-06T17:40:06.234402+00:00,1,0,1,0,0,
proxy_pgcat,readonly_connect,1,2,after_15s,2026-05-06T17:40:22.296312+00:00,1,0,1,0,0,
proxy_pgcat,readonly_connect,1,2,after_30s,2026-05-06T17:40:37.443621+00:00,1,0,1,0,0,
proxy_pgcat,readonly_connect,1,2,after_45s,2026-05-06T17:40:52.516807+00:00,1,0,1,0,0,
proxy_pgcat,readonly_connect,1,2,after_60s,2026-05-06T17:41:07.586193+00:00,1,0,1,0,0,
proxy_pgcat,readonly_connect,1,2,after_90s,2026-05-06T17:41:37.660162+00:00,1,0,1,0,0,
proxy_pgcat,readonly_connect,1,3,before,2026-05-06T17:41:44.273733+00:00,1,0,1,0,0,
proxy_pgcat,readonly_connect,1,3,during,2026-05-06T17:41:45.303108+00:00,1,0,1,0,0,
proxy_pgcat,readonly_connect,1,3,during,2026-05-06T17:41:46.359949+00:00,1,0,1,0,0,
proxy_pgcat,readonly_connect,1,3,during,2026-05-06T17:41:47.419333+00:00,1,0,1,0,0,
proxy_pgcat,readonly_connect,1,3,during,2026-05-06T17:41:48.475661+00:00,1,0,1,0,0,
proxy_pgcat,readonly_connect,1,3,during,2026-05-06T17:41:49.533947+00:00,1,0,1,0,0,
proxy_pgcat,readonly_connect,1,3,during,2026-05-06T17:41:50.664705+00:00,1,0,1,0,0,
proxy_pgcat,readonly_connect,1,3,during,2026-05-06T17:41:51.798390+00:00,1,0,1,0,0,
proxy_pgcat,readonly_connect,1,3,during,2026-05-06T17:41:53.018911+00:00,1,0,1,0,0,
proxy_pgcat,readonly_connect,1,3,during,2026-05-06T17:41:54.228054+00:00,1,0,1,0,0,
proxy_pgcat,readonly_connect,1,3,during,2026-05-06T17:41:55.306214+00:00,1,0,1,0,0,
proxy_pgcat,readonly_connect,1,3,during,2026-05-06T17:41:56.363054+00:00,1,0,1,0,0,
proxy_pgcat,readonly_connect,1,3,during,2026-05-06T17:41:57.419610+00:00,1,0,1,0,0,
proxy_pgcat,readonly_connect,1,3,during,2026-05-06T17:41:58.541048+00:00,1,0,1,0,0,
proxy_pgcat,readonly_connect,1,3,during,2026-05-06T17:41:59.781335+00:00,1,0,1,0,0,
proxy_pgcat,readonly_connect,1,3,during,2026-05-06T17:42:00.906285+00:00,1,0,1,0,0,
proxy_pgcat,readonly_connect,1,3,during,2026-05-06T17:42:02.009873+00:00,1,0,1,0,0,
proxy_pgcat,readonly_connect,1,3,during,2026-05-06T17:42:03.081330+00:00,1,0,1,0,0,
proxy_pgcat,readonly_connect,1,3,during,2026-05-06T17:42:04.146602+00:00,1,0,1,0,0,
proxy_pgcat,readonly_connect,1,3,during,2026-05-06T17:42:05.309197+00:00,1,0,1,0,0,
proxy_pgcat,readonly_connect,1,3,during,2026-05-06T17:42:06.462987+00:00,1,0,1,0,0,
proxy_pgcat,readonly_connect,1,3,during,2026-05-06T17:42:07.562175+00:00,1,0,1,0,0,
proxy_pgcat,readonly_connect,1,3,during,2026-05-06T17:42:08.683694+00:00,1,0,1,0,0,
proxy_pgcat,readonly_connect,1,3,during,2026-05-06T17:42:09.748298+00:00,1,0,1,0,0,
proxy_pgcat,readonly_connect,1,3,during,2026-05-06T17:42:10.805730+00:00,1,0,1,0,0,
proxy_pgcat,readonly_connect,1,3,during,2026-05-06T17:42:12.016906+00:00,1,0,1,0,0,
proxy_pgcat,readonly_connect,1,3,during,2026-05-06T17:42:13.090076+00:00,1,0,1,0,0,
proxy_pgcat,readonly_connect,1,3,during,2026-05-06T17:42:14.245000+00:00,1,0,1,0,0,
proxy_pgcat,readonly_connect,1,3,during,2026-05-06T17:42:15.353949+00:00,1,0,1,0,0,
proxy_pgcat,readonly_connect,1,3,during,2026-05-06T17:42:16.458547+00:00,1,0,1,0,0,
proxy_pgcat,readonly_connect,1,3,after_15s,2026-05-06T17:42:31.938059+00:00,1,0,1,0,0,
proxy_pgcat,readonly_connect,1,3,after_30s,2026-05-06T17:42:47.082518+00:00,1,0,1,0,0,
proxy_pgcat,readonly_connect,1,3,after_45s,2026-05-06T17:43:02.236431+00:00,1,0,1,0,0,
proxy_pgcat,readonly_connect,1,3,after_60s,2026-05-06T17:43:17.402349+00:00,1,0,1,0,0,
proxy_pgcat,readonly_connect,1,3,after_90s,2026-05-06T17:43:47.511217+00:00,1,0,1,0,0,
proxy_pgcat,readonly_connect,10,1,before,2026-05-06T17:43:54.064647+00:00,1,0,1,0,0,
proxy_pgcat,readonly_connect,10,1,during,2026-05-06T17:43:55.097208+00:00,5,0,5,0,0,
proxy_pgcat,readonly_connect,10,1,during,2026-05-06T17:43:56.315762+00:00,7,0,7,0,0,
proxy_pgcat,readonly_connect,10,1,during,2026-05-06T17:43:57.382357+00:00,7,0,7,0,0,
proxy_pgcat,readonly_connect,10,1,during,2026-05-06T17:44:03.448303+00:00,7,0,7,0,0,
proxy_pgcat,readonly_connect,10,1,during,2026-05-06T17:44:04.511817+00:00,7,0,7,0,0,
proxy_pgcat,readonly_connect,10,1,during,2026-05-06T17:44:05.570634+00:00,7,0,7,0,0,
proxy_pgcat,readonly_connect,10,1,during,2026-05-06T17:44:06.633686+00:00,7,0,7,0,0,
proxy_pgcat,readonly_connect,10,1,during,2026-05-06T17:44:07.697492+00:00,7,0,7,0,0,
proxy_pgcat,readonly_connect,10,1,during,2026-05-06T17:44:08.761239+00:00,7,0,7,0,0,
proxy_pgcat,readonly_connect,10,1,during,2026-05-06T17:44:09.819863+00:00,7,0,7,0,0,
proxy_pgcat,readonly_connect,10,1,during,2026-05-06T17:44:10.884353+00:00,8,0,8,0,0,
proxy_pgcat,readonly_connect,10,1,during,2026-05-06T17:44:12.082049+00:00,8,0,8,0,0,
proxy_pgcat,readonly_connect,10,1,during,2026-05-06T17:44:13.143458+00:00,8,0,8,0,0,
proxy_pgcat,readonly_connect,10,1,during,2026-05-06T17:44:14.203976+00:00,8,0,8,0,0,
proxy_pgcat,readonly_connect,10,1,during,2026-05-06T17:44:15.265818+00:00,8,0,8,0,0,
proxy_pgcat,readonly_connect,10,1,during,2026-05-06T17:44:16.327781+00:00,8,0,8,0,0,
proxy_pgcat,readonly_connect,10,1,during,2026-05-06T17:44:17.387250+00:00,8,0,8,0,0,
proxy_pgcat,readonly_connect,10,1,during,2026-05-06T17:44:18.451705+00:00,8,0,8,0,0,
proxy_pgcat,readonly_connect,10,1,during,2026-05-06T17:44:19.513256+00:00,8,0,8,0,0,
proxy_pgcat,readonly_connect,10,1,during,2026-05-06T17:44:20.576221+00:00,8,0,8,0,0,
proxy_pgcat,readonly_connect,10,1,during,2026-05-06T17:44:21.638561+00:00,8,0,8,0,0,
proxy_pgcat,readonly_connect,10,1,during,2026-05-06T17:44:22.700039+00:00,8,0,8,0,0,
proxy_pgcat,readonly_connect,10,1,during,2026-05-06T17:44:23.765469+00:00,8,0,8,0,0,
proxy_pgcat,readonly_connect,10,1,after_15s,2026-05-06T17:44:39.427644+00:00,8,0,8,0,0,
proxy_pgcat,readonly_connect,10,1,after_30s,2026-05-06T17:44:54.498673+00:00,8,0,8,0,0,
proxy_pgcat,readonly_connect,10,1,after_45s,2026-05-06T17:45:09.636744+00:00,8,0,8,0,0,
proxy_pgcat,readonly_connect,10,1,after_60s,2026-05-06T17:45:24.796892+00:00,8,0,8,0,0,
proxy_pgcat,readonly_connect,10,1,after_90s,2026-05-06T17:45:54.900703+00:00,8,0,8,0,0,
proxy_pgcat,readonly_connect,10,2,before,2026-05-06T17:46:01.266912+00:00,1,0,1,0,0,
proxy_pgcat,readonly_connect,10,2,during,2026-05-06T17:46:02.293826+00:00,7,0,7,0,0,
proxy_pgcat,readonly_connect,10,2,during,2026-05-06T17:46:03.356789+00:00,7,0,7,0,0,
proxy_pgcat,readonly_connect,10,2,during,2026-05-06T17:46:04.419883+00:00,7,0,7,0,0,
proxy_pgcat,readonly_connect,10,2,during,2026-05-06T17:46:05.479050+00:00,7,0,7,0,0,
proxy_pgcat,readonly_connect,10,2,during,2026-05-06T17:46:06.545272+00:00,7,0,7,0,0,
proxy_pgcat,readonly_connect,10,2,during,2026-05-06T17:46:07.609342+00:00,7,0,7,0,0,
proxy_pgcat,readonly_connect,10,2,during,2026-05-06T17:46:08.669923+00:00,10,0,10,0,0,
proxy_pgcat,readonly_connect,10,2,during,2026-05-06T17:46:09.729108+00:00,10,0,10,0,0,
proxy_pgcat,readonly_connect,10,2,during,2026-05-06T17:46:10.791885+00:00,10,0,10,0,0,
proxy_pgcat,readonly_connect,10,2,during,2026-05-06T17:46:11.905349+00:00,10,0,10,0,0,
proxy_pgcat,readonly_connect,10,2,during,2026-05-06T17:46:12.965261+00:00,10,0,10,0,0,
proxy_pgcat,readonly_connect,10,2,during,2026-05-06T17:46:14.025707+00:00,10,0,10,0,0,
proxy_pgcat,readonly_connect,10,2,during,2026-05-06T17:46:15.088587+00:00,10,0,10,0,0,
proxy_pgcat,readonly_connect,10,2,during,2026-05-06T17:46:16.198393+00:00,10,0,10,0,0,
proxy_pgcat,readonly_connect,10,2,during,2026-05-06T17:46:17.260560+00:00,10,0,10,0,0,
proxy_pgcat,readonly_connect,10,2,during,2026-05-06T17:46:18.321356+00:00,10,0,10,0,0,
proxy_pgcat,readonly_connect,10,2,during,2026-05-06T17:46:19.385958+00:00,10,0,10,0,0,
proxy_pgcat,readonly_connect,10,2,during,2026-05-06T17:46:20.453169+00:00,10,0,10,0,0,
proxy_pgcat,readonly_connect,10,2,during,2026-05-06T17:46:21.730826+00:00,10,0,10,0,0,
proxy_pgcat,readonly_connect,10,2,during,2026-05-06T17:46:22.959159+00:00,10,0,10,0,0,
proxy_pgcat,readonly_connect,10,2,during,2026-05-06T17:46:24.188821+00:00,10,0,10,0,0,
proxy_pgcat,readonly_connect,10,2,during,2026-05-06T17:46:25.419486+00:00,10,0,10,0,0,
proxy_pgcat,readonly_connect,10,2,during,2026-05-06T17:46:26.489507+00:00,10,0,10,0,0,
proxy_pgcat,readonly_connect,10,2,during,2026-05-06T17:46:27.669810+00:00,10,0,10,0,0,
proxy_pgcat,readonly_connect,10,2,during,2026-05-06T17:46:28.897851+00:00,10,0,10,0,0,
proxy_pgcat,readonly_connect,10,2,during,2026-05-06T17:46:30.073226+00:00,10,0,10,0,0,
proxy_pgcat,readonly_connect,10,2,during,2026-05-06T17:46:31.138728+00:00,10,0,10,0,0,
proxy_pgcat,readonly_connect,10,2,after_15s,2026-05-06T17:46:46.506759+00:00,10,0,10,0,0,
proxy_pgcat,readonly_connect,10,2,after_30s,2026-05-06T17:47:01.671105+00:00,10,0,10,0,0,
proxy_pgcat,readonly_connect,10,2,after_45s,2026-05-06T17:47:16.771158+00:00,10,0,10,0,0,
proxy_pgcat,readonly_connect,10,2,after_60s,2026-05-06T17:47:31.980902+00:00,10,0,10,0,0,
proxy_pgcat,readonly_connect,10,2,after_90s,2026-05-06T17:48:02.093027+00:00,10,0,10,0,0,
proxy_pgcat,readonly_connect,10,3,before,2026-05-06T17:48:08.439599+00:00,1,0,1,0,0,
proxy_pgcat,readonly_connect,10,3,during,2026-05-06T17:48:09.466605+00:00,8,0,8,0,0,
proxy_pgcat,readonly_connect,10,3,during,2026-05-06T17:48:10.580059+00:00,8,0,8,0,0,
proxy_pgcat,readonly_connect,10,3,during,2026-05-06T17:48:11.639562+00:00,8,0,8,0,0,
proxy_pgcat,readonly_connect,10,3,during,2026-05-06T17:48:12.700682+00:00,9,0,9,0,0,
proxy_pgcat,readonly_connect,10,3,during,2026-05-06T17:48:13.763273+00:00,9,0,9,0,0,
proxy_pgcat,readonly_connect,10,3,during,2026-05-06T17:48:14.823393+00:00,9,0,9,0,0,
proxy_pgcat,readonly_connect,10,3,during,2026-05-06T17:48:15.893303+00:00,9,0,9,0,0,
proxy_pgcat,readonly_connect,10,3,during,2026-05-06T17:48:17.131992+00:00,9,0,9,0,0,
proxy_pgcat,readonly_connect,10,3,during,2026-05-06T17:48:18.191088+00:00,9,0,9,0,0,
proxy_pgcat,readonly_connect,10,3,during,2026-05-06T17:48:19.391663+00:00,9,0,9,0,0,
proxy_pgcat,readonly_connect,10,3,during,2026-05-06T17:48:20.512935+00:00,9,0,9,0,0,
proxy_pgcat,readonly_connect,10,3,during,2026-05-06T17:48:21.750863+00:00,9,0,9,0,0,
proxy_pgcat,readonly_connect,10,3,during,2026-05-06T17:48:22.979098+00:00,9,0,9,0,0,
proxy_pgcat,readonly_connect,10,3,during,2026-05-06T17:48:24.207479+00:00,9,0,9,0,0,
proxy_pgcat,readonly_connect,10,3,during,2026-05-06T17:48:25.437261+00:00,9,0,9,0,0,
proxy_pgcat,readonly_connect,10,3,during,2026-05-06T17:48:26.503798+00:00,9,0,9,0,0,
proxy_pgcat,readonly_connect,10,3,during,2026-05-06T17:48:27.562980+00:00,9,0,9,0,0,
proxy_pgcat,readonly_connect,10,3,during,2026-05-06T17:48:28.624004+00:00,9,0,9,0,0,
proxy_pgcat,readonly_connect,10,3,during,2026-05-06T17:48:29.733679+00:00,9,0,9,0,0,
proxy_pgcat,readonly_connect,10,3,during,2026-05-06T17:48:30.969861+00:00,9,0,9,0,0,
proxy_pgcat,readonly_connect,10,3,during,2026-05-06T17:48:32.196081+00:00,9,0,9,0,0,
proxy_pgcat,readonly_connect,10,3,during,2026-05-06T17:48:33.344849+00:00,9,0,9,0,0,
proxy_pgcat,readonly_connect,10,3,during,2026-05-06T17:48:34.442440+00:00,9,0,9,0,0,
proxy_pgcat,readonly_connect,10,3,during,2026-05-06T17:48:35.509543+00:00,9,0,9,0,0,
proxy_pgcat,readonly_connect,10,3,during,2026-05-06T17:48:36.570460+00:00,9,0,9,0,0,
proxy_pgcat,readonly_connect,10,3,during,2026-05-06T17:48:37.630960+00:00,9,0,9,0,0,
proxy_pgcat,readonly_connect,10,3,after_15s,2026-05-06T17:48:53.580783+00:00,9,0,9,0,0,
proxy_pgcat,readonly_connect,10,3,after_30s,2026-05-06T17:49:08.856699+00:00,9,0,9,0,0,
proxy_pgcat,readonly_connect,10,3,after_45s,2026-05-06T17:49:24.011896+00:00,9,0,9,0,0,
proxy_pgcat,readonly_connect,10,3,after_60s,2026-05-06T17:49:39.098814+00:00,9,0,9,0,0,
proxy_pgcat,readonly_connect,10,3,after_90s,2026-05-06T17:50:09.170782+00:00,9,0,9,0,0,
proxy_pgcat,readonly_connect,25,1,before,2026-05-06T17:50:15.795893+00:00,1,0,1,0,0,
proxy_pgcat,readonly_connect,25,1,during,2026-05-06T17:50:16.912543+00:00,19,0,19,0,0,
proxy_pgcat,readonly_connect,25,1,during,2026-05-06T17:50:17.996205+00:00,19,0,19,0,0,
proxy_pgcat,readonly_connect,25,1,during,2026-05-06T17:50:19.110727+00:00,19,0,19,0,0,
proxy_pgcat,readonly_connect,25,1,during,2026-05-06T17:50:20.232694+00:00,19,0,19,0,0,
proxy_pgcat,readonly_connect,25,1,during,2026-05-06T17:50:21.361183+00:00,19,0,19,0,0,
proxy_pgcat,readonly_connect,25,1,during,2026-05-06T17:50:22.467776+00:00,19,0,19,0,0,
proxy_pgcat,readonly_connect,25,1,during,2026-05-06T17:50:23.582568+00:00,19,0,19,0,0,
proxy_pgcat,readonly_connect,25,1,during,2026-05-06T17:50:24.664362+00:00,19,0,19,0,0,
proxy_pgcat,readonly_connect,25,1,during,2026-05-06T17:50:25.765328+00:00,19,0,19,0,0,
proxy_pgcat,readonly_connect,25,1,during,2026-05-06T17:50:26.889020+00:00,19,0,19,0,0,
proxy_pgcat,readonly_connect,25,1,during,2026-05-06T17:50:28.027962+00:00,19,0,19,0,0,
proxy_pgcat,readonly_connect,25,1,during,2026-05-06T17:50:29.141361+00:00,19,0,19,0,0,
proxy_pgcat,readonly_connect,25,1,during,2026-05-06T17:50:30.251401+00:00,19,0,19,0,0,
proxy_pgcat,readonly_connect,25,1,during,2026-05-06T17:50:31.366087+00:00,19,0,19,0,0,
proxy_pgcat,readonly_connect,25,1,during,2026-05-06T17:50:32.438298+00:00,19,0,19,0,0,
proxy_pgcat,readonly_connect,25,1,during,2026-05-06T17:50:33.578982+00:00,19,0,19,0,0,
proxy_pgcat,readonly_connect,25,1,during,2026-05-06T17:50:34.671257+00:00,19,0,19,0,0,
proxy_pgcat,readonly_connect,25,1,during,2026-05-06T17:50:35.806125+00:00,19,0,19,0,0,
proxy_pgcat,readonly_connect,25,1,during,2026-05-06T17:50:36.915388+00:00,19,0,19,0,0,
proxy_pgcat,readonly_connect,25,1,during,2026-05-06T17:50:38.024460+00:00,19,0,19,0,0,
proxy_pgcat,readonly_connect,25,1,during,2026-05-06T17:50:39.088190+00:00,19,0,19,0,0,
proxy_pgcat,readonly_connect,25,1,during,2026-05-06T17:50:40.253541+00:00,19,0,19,0,0,
proxy_pgcat,readonly_connect,25,1,during,2026-05-06T17:50:41.364444+00:00,19,0,19,0,0,
proxy_pgcat,readonly_connect,25,1,during,2026-05-06T17:50:42.441538+00:00,19,0,19,0,0,
proxy_pgcat,readonly_connect,25,1,during,2026-05-06T17:50:43.588618+00:00,19,0,19,0,0,
proxy_pgcat,readonly_connect,25,1,during,2026-05-06T17:50:44.702379+00:00,19,0,19,0,0,
proxy_pgcat,readonly_connect,25,1,during,2026-05-06T17:50:45.824416+00:00,19,0,19,0,0,
proxy_pgcat,readonly_connect,25,1,after_15s,2026-05-06T17:51:01.096145+00:00,19,0,19,0,0,
proxy_pgcat,readonly_connect,25,1,after_30s,2026-05-06T17:51:16.249376+00:00,19,0,19,0,0,
proxy_pgcat,readonly_connect,25,1,after_45s,2026-05-06T17:51:31.396727+00:00,19,0,19,0,0,
proxy_pgcat,readonly_connect,25,1,after_60s,2026-05-06T17:51:46.656028+00:00,19,0,19,0,0,
proxy_pgcat,readonly_connect,25,1,after_90s,2026-05-06T17:52:16.875078+00:00,19,0,19,0,0,
proxy_pgcat,readonly_connect,25,2,before,2026-05-06T17:52:23.427023+00:00,1,0,1,0,0,
proxy_pgcat,readonly_connect,25,2,during,2026-05-06T17:52:24.490385+00:00,20,0,20,0,0,
proxy_pgcat,readonly_connect,25,2,during,2026-05-06T17:52:25.681521+00:00,20,0,20,0,0,
proxy_pgcat,readonly_connect,25,2,during,2026-05-06T17:52:26.806985+00:00,20,0,20,0,0,
proxy_pgcat,readonly_connect,25,2,during,2026-05-06T17:52:27.916721+00:00,20,0,20,0,0,
proxy_pgcat,readonly_connect,25,2,during,2026-05-06T17:52:29.164206+00:00,20,0,20,0,0,
proxy_pgcat,readonly_connect,25,2,during,2026-05-06T17:52:30.325854+00:00,20,0,20,0,0,
proxy_pgcat,readonly_connect,25,2,during,2026-05-06T17:52:31.439688+00:00,20,0,20,0,0,
proxy_pgcat,readonly_connect,25,2,during,2026-05-06T17:52:32.528055+00:00,20,0,20,0,0,
proxy_pgcat,readonly_connect,25,2,during,2026-05-06T17:52:33.660137+00:00,20,0,20,0,0,
proxy_pgcat,readonly_connect,25,2,during,2026-05-06T17:52:34.788954+00:00,20,0,20,0,0,
proxy_pgcat,readonly_connect,25,2,during,2026-05-06T17:52:35.902351+00:00,20,0,20,0,0,
proxy_pgcat,readonly_connect,25,2,during,2026-05-06T17:52:36.994207+00:00,20,0,20,0,0,
proxy_pgcat,readonly_connect,25,2,during,2026-05-06T17:52:38.076416+00:00,20,0,20,0,0,
proxy_pgcat,readonly_connect,25,2,during,2026-05-06T17:52:39.197695+00:00,20,0,20,0,0,
proxy_pgcat,readonly_connect,25,2,during,2026-05-06T17:52:40.335298+00:00,20,0,20,0,0,
proxy_pgcat,readonly_connect,25,2,during,2026-05-06T17:52:41.448226+00:00,20,0,20,0,0,
proxy_pgcat,readonly_connect,25,2,during,2026-05-06T17:52:42.554910+00:00,20,0,20,0,0,
proxy_pgcat,readonly_connect,25,2,during,2026-05-06T17:52:43.668021+00:00,20,0,20,0,0,
proxy_pgcat,readonly_connect,25,2,during,2026-05-06T17:52:44.779807+00:00,20,0,20,0,0,
proxy_pgcat,readonly_connect,25,2,during,2026-05-06T17:52:45.891417+00:00,20,0,20,0,0,
proxy_pgcat,readonly_connect,25,2,during,2026-05-06T17:52:46.980379+00:00,20,0,20,0,0,
proxy_pgcat,readonly_connect,25,2,during,2026-05-06T17:52:48.110740+00:00,20,0,20,0,0,
proxy_pgcat,readonly_connect,25,2,during,2026-05-06T17:52:49.236626+00:00,20,0,20,0,0,
proxy_pgcat,readonly_connect,25,2,during,2026-05-06T17:52:50.340497+00:00,20,0,20,0,0,
proxy_pgcat,readonly_connect,25,2,during,2026-05-06T17:52:51.553394+00:00,20,0,20,0,0,
proxy_pgcat,readonly_connect,25,2,during,2026-05-06T17:52:52.628886+00:00,20,0,20,0,0,
proxy_pgcat,readonly_connect,25,2,during,2026-05-06T17:52:53.706903+00:00,20,0,20,0,0,
proxy_pgcat,readonly_connect,25,2,during,2026-05-06T17:52:54.785984+00:00,20,0,20,0,0,
proxy_pgcat,readonly_connect,25,2,after_15s,2026-05-06T17:53:10.740306+00:00,20,0,20,0,0,
proxy_pgcat,readonly_connect,25,2,after_30s,2026-05-06T17:53:25.897354+00:00,20,0,20,0,0,
proxy_pgcat,readonly_connect,25,2,after_45s,2026-05-06T17:53:40.971714+00:00,20,0,20,0,0,
proxy_pgcat,readonly_connect,25,2,after_60s,2026-05-06T17:53:56.094279+00:00,20,0,20,0,0,
proxy_pgcat,readonly_connect,25,2,after_90s,2026-05-06T17:54:26.211304+00:00,20,0,20,0,0,
proxy_pgcat,readonly_connect,25,3,before,2026-05-06T17:54:32.670074+00:00,1,0,1,0,0,
proxy_pgcat,readonly_connect,25,3,during,2026-05-06T17:54:33.740737+00:00,7,0,7,0,0,
proxy_pgcat,readonly_connect,25,3,during,2026-05-06T17:54:34.822604+00:00,7,0,7,0,0,
proxy_pgcat,readonly_connect,25,3,during,2026-05-06T17:54:35.888906+00:00,7,0,7,0,0,
proxy_pgcat,readonly_connect,25,3,during,2026-05-06T17:54:37.067590+00:00,8,0,8,0,0,
proxy_pgcat,readonly_connect,25,3,during,2026-05-06T17:54:38.192316+00:00,8,0,8,0,0,
proxy_pgcat,readonly_connect,25,3,during,2026-05-06T17:54:39.298610+00:00,8,0,8,0,0,
proxy_pgcat,readonly_connect,25,3,during,2026-05-06T17:54:40.412123+00:00,8,0,8,0,0,
proxy_pgcat,readonly_connect,25,3,during,2026-05-06T17:54:41.524604+00:00,8,0,8,0,0,
proxy_pgcat,readonly_connect,25,3,during,2026-05-06T17:54:42.602941+00:00,8,0,8,0,0,
proxy_pgcat,readonly_connect,25,3,during,2026-05-06T17:54:43.723468+00:00,8,0,8,0,0,
proxy_pgcat,readonly_connect,25,3,during,2026-05-06T17:54:44.860258+00:00,8,0,8,0,0,
proxy_pgcat,readonly_connect,25,3,during,2026-05-06T17:54:45.977880+00:00,8,0,8,0,0,
proxy_pgcat,readonly_connect,25,3,during,2026-05-06T17:54:47.083530+00:00,8,0,8,0,0,
proxy_pgcat,readonly_connect,25,3,during,2026-05-06T17:54:48.196438+00:00,8,0,8,0,0,
proxy_pgcat,readonly_connect,25,3,during,2026-05-06T17:54:49.283124+00:00,8,0,8,0,0,
proxy_pgcat,readonly_connect,25,3,during,2026-05-06T17:54:50.377842+00:00,8,0,8,0,0,
proxy_pgcat,readonly_connect,25,3,during,2026-05-06T17:54:51.508958+00:00,8,0,8,0,0,
proxy_pgcat,readonly_connect,25,3,during,2026-05-06T17:54:52.632662+00:00,8,0,8,0,0,
proxy_pgcat,readonly_connect,25,3,during,2026-05-06T17:54:53.761664+00:00,8,0,8,0,0,
proxy_pgcat,readonly_connect,25,3,during,2026-05-06T17:54:54.868587+00:00,8,0,8,0,0,
proxy_pgcat,readonly_connect,25,3,during,2026-05-06T17:54:55.980207+00:00,9,0,9,0,0,
proxy_pgcat,readonly_connect,25,3,during,2026-05-06T17:54:57.061892+00:00,9,0,9,0,0,
proxy_pgcat,readonly_connect,25,3,during,2026-05-06T17:54:58.161288+00:00,9,0,9,0,0,
proxy_pgcat,readonly_connect,25,3,during,2026-05-06T17:54:59.286028+00:00,9,0,9,0,0,
proxy_pgcat,readonly_connect,25,3,during,2026-05-06T17:55:00.413205+00:00,9,0,9,0,0,
proxy_pgcat,readonly_connect,25,3,during,2026-05-06T17:55:01.593989+00:00,9,0,9,0,0,
proxy_pgcat,readonly_connect,25,3,during,2026-05-06T17:55:02.665677+00:00,9,0,9,0,0,
proxy_pgcat,readonly_connect,25,3,during,2026-05-06T17:55:03.753918+00:00,9,0,9,0,0,
proxy_pgcat,readonly_connect,25,3,during,2026-05-06T17:55:04.867788+00:00,9,0,9,0,0,
proxy_pgcat,readonly_connect,25,3,during,2026-05-06T17:55:05.979653+00:00,9,0,9,0,0,
proxy_pgcat,readonly_connect,25,3,after_15s,2026-05-06T17:55:21.407973+00:00,9,0,9,0,0,
proxy_pgcat,readonly_connect,25,3,after_30s,2026-05-06T17:55:36.522702+00:00,9,0,9,0,0,
proxy_pgcat,readonly_connect,25,3,after_45s,2026-05-06T17:55:51.595110+00:00,9,0,9,0,0,
proxy_pgcat,readonly_connect,25,3,after_60s,2026-05-06T17:56:06.877578+00:00,9,0,9,0,0,
proxy_pgcat,readonly_connect,25,3,after_90s,2026-05-06T17:56:36.986002+00:00,9,0,9,0,0,
proxy_pgcat,readonly_connect,50,1,before,2026-05-06T17:56:43.333264+00:00,1,0,1,0,0,
proxy_pgcat,readonly_connect,50,1,during,2026-05-06T17:56:44.381739+00:00,44,0,44,0,0,
proxy_pgcat,readonly_connect,50,1,during,2026-05-06T17:56:45.491775+00:00,44,0,44,0,0,
proxy_pgcat,readonly_connect,50,1,during,2026-05-06T17:56:46.642099+00:00,44,0,44,0,0,
proxy_pgcat,readonly_connect,50,1,during,2026-05-06T17:56:47.940528+00:00,44,0,44,0,0,
proxy_pgcat,readonly_connect,50,1,during,2026-05-06T17:56:49.066748+00:00,44,0,44,0,0,
proxy_pgcat,readonly_connect,50,1,during,2026-05-06T17:56:50.299136+00:00,44,0,44,0,0,
proxy_pgcat,readonly_connect,50,1,during,2026-05-06T17:56:51.374107+00:00,44,0,44,0,0,
proxy_pgcat,readonly_connect,50,1,during,2026-05-06T17:56:52.562738+00:00,44,0,44,0,0,
proxy_pgcat,readonly_connect,50,1,during,2026-05-06T17:56:53.692078+00:00,44,0,44,0,0,
proxy_pgcat,readonly_connect,50,1,during,2026-05-06T17:56:54.818302+00:00,44,0,44,0,0,
proxy_pgcat,readonly_connect,50,1,during,2026-05-06T17:56:55.963822+00:00,44,0,44,0,0,
proxy_pgcat,readonly_connect,50,1,during,2026-05-06T17:56:57.071708+00:00,44,0,44,0,0,
proxy_pgcat,readonly_connect,50,1,during,2026-05-06T17:56:58.298607+00:00,44,0,44,0,0,
proxy_pgcat,readonly_connect,50,1,during,2026-05-06T17:56:59.426403+00:00,44,0,44,0,0,
proxy_pgcat,readonly_connect,50,1,during,2026-05-06T17:57:00.568736+00:00,44,0,44,0,0,
proxy_pgcat,readonly_connect,50,1,during,2026-05-06T17:57:01.726261+00:00,44,0,44,0,0,
proxy_pgcat,readonly_connect,50,1,during,2026-05-06T17:57:02.800199+00:00,44,0,44,0,0,
proxy_pgcat,readonly_connect,50,1,during,2026-05-06T17:57:03.867342+00:00,44,0,44,0,0,
proxy_pgcat,readonly_connect,50,1,during,2026-05-06T17:57:04.975017+00:00,44,0,44,0,0,
proxy_pgcat,readonly_connect,50,1,during,2026-05-06T17:57:06.064894+00:00,44,0,44,0,0,
proxy_pgcat,readonly_connect,50,1,during,2026-05-06T17:57:07.197608+00:00,44,0,44,0,0,
proxy_pgcat,readonly_connect,50,1,during,2026-05-06T17:57:08.335749+00:00,44,0,44,0,0,
proxy_pgcat,readonly_connect,50,1,during,2026-05-06T17:57:09.470357+00:00,44,0,44,0,0,
proxy_pgcat,readonly_connect,50,1,during,2026-05-06T17:57:10.579955+00:00,44,0,44,0,0,
proxy_pgcat,readonly_connect,50,1,during,2026-05-06T17:57:11.675609+00:00,44,0,44,0,0,
proxy_pgcat,readonly_connect,50,1,during,2026-05-06T17:57:12.797727+00:00,44,0,44,0,0,
proxy_pgcat,readonly_connect,50,1,after_15s,2026-05-06T17:57:28.914121+00:00,44,0,44,0,0,
proxy_pgcat,readonly_connect,50,1,after_30s,2026-05-06T17:57:43.993807+00:00,44,0,44,0,0,
proxy_pgcat,readonly_connect,50,1,after_45s,2026-05-06T17:57:59.112688+00:00,44,0,44,0,0,
proxy_pgcat,readonly_connect,50,1,after_60s,2026-05-06T17:58:14.186190+00:00,44,0,44,0,0,
proxy_pgcat,readonly_connect,50,1,after_90s,2026-05-06T17:58:44.375019+00:00,44,0,44,0,0,
proxy_pgcat,readonly_connect,50,2,before,2026-05-06T17:58:50.699918+00:00,1,0,1,0,0,
proxy_pgcat,readonly_connect,50,2,during,2026-05-06T17:58:51.755817+00:00,36,0,36,0,0,
proxy_pgcat,readonly_connect,50,2,during,2026-05-06T17:58:52.855897+00:00,36,0,36,0,0,
proxy_pgcat,readonly_connect,50,2,during,2026-05-06T17:58:53.947181+00:00,36,0,36,0,0,
proxy_pgcat,readonly_connect,50,2,during,2026-05-06T17:58:55.057876+00:00,36,0,36,0,0,
proxy_pgcat,readonly_connect,50,2,during,2026-05-06T17:58:56.171852+00:00,36,0,36,0,0,
proxy_pgcat,readonly_connect,50,2,during,2026-05-06T17:58:57.277295+00:00,36,0,36,0,0,
proxy_pgcat,readonly_connect,50,2,during,2026-05-06T17:58:58.416552+00:00,36,0,36,0,0,
proxy_pgcat,readonly_connect,50,2,during,2026-05-06T17:58:59.535748+00:00,36,0,36,0,0,
proxy_pgcat,readonly_connect,50,2,during,2026-05-06T17:59:00.667462+00:00,36,0,36,0,0,
proxy_pgcat,readonly_connect,50,2,during,2026-05-06T17:59:01.806430+00:00,36,0,36,0,0,
proxy_pgcat,readonly_connect,50,2,during,2026-05-06T17:59:02.921556+00:00,36,0,36,0,0,
proxy_pgcat,readonly_connect,50,2,during,2026-05-06T17:59:04.044729+00:00,36,0,36,0,0,
proxy_pgcat,readonly_connect,50,2,during,2026-05-06T17:59:05.128400+00:00,36,0,36,0,0,
proxy_pgcat,readonly_connect,50,2,during,2026-05-06T17:59:06.212117+00:00,36,0,36,0,0,
proxy_pgcat,readonly_connect,50,2,during,2026-05-06T17:59:07.291505+00:00,36,0,36,0,0,
proxy_pgcat,readonly_connect,50,2,during,2026-05-06T17:59:08.404920+00:00,36,0,36,0,0,
proxy_pgcat,readonly_connect,50,2,during,2026-05-06T17:59:09.512285+00:00,36,0,36,0,0,
proxy_pgcat,readonly_connect,50,2,during,2026-05-06T17:59:10.588354+00:00,36,0,36,0,0,
proxy_pgcat,readonly_connect,50,2,during,2026-05-06T17:59:11.756656+00:00,36,0,36,0,0,
proxy_pgcat,readonly_connect,50,2,during,2026-05-06T17:59:12.880781+00:00,36,0,36,0,0,
proxy_pgcat,readonly_connect,50,2,during,2026-05-06T17:59:13.987559+00:00,36,0,36,0,0,
proxy_pgcat,readonly_connect,50,2,during,2026-05-06T17:59:15.126605+00:00,36,0,36,0,0,
proxy_pgcat,readonly_connect,50,2,during,2026-05-06T17:59:16.220143+00:00,36,0,36,0,0,
proxy_pgcat,readonly_connect,50,2,during,2026-05-06T17:59:17.299874+00:00,36,0,36,0,0,
proxy_pgcat,readonly_connect,50,2,during,2026-05-06T17:59:18.411184+00:00,36,0,36,0,0,
proxy_pgcat,readonly_connect,50,2,during,2026-05-06T17:59:19.518776+00:00,36,0,36,0,0,
proxy_pgcat,readonly_connect,50,2,during,2026-05-06T17:59:20.595884+00:00,36,0,36,0,0,
proxy_pgcat,readonly_connect,50,2,after_15s,2026-05-06T17:59:35.992599+00:00,36,0,36,0,0,
proxy_pgcat,readonly_connect,50,2,after_30s,2026-05-06T17:59:51.143082+00:00,36,0,36,0,0,
proxy_pgcat,readonly_connect,50,2,after_45s,2026-05-06T18:00:06.226195+00:00,36,0,36,0,0,
proxy_pgcat,readonly_connect,50,2,after_60s,2026-05-06T18:00:21.455453+00:00,36,0,36,0,0,
proxy_pgcat,readonly_connect,50,2,after_90s,2026-05-06T18:00:51.563677+00:00,36,0,36,0,0,
proxy_pgcat,readonly_connect,50,3,before,2026-05-06T18:01:03.000037+00:00,1,0,1,0,0,
proxy_pgcat,readonly_connect,50,3,during,2026-05-06T18:01:04.054753+00:00,36,0,36,0,0,
proxy_pgcat,readonly_connect,50,3,during,2026-05-06T18:01:05.178465+00:00,36,0,36,0,0,
proxy_pgcat,readonly_connect,50,3,during,2026-05-06T18:01:06.320629+00:00,36,0,36,0,0,
proxy_pgcat,readonly_connect,50,3,during,2026-05-06T18:01:07.432256+00:00,36,0,36,0,0,
proxy_pgcat,readonly_connect,50,3,during,2026-05-06T18:01:08.560751+00:00,36,0,36,0,0,
proxy_pgcat,readonly_connect,50,3,during,2026-05-06T18:01:09.688242+00:00,36,0,36,0,0,
proxy_pgcat,readonly_connect,50,3,during,2026-05-06T18:01:10.803191+00:00,36,0,36,0,0,
proxy_pgcat,readonly_connect,50,3,during,2026-05-06T18:01:11.899308+00:00,36,0,36,0,0,
proxy_pgcat,readonly_connect,50,3,during,2026-05-06T18:01:13.017731+00:00,36,0,36,0,0,
proxy_pgcat,readonly_connect,50,3,during,2026-05-06T18:01:14.148139+00:00,36,0,36,0,0,
proxy_pgcat,readonly_connect,50,3,during,2026-05-06T18:01:15.257529+00:00,36,0,36,0,0,
proxy_pgcat,readonly_connect,50,3,during,2026-05-06T18:01:16.438678+00:00,36,0,36,0,0,
proxy_pgcat,readonly_connect,50,3,during,2026-05-06T18:01:17.579761+00:00,36,0,36,0,0,
proxy_pgcat,readonly_connect,50,3,during,2026-05-06T18:01:18.691551+00:00,36,0,36,0,0,
proxy_pgcat,readonly_connect,50,3,during,2026-05-06T18:01:19.795781+00:00,36,0,36,0,0,
proxy_pgcat,readonly_connect,50,3,during,2026-05-06T18:01:20.937489+00:00,36,0,36,0,0,
proxy_pgcat,readonly_connect,50,3,during,2026-05-06T18:01:22.067303+00:00,36,0,36,0,0,
proxy_pgcat,readonly_connect,50,3,during,2026-05-06T18:01:23.186407+00:00,36,0,36,0,0,
proxy_pgcat,readonly_connect,50,3,during,2026-05-06T18:01:24.352828+00:00,36,0,36,0,0,
proxy_pgcat,readonly_connect,50,3,during,2026-05-06T18:01:25.476726+00:00,36,0,36,0,0,
proxy_pgcat,readonly_connect,50,3,during,2026-05-06T18:01:26.603633+00:00,36,0,36,0,0,
proxy_pgcat,readonly_connect,50,3,during,2026-05-06T18:01:27.729975+00:00,36,0,36,0,0,
proxy_pgcat,readonly_connect,50,3,during,2026-05-06T18:01:28.854428+00:00,36,0,36,0,0,
proxy_pgcat,readonly_connect,50,3,during,2026-05-06T18:01:29.977801+00:00,36,0,36,0,0,
proxy_pgcat,readonly_connect,50,3,during,2026-05-06T18:01:31.123819+00:00,36,0,36,0,0,
proxy_pgcat,readonly_connect,50,3,during,2026-05-06T18:01:32.332715+00:00,36,0,36,0,0,
proxy_pgcat,readonly_connect,50,3,after_15s,2026-05-06T18:01:48.294161+00:00,36,0,36,0,0,
proxy_pgcat,readonly_connect,50,3,after_30s,2026-05-06T18:02:03.450295+00:00,36,0,36,0,0,
proxy_pgcat,readonly_connect,50,3,after_45s,2026-05-06T18:02:18.523674+00:00,36,0,36,0,0,
proxy_pgcat,readonly_connect,50,3,after_60s,2026-05-06T18:02:33.764545+00:00,36,0,36,0,0,
proxy_pgcat,readonly_connect,50,3,after_90s,2026-05-06T18:03:03.975685+00:00,36,0,36,0,0,
proxy_pgcat,readonly_connect,100,1,before,2026-05-06T18:03:10.622501+00:00,1,0,1,0,0,
proxy_pgcat,readonly_connect,100,1,during,2026-05-06T18:03:11.786644+00:00,43,0,43,0,0,
proxy_pgcat,readonly_connect,100,1,during,2026-05-06T18:03:12.943845+00:00,43,0,43,0,0,
proxy_pgcat,readonly_connect,100,1,during,2026-05-06T18:03:14.114663+00:00,43,0,43,0,0,
proxy_pgcat,readonly_connect,100,1,during,2026-05-06T18:03:15.244737+00:00,43,0,43,0,0,
proxy_pgcat,readonly_connect,100,1,during,2026-05-06T18:03:16.354111+00:00,43,0,43,0,0,
proxy_pgcat,readonly_connect,100,1,during,2026-05-06T18:03:17.429456+00:00,43,0,43,0,0,
proxy_pgcat,readonly_connect,100,1,during,2026-05-06T18:03:18.547702+00:00,43,0,43,0,0,
proxy_pgcat,readonly_connect,100,1,during,2026-05-06T18:03:19.697131+00:00,43,0,43,0,0,
proxy_pgcat,readonly_connect,100,1,during,2026-05-06T18:03:20.805494+00:00,43,0,43,0,0,
proxy_pgcat,readonly_connect,100,1,during,2026-05-06T18:03:21.900847+00:00,43,0,43,0,0,
proxy_pgcat,readonly_connect,100,1,during,2026-05-06T18:03:23.029013+00:00,43,0,43,0,0,
proxy_pgcat,readonly_connect,100,1,during,2026-05-06T18:03:24.140563+00:00,43,0,43,0,0,
proxy_pgcat,readonly_connect,100,1,during,2026-05-06T18:03:25.253016+00:00,43,0,43,0,0,
proxy_pgcat,readonly_connect,100,1,during,2026-05-06T18:03:26.363784+00:00,43,0,43,0,0,
proxy_pgcat,readonly_connect,100,1,during,2026-05-06T18:03:27.475580+00:00,43,0,43,0,0,
proxy_pgcat,readonly_connect,100,1,during,2026-05-06T18:03:28.585869+00:00,43,0,43,0,0,
proxy_pgcat,readonly_connect,100,1,during,2026-05-06T18:03:29.709705+00:00,43,0,43,0,0,
proxy_pgcat,readonly_connect,100,1,during,2026-05-06T18:03:30.853253+00:00,43,0,43,0,0,
proxy_pgcat,readonly_connect,100,1,during,2026-05-06T18:03:32.026328+00:00,43,0,43,0,0,
proxy_pgcat,readonly_connect,100,1,during,2026-05-06T18:03:33.147179+00:00,43,0,43,0,0,
proxy_pgcat,readonly_connect,100,1,during,2026-05-06T18:03:34.258739+00:00,43,0,43,0,0,
proxy_pgcat,readonly_connect,100,1,during,2026-05-06T18:03:35.507859+00:00,43,0,43,0,0,
proxy_pgcat,readonly_connect,100,1,during,2026-05-06T18:03:36.659718+00:00,43,0,43,0,0,
proxy_pgcat,readonly_connect,100,1,during,2026-05-06T18:03:37.799036+00:00,43,0,43,0,0,
proxy_pgcat,readonly_connect,100,1,during,2026-05-06T18:03:38.895294+00:00,43,0,43,0,0,
proxy_pgcat,readonly_connect,100,1,during,2026-05-06T18:03:40.019397+00:00,43,0,43,0,0,
proxy_pgcat,readonly_connect,100,1,during,2026-05-06T18:03:41.149348+00:00,43,0,43,0,0,
proxy_pgcat,readonly_connect,100,1,during,2026-05-06T18:03:42.272157+00:00,43,0,43,0,0,
proxy_pgcat,readonly_connect,100,1,after_15s,2026-05-06T18:03:58.252372+00:00,43,0,43,0,0,
proxy_pgcat,readonly_connect,100,1,after_30s,2026-05-06T18:04:13.406278+00:00,43,0,43,0,0,
proxy_pgcat,readonly_connect,100,1,after_45s,2026-05-06T18:04:28.551930+00:00,43,0,43,0,0,
proxy_pgcat,readonly_connect,100,1,after_60s,2026-05-06T18:04:43.816191+00:00,43,0,43,0,0,
proxy_pgcat,readonly_connect,100,1,after_90s,2026-05-06T18:05:13.928265+00:00,43,0,43,0,0,
proxy_pgcat,readonly_connect,100,2,before,2026-05-06T18:05:20.457953+00:00,1,0,1,0,0,
proxy_pgcat,readonly_connect,100,2,during,2026-05-06T18:05:21.502770+00:00,55,0,55,0,0,
proxy_pgcat,readonly_connect,100,2,during,2026-05-06T18:05:22.762109+00:00,64,0,64,0,0,
proxy_pgcat,readonly_connect,100,2,during,2026-05-06T18:05:24.062280+00:00,64,0,64,0,0,
proxy_pgcat,readonly_connect,100,2,during,2026-05-06T18:05:25.193176+00:00,64,0,64,0,0,
proxy_pgcat,readonly_connect,100,2,during,2026-05-06T18:05:26.422189+00:00,64,0,64,0,0,
proxy_pgcat,readonly_connect,100,2,during,2026-05-06T18:05:27.563289+00:00,64,0,64,0,0,
proxy_pgcat,readonly_connect,100,2,during,2026-05-06T18:05:28.672699+00:00,64,0,64,0,0,
proxy_pgcat,readonly_connect,100,2,during,2026-05-06T18:05:29.768908+00:00,64,0,64,0,0,
proxy_pgcat,readonly_connect,100,2,during,2026-05-06T18:05:30.901806+00:00,64,0,64,0,0,
proxy_pgcat,readonly_connect,100,2,during,2026-05-06T18:05:32.014088+00:00,64,0,64,0,0,
proxy_pgcat,readonly_connect,100,2,during,2026-05-06T18:05:33.123633+00:00,64,0,64,0,0,
proxy_pgcat,readonly_connect,100,2,during,2026-05-06T18:05:34.275773+00:00,64,0,64,0,0,
proxy_pgcat,readonly_connect,100,2,during,2026-05-06T18:05:35.482432+00:00,64,0,64,0,0,
proxy_pgcat,readonly_connect,100,2,during,2026-05-06T18:05:36.662746+00:00,64,0,64,0,0,
proxy_pgcat,readonly_connect,100,2,during,2026-05-06T18:05:37.773343+00:00,64,0,64,0,0,
proxy_pgcat,readonly_connect,100,2,during,2026-05-06T18:05:38.913423+00:00,64,0,64,0,0,
proxy_pgcat,readonly_connect,100,2,during,2026-05-06T18:05:40.040144+00:00,64,0,64,0,0,
proxy_pgcat,readonly_connect,100,2,during,2026-05-06T18:05:41.165771+00:00,64,0,64,0,0,
proxy_pgcat,readonly_connect,100,2,during,2026-05-06T18:05:42.277735+00:00,64,0,64,0,0,
proxy_pgcat,readonly_connect,100,2,during,2026-05-06T18:05:43.436436+00:00,64,0,64,0,0,
proxy_pgcat,readonly_connect,100,2,during,2026-05-06T18:05:44.667333+00:00,64,0,64,0,0,
proxy_pgcat,readonly_connect,100,2,during,2026-05-06T18:05:45.876319+00:00,64,0,64,0,0,
proxy_pgcat,readonly_connect,100,2,during,2026-05-06T18:05:47.002972+00:00,64,0,64,0,0,
proxy_pgcat,readonly_connect,100,2,during,2026-05-06T18:05:48.131510+00:00,64,0,64,0,0,
proxy_pgcat,readonly_connect,100,2,during,2026-05-06T18:05:49.360649+00:00,64,0,64,0,0,
proxy_pgcat,readonly_connect,100,2,during,2026-05-06T18:05:50.477079+00:00,64,0,64,0,0,
proxy_pgcat,readonly_connect,100,2,after_15s,2026-05-06T18:06:06.152264+00:00,64,0,64,0,0,
proxy_pgcat,readonly_connect,100,2,after_30s,2026-05-06T18:06:21.307510+00:00,64,0,64,0,0,
proxy_pgcat,readonly_connect,100,2,after_45s,2026-05-06T18:06:36.464444+00:00,64,0,64,0,0,
proxy_pgcat,readonly_connect,100,2,after_60s,2026-05-06T18:06:51.724718+00:00,64,0,64,0,0,
proxy_pgcat,readonly_connect,100,2,after_90s,2026-05-06T18:07:21.932381+00:00,64,0,64,0,0,
proxy_pgcat,readonly_connect,100,3,before,2026-05-06T18:07:28.456460+00:00,1,0,1,0,0,
proxy_pgcat,readonly_connect,100,3,during,2026-05-06T18:07:29.516021+00:00,40,0,40,0,0,
proxy_pgcat,readonly_connect,100,3,during,2026-05-06T18:07:30.635148+00:00,40,0,40,0,0,
proxy_pgcat,readonly_connect,100,3,during,2026-05-06T18:07:31.765708+00:00,40,0,40,0,0,
proxy_pgcat,readonly_connect,100,3,during,2026-05-06T18:07:32.991987+00:00,40,0,40,0,0,
proxy_pgcat,readonly_connect,100,3,during,2026-05-06T18:07:34.228246+00:00,40,0,40,0,0,
proxy_pgcat,readonly_connect,100,3,during,2026-05-06T18:07:35.345954+00:00,40,0,40,0,0,
proxy_pgcat,readonly_connect,100,3,during,2026-05-06T18:07:36.497614+00:00,40,0,40,0,0,
proxy_pgcat,readonly_connect,100,3,during,2026-05-06T18:07:37.662710+00:00,40,0,40,0,0,
proxy_pgcat,readonly_connect,100,3,during,2026-05-06T18:07:38.824296+00:00,40,0,40,0,0,
proxy_pgcat,readonly_connect,100,3,during,2026-05-06T18:07:39.951316+00:00,40,0,40,0,0,
proxy_pgcat,readonly_connect,100,3,during,2026-05-06T18:07:41.106132+00:00,40,0,40,0,0,
proxy_pgcat,readonly_connect,100,3,during,2026-05-06T18:07:42.309497+00:00,40,0,40,0,0,
proxy_pgcat,readonly_connect,100,3,during,2026-05-06T18:07:43.476203+00:00,40,0,40,0,0,
proxy_pgcat,readonly_connect,100,3,during,2026-05-06T18:07:44.681755+00:00,40,0,40,0,0,
proxy_pgcat,readonly_connect,100,3,during,2026-05-06T18:07:45.841533+00:00,40,0,40,0,0,
proxy_pgcat,readonly_connect,100,3,during,2026-05-06T18:07:46.978747+00:00,40,0,40,0,0,
proxy_pgcat,readonly_connect,100,3,during,2026-05-06T18:07:48.102265+00:00,40,0,40,0,0,
proxy_pgcat,readonly_connect,100,3,during,2026-05-06T18:07:49.249467+00:00,40,0,40,0,0,
proxy_pgcat,readonly_connect,100,3,during,2026-05-06T18:07:50.424487+00:00,40,0,40,0,0,
proxy_pgcat,readonly_connect,100,3,during,2026-05-06T18:07:51.569723+00:00,40,0,40,0,0,
proxy_pgcat,readonly_connect,100,3,during,2026-05-06T18:07:52.858285+00:00,40,0,40,0,0,
proxy_pgcat,readonly_connect,100,3,during,2026-05-06T18:07:54.090104+00:00,40,0,40,0,0,
proxy_pgcat,readonly_connect,100,3,during,2026-05-06T18:07:55.317461+00:00,40,0,40,0,0,
proxy_pgcat,readonly_connect,100,3,during,2026-05-06T18:07:56.489556+00:00,40,0,40,0,0,
proxy_pgcat,readonly_connect,100,3,during,2026-05-06T18:07:57.599907+00:00,40,0,40,0,0,
proxy_pgcat,readonly_connect,100,3,during,2026-05-06T18:07:58.776485+00:00,40,0,40,0,0,
proxy_pgcat,readonly_connect,100,3,after_15s,2026-05-06T18:08:13.956279+00:00,40,0,40,0,0,
proxy_pgcat,readonly_connect,100,3,after_30s,2026-05-06T18:08:29.113760+00:00,40,0,40,0,0,
proxy_pgcat,readonly_connect,100,3,after_45s,2026-05-06T18:08:44.268486+00:00,40,0,40,0,0,
proxy_pgcat,readonly_connect,100,3,after_60s,2026-05-06T18:08:59.422858+00:00,40,0,40,0,0,
proxy_pgcat,readonly_connect,100,3,after_90s,2026-05-06T18:09:29.534456+00:00,40,0,40,0,0,
proxy_pgcat,tpcb_steady,10,1,before,2026-05-06T18:09:36.289660+00:00,1,0,1,0,0,
proxy_pgcat,tpcb_steady,10,1,during,2026-05-06T18:09:37.521825+00:00,10,1,1,8,0,
proxy_pgcat,tpcb_steady,10,1,during,2026-05-06T18:09:38.640427+00:00,10,2,1,7,0,
proxy_pgcat,tpcb_steady,10,1,during,2026-05-06T18:09:39.765913+00:00,10,6,1,3,0,
proxy_pgcat,tpcb_steady,10,1,during,2026-05-06T18:09:40.996645+00:00,10,5,0,5,0,
proxy_pgcat,tpcb_steady,10,1,during,2026-05-06T18:09:42.192977+00:00,10,1,0,9,0,
proxy_pgcat,tpcb_steady,10,1,during,2026-05-06T18:09:43.260533+00:00,10,4,1,5,0,
proxy_pgcat,tpcb_steady,10,1,during,2026-05-06T18:09:44.416883+00:00,10,2,1,7,0,
proxy_pgcat,tpcb_steady,10,1,during,2026-05-06T18:09:45.504324+00:00,10,4,0,6,0,
proxy_pgcat,tpcb_steady,10,1,during,2026-05-06T18:09:46.627997+00:00,10,5,1,4,0,
proxy_pgcat,tpcb_steady,10,1,during,2026-05-06T18:09:47.754882+00:00,10,5,2,3,0,
proxy_pgcat,tpcb_steady,10,1,during,2026-05-06T18:09:48.864855+00:00,11,5,0,6,0,
proxy_pgcat,tpcb_steady,10,1,during,2026-05-06T18:09:49.978450+00:00,11,5,1,5,0,
proxy_pgcat,tpcb_steady,10,1,during,2026-05-06T18:09:51.087247+00:00,11,2,3,6,0,
proxy_pgcat,tpcb_steady,10,1,during,2026-05-06T18:09:52.200415+00:00,11,4,0,7,0,
proxy_pgcat,tpcb_steady,10,1,during,2026-05-06T18:09:53.284915+00:00,11,4,2,5,0,
proxy_pgcat,tpcb_steady,10,1,during,2026-05-06T18:09:54.413300+00:00,11,6,0,5,0,
proxy_pgcat,tpcb_steady,10,1,during,2026-05-06T18:09:55.537258+00:00,10,4,1,5,0,
proxy_pgcat,tpcb_steady,10,1,during,2026-05-06T18:09:56.650033+00:00,10,3,2,5,0,
proxy_pgcat,tpcb_steady,10,1,during,2026-05-06T18:09:57.758917+00:00,10,5,1,4,0,
proxy_pgcat,tpcb_steady,10,1,during,2026-05-06T18:09:58.870798+00:00,10,3,1,6,0,
proxy_pgcat,tpcb_steady,10,1,during,2026-05-06T18:09:59.986258+00:00,10,6,0,4,0,
proxy_pgcat,tpcb_steady,10,1,during,2026-05-06T18:10:01.067054+00:00,10,6,1,3,0,
proxy_pgcat,tpcb_steady,10,1,during,2026-05-06T18:10:02.208403+00:00,10,5,1,4,0,
proxy_pgcat,tpcb_steady,10,1,during,2026-05-06T18:10:03.322334+00:00,10,3,1,6,0,
proxy_pgcat,tpcb_steady,10,1,during,2026-05-06T18:10:04.432200+00:00,10,4,1,5,0,
proxy_pgcat,tpcb_steady,10,1,during,2026-05-06T18:10:05.546122+00:00,10,4,0,6,0,
proxy_pgcat,tpcb_steady,10,1,during,2026-05-06T18:10:06.654199+00:00,10,2,1,7,0,
proxy_pgcat,tpcb_steady,10,1,during,2026-05-06T18:10:07.766591+00:00,10,3,1,6,0,
proxy_pgcat,tpcb_steady,10,1,during,2026-05-06T18:10:08.849095+00:00,10,1,2,7,0,
proxy_pgcat,tpcb_steady,10,1,during,2026-05-06T18:10:09.991762+00:00,10,6,0,4,0,
proxy_pgcat,tpcb_steady,10,1,during,2026-05-06T18:10:11.102645+00:00,10,3,3,4,0,
proxy_pgcat,tpcb_steady,10,1,during,2026-05-06T18:10:12.217043+00:00,10,4,0,6,0,
proxy_pgcat,tpcb_steady,10,1,during,2026-05-06T18:10:13.330622+00:00,10,5,0,5,0,
proxy_pgcat,tpcb_steady,10,1,during,2026-05-06T18:10:14.439186+00:00,10,2,1,7,0,
proxy_pgcat,tpcb_steady,10,1,during,2026-05-06T18:10:15.552727+00:00,10,5,1,4,0,
proxy_pgcat,tpcb_steady,10,1,during,2026-05-06T18:10:16.634194+00:00,10,1,0,9,0,
proxy_pgcat,tpcb_steady,10,1,during,2026-05-06T18:10:17.774551+00:00,10,1,2,7,0,
proxy_pgcat,tpcb_steady,10,1,during,2026-05-06T18:10:18.886355+00:00,10,4,0,6,0,
proxy_pgcat,tpcb_steady,10,1,during,2026-05-06T18:10:20.001125+00:00,10,5,2,3,0,
proxy_pgcat,tpcb_steady,10,1,during,2026-05-06T18:10:21.110909+00:00,10,5,0,5,0,
proxy_pgcat,tpcb_steady,10,1,during,2026-05-06T18:10:22.222721+00:00,10,5,1,4,0,
proxy_pgcat,tpcb_steady,10,1,during,2026-05-06T18:10:23.334993+00:00,10,5,2,3,0,
proxy_pgcat,tpcb_steady,10,1,during,2026-05-06T18:10:24.414900+00:00,10,7,0,3,0,
proxy_pgcat,tpcb_steady,10,1,during,2026-05-06T18:10:25.558817+00:00,10,6,0,4,0,
proxy_pgcat,tpcb_steady,10,1,during,2026-05-06T18:10:26.670623+00:00,10,3,1,6,0,
proxy_pgcat,tpcb_steady,10,1,during,2026-05-06T18:10:27.783881+00:00,10,5,1,4,0,
proxy_pgcat,tpcb_steady,10,1,during,2026-05-06T18:10:28.895321+00:00,10,4,1,5,0,
proxy_pgcat,tpcb_steady,10,1,during,2026-05-06T18:10:30.006732+00:00,10,5,1,4,0,
proxy_pgcat,tpcb_steady,10,1,during,2026-05-06T18:10:31.119202+00:00,10,3,0,7,0,
proxy_pgcat,tpcb_steady,10,1,during,2026-05-06T18:10:32.197512+00:00,10,3,1,6,0,
proxy_pgcat,tpcb_steady,10,1,during,2026-05-06T18:10:33.344345+00:00,10,4,0,6,0,
proxy_pgcat,tpcb_steady,10,1,during,2026-05-06T18:10:34.438064+00:00,10,5,0,5,0,
proxy_pgcat,tpcb_steady,10,1,during,2026-05-06T18:10:35.566546+00:00,10,1,3,6,0,
proxy_pgcat,tpcb_steady,10,1,after_15s,2026-05-06T18:10:51.555581+00:00,10,0,10,0,0,
proxy_pgcat,tpcb_steady,10,1,after_30s,2026-05-06T18:11:06.711703+00:00,10,0,10,0,0,
proxy_pgcat,tpcb_steady,10,1,after_45s,2026-05-06T18:11:21.971291+00:00,10,0,10,0,0,
proxy_pgcat,tpcb_steady,10,1,after_60s,2026-05-06T18:11:37.127473+00:00,10,0,10,0,0,
proxy_pgcat,tpcb_steady,10,1,after_90s,2026-05-06T18:12:07.236711+00:00,10,0,10,0,0,
proxy_pgcat,tpcb_steady,10,2,before,2026-05-06T18:12:13.498477+00:00,1,0,1,0,0,
proxy_pgcat,tpcb_steady,10,2,during,2026-05-06T18:12:14.532043+00:00,10,1,1,8,0,
proxy_pgcat,tpcb_steady,10,2,during,2026-05-06T18:12:15.629048+00:00,10,8,1,1,0,
proxy_pgcat,tpcb_steady,10,2,during,2026-05-06T18:12:16.763429+00:00,10,2,2,6,0,
proxy_pgcat,tpcb_steady,10,2,during,2026-05-06T18:12:23.002683+00:00,10,5,0,5,0,
proxy_pgcat,tpcb_steady,10,2,during,2026-05-06T18:12:24.230123+00:00,10,2,1,7,0,
proxy_pgcat,tpcb_steady,10,2,during,2026-05-06T18:12:25.458459+00:00,10,5,2,3,0,
proxy_pgcat,tpcb_steady,10,2,during,2026-05-06T18:12:26.522311+00:00,10,3,2,5,0,
proxy_pgcat,tpcb_steady,10,2,during,2026-05-06T18:12:27.711851+00:00,10,2,1,7,0,
proxy_pgcat,tpcb_steady,10,2,during,2026-05-06T18:12:28.940138+00:00,10,5,1,4,0,
proxy_pgcat,tpcb_steady,10,2,during,2026-05-06T18:12:30.094738+00:00,10,2,1,7,0,
proxy_pgcat,tpcb_steady,10,2,during,2026-05-06T18:12:31.195427+00:00,10,4,2,4,0,
proxy_pgcat,tpcb_steady,10,2,during,2026-05-06T18:12:32.320119+00:00,10,0,1,9,0,
proxy_pgcat,tpcb_steady,10,2,during,2026-05-06T18:12:33.432483+00:00,10,8,1,1,0,
proxy_pgcat,tpcb_steady,10,2,during,2026-05-06T18:12:34.543038+00:00,10,5,1,4,0,
proxy_pgcat,tpcb_steady,10,2,during,2026-05-06T18:12:35.656089+00:00,10,5,1,4,0,
proxy_pgcat,tpcb_steady,10,2,during,2026-05-06T18:12:36.767965+00:00,10,4,1,5,0,
proxy_pgcat,tpcb_steady,10,2,during,2026-05-06T18:12:37.880839+00:00,10,4,0,6,0,
proxy_pgcat,tpcb_steady,10,2,during,2026-05-06T18:12:38.976601+00:00,10,3,1,6,0,
proxy_pgcat,tpcb_steady,10,2,during,2026-05-06T18:12:40.103896+00:00,10,3,1,6,0,
proxy_pgcat,tpcb_steady,10,2,during,2026-05-06T18:12:41.215828+00:00,10,1,1,8,0,
proxy_pgcat,tpcb_steady,10,2,during,2026-05-06T18:12:42.328506+00:00,10,3,2,5,0,
proxy_pgcat,tpcb_steady,10,2,during,2026-05-06T18:12:43.440950+00:00,10,3,1,6,0,
proxy_pgcat,tpcb_steady,10,2,during,2026-05-06T18:12:44.551376+00:00,10,2,2,6,0,
proxy_pgcat,tpcb_steady,10,2,during,2026-05-06T18:12:45.662205+00:00,10,3,0,7,0,
proxy_pgcat,tpcb_steady,10,2,during,2026-05-06T18:12:46.758899+00:00,10,6,2,2,0,
proxy_pgcat,tpcb_steady,10,2,during,2026-05-06T18:12:47.889014+00:00,10,4,1,5,0,
proxy_pgcat,tpcb_steady,10,2,during,2026-05-06T18:12:48.998284+00:00,11,3,2,6,0,
proxy_pgcat,tpcb_steady,10,2,during,2026-05-06T18:12:50.111069+00:00,11,4,0,7,0,
proxy_pgcat,tpcb_steady,10,2,during,2026-05-06T18:12:51.223264+00:00,11,2,1,8,0,
proxy_pgcat,tpcb_steady,10,2,during,2026-05-06T18:12:52.334953+00:00,10,1,1,8,0,
proxy_pgcat,tpcb_steady,10,2,during,2026-05-06T18:12:53.446495+00:00,10,4,0,6,0,
proxy_pgcat,tpcb_steady,10,2,during,2026-05-06T18:12:54.514518+00:00,10,5,0,5,0,
proxy_pgcat,tpcb_steady,10,2,during,2026-05-06T18:12:55.674108+00:00,10,1,1,8,0,
proxy_pgcat,tpcb_steady,10,2,during,2026-05-06T18:12:56.783642+00:00,10,3,1,6,0,
proxy_pgcat,tpcb_steady,10,2,during,2026-05-06T18:12:57.897385+00:00,10,2,3,5,0,
proxy_pgcat,tpcb_steady,10,2,during,2026-05-06T18:12:59.006584+00:00,10,1,1,8,0,
proxy_pgcat,tpcb_steady,10,2,during,2026-05-06T18:13:00.069737+00:00,10,3,3,4,0,
proxy_pgcat,tpcb_steady,10,2,during,2026-05-06T18:13:01.231101+00:00,10,5,1,4,0,
proxy_pgcat,tpcb_steady,10,2,during,2026-05-06T18:13:02.323896+00:00,10,3,1,6,0,
proxy_pgcat,tpcb_steady,10,2,during,2026-05-06T18:13:03.458495+00:00,10,3,2,5,0,
proxy_pgcat,tpcb_steady,10,2,during,2026-05-06T18:13:04.570800+00:00,10,4,1,5,0,
proxy_pgcat,tpcb_steady,10,2,during,2026-05-06T18:13:05.679364+00:00,10,4,2,4,0,
proxy_pgcat,tpcb_steady,10,2,during,2026-05-06T18:13:06.791834+00:00,10,7,0,3,0,
proxy_pgcat,tpcb_steady,10,2,during,2026-05-06T18:13:07.914922+00:00,10,3,1,6,0,
proxy_pgcat,tpcb_steady,10,2,during,2026-05-06T18:13:09.014297+00:00,10,5,0,5,0,
proxy_pgcat,tpcb_steady,10,2,during,2026-05-06T18:13:10.110316+00:00,10,4,1,5,0,
proxy_pgcat,tpcb_steady,10,2,during,2026-05-06T18:13:11.242264+00:00,10,6,0,4,0,
proxy_pgcat,tpcb_steady,10,2,during,2026-05-06T18:13:12.352237+00:00,10,3,1,6,0,
proxy_pgcat,tpcb_steady,10,2,during,2026-05-06T18:13:13.466061+00:00,10,3,0,7,0,
proxy_pgcat,tpcb_steady,10,2,after_15s,2026-05-06T18:13:28.645068+00:00,10,0,10,0,0,
proxy_pgcat,tpcb_steady,10,2,after_30s,2026-05-06T18:13:43.803217+00:00,10,0,10,0,0,
proxy_pgcat,tpcb_steady,10,2,after_45s,2026-05-06T18:13:58.873295+00:00,10,0,10,0,0,
proxy_pgcat,tpcb_steady,10,2,after_60s,2026-05-06T18:14:14.013263+00:00,10,0,10,0,0,
proxy_pgcat,tpcb_steady,10,2,after_90s,2026-05-06T18:14:44.119402+00:00,10,0,10,0,0,
proxy_pgcat,tpcb_steady,10,3,before,2026-05-06T18:14:50.441198+00:00,1,0,1,0,0,
proxy_pgcat,tpcb_steady,10,3,during,2026-05-06T18:14:51.470206+00:00,10,2,1,7,0,
proxy_pgcat,tpcb_steady,10,3,during,2026-05-06T18:14:52.607289+00:00,10,2,1,7,0,
proxy_pgcat,tpcb_steady,10,3,during,2026-05-06T18:14:53.734126+00:00,10,1,0,9,0,
proxy_pgcat,tpcb_steady,10,3,during,2026-05-06T18:14:54.868163+00:00,10,3,0,7,0,
proxy_pgcat,tpcb_steady,10,3,during,2026-05-06T18:14:55.995087+00:00,10,4,1,5,0,
proxy_pgcat,tpcb_steady,10,3,during,2026-05-06T18:14:57.123337+00:00,10,1,1,8,0,
proxy_pgcat,tpcb_steady,10,3,during,2026-05-06T18:14:58.247469+00:00,10,4,2,4,0,
proxy_pgcat,tpcb_steady,10,3,during,2026-05-06T18:14:59.375553+00:00,10,2,2,6,0,
proxy_pgcat,tpcb_steady,10,3,during,2026-05-06T18:15:00.487337+00:00,10,2,1,7,0,
proxy_pgcat,tpcb_steady,10,3,during,2026-05-06T18:15:01.628033+00:00,10,4,0,6,0,
proxy_pgcat,tpcb_steady,10,3,during,2026-05-06T18:15:02.746729+00:00,10,2,1,7,0,
proxy_pgcat,tpcb_steady,10,3,during,2026-05-06T18:15:03.984718+00:00,10,6,0,4,0,
proxy_pgcat,tpcb_steady,10,3,during,2026-05-06T18:15:05.211608+00:00,10,2,1,7,0,
proxy_pgcat,tpcb_steady,10,3,during,2026-05-06T18:15:06.535279+00:00,10,2,2,6,0,
proxy_pgcat,tpcb_steady,10,3,during,2026-05-06T18:15:07.671205+00:00,10,7,1,2,0,
proxy_pgcat,tpcb_steady,10,3,during,2026-05-06T18:15:08.897662+00:00,10,2,2,6,0,
proxy_pgcat,tpcb_steady,10,3,during,2026-05-06T18:15:10.126290+00:00,10,5,1,4,0,
proxy_pgcat,tpcb_steady,10,3,during,2026-05-06T18:15:11.326356+00:00,10,3,0,7,0,
proxy_pgcat,tpcb_steady,10,3,during,2026-05-06T18:15:12.440095+00:00,10,2,2,6,0,
proxy_pgcat,tpcb_steady,10,3,during,2026-05-06T18:15:13.551895+00:00,10,3,3,4,0,
proxy_pgcat,tpcb_steady,10,3,during,2026-05-06T18:15:14.631947+00:00,10,4,1,5,0,
proxy_pgcat,tpcb_steady,10,3,during,2026-05-06T18:15:15.775608+00:00,10,7,0,3,0,
proxy_pgcat,tpcb_steady,10,3,during,2026-05-06T18:15:16.887125+00:00,10,2,0,8,0,
proxy_pgcat,tpcb_steady,10,3,during,2026-05-06T18:15:17.999028+00:00,10,2,1,7,0,
proxy_pgcat,tpcb_steady,10,3,during,2026-05-06T18:15:19.110467+00:00,10,0,4,6,0,
proxy_pgcat,tpcb_steady,10,3,during,2026-05-06T18:15:20.224106+00:00,10,6,1,3,0,
proxy_pgcat,tpcb_steady,10,3,during,2026-05-06T18:15:21.335303+00:00,10,1,2,7,0,
proxy_pgcat,tpcb_steady,10,3,during,2026-05-06T18:15:22.417328+00:00,10,5,1,4,0,
proxy_pgcat,tpcb_steady,10,3,during,2026-05-06T18:15:23.551521+00:00,10,2,1,7,0,
proxy_pgcat,tpcb_steady,10,3,during,2026-05-06T18:15:24.667528+00:00,10,2,1,7,0,
proxy_pgcat,tpcb_steady,10,3,during,2026-05-06T18:15:25.775827+00:00,10,4,0,6,0,
proxy_pgcat,tpcb_steady,10,3,during,2026-05-06T18:15:26.887045+00:00,10,3,2,5,0,
proxy_pgcat,tpcb_steady,10,3,during,2026-05-06T18:15:27.999137+00:00,10,0,2,8,0,
proxy_pgcat,tpcb_steady,10,3,during,2026-05-06T18:15:29.110696+00:00,10,4,1,5,0,
proxy_pgcat,tpcb_steady,10,3,during,2026-05-06T18:15:30.198817+00:00,10,4,0,6,0,
proxy_pgcat,tpcb_steady,10,3,during,2026-05-06T18:15:31.334369+00:00,10,5,0,5,0,
proxy_pgcat,tpcb_steady,10,3,during,2026-05-06T18:15:32.450444+00:00,10,3,1,6,0,
proxy_pgcat,tpcb_steady,10,3,during,2026-05-06T18:15:33.560534+00:00,10,0,2,8,0,
proxy_pgcat,tpcb_steady,10,3,during,2026-05-06T18:15:34.670806+00:00,10,3,1,6,0,
proxy_pgcat,tpcb_steady,10,3,during,2026-05-06T18:15:35.783130+00:00,10,4,1,5,0,
proxy_pgcat,tpcb_steady,10,3,during,2026-05-06T18:15:36.896591+00:00,10,6,1,3,0,
proxy_pgcat,tpcb_steady,10,3,during,2026-05-06T18:15:37.980758+00:00,10,7,1,2,0,
proxy_pgcat,tpcb_steady,10,3,during,2026-05-06T18:15:39.119755+00:00,10,1,3,6,0,
proxy_pgcat,tpcb_steady,10,3,during,2026-05-06T18:15:40.233473+00:00,10,3,1,6,0,
proxy_pgcat,tpcb_steady,10,3,during,2026-05-06T18:15:41.344728+00:00,10,0,1,9,0,
proxy_pgcat,tpcb_steady,10,3,during,2026-05-06T18:15:42.456465+00:00,10,0,3,7,0,
proxy_pgcat,tpcb_steady,10,3,during,2026-05-06T18:15:43.566915+00:00,10,5,0,5,0,
proxy_pgcat,tpcb_steady,10,3,during,2026-05-06T18:15:44.681365+00:00,10,2,1,7,0,
proxy_pgcat,tpcb_steady,10,3,during,2026-05-06T18:15:45.763223+00:00,10,6,0,4,0,
proxy_pgcat,tpcb_steady,10,3,during,2026-05-06T18:15:46.904640+00:00,10,6,1,3,0,
proxy_pgcat,tpcb_steady,10,3,during,2026-05-06T18:15:48.016272+00:00,10,4,0,6,0,
proxy_pgcat,tpcb_steady,10,3,during,2026-05-06T18:15:49.128757+00:00,11,3,1,7,0,
proxy_pgcat,tpcb_steady,10,3,during,2026-05-06T18:15:50.241302+00:00,10,2,3,5,0,
proxy_pgcat,tpcb_steady,10,3,after_15s,2026-05-06T18:16:05.812286+00:00,10,0,10,0,0,
proxy_pgcat,tpcb_steady,10,3,after_30s,2026-05-06T18:16:20.994467+00:00,10,0,10,0,0,
proxy_pgcat,tpcb_steady,10,3,after_45s,2026-05-06T18:16:36.146388+00:00,10,0,10,0,0,
proxy_pgcat,tpcb_steady,10,3,after_60s,2026-05-06T18:16:51.299415+00:00,10,0,10,0,0,
proxy_pgcat,tpcb_steady,10,3,after_90s,2026-05-06T18:17:21.401928+00:00,10,0,10,0,0,
proxy_pgcat,tpcb_steady,50,1,before,2026-05-06T18:17:27.952972+00:00,1,0,1,0,0,
proxy_pgcat,tpcb_steady,50,1,during,2026-05-06T18:17:29.180313+00:00,50,29,6,15,0,
proxy_pgcat,tpcb_steady,50,1,during,2026-05-06T18:17:30.319349+00:00,50,33,2,15,0,
proxy_pgcat,tpcb_steady,50,1,during,2026-05-06T18:17:31.431892+00:00,50,31,4,15,0,
proxy_pgcat,tpcb_steady,50,1,during,2026-05-06T18:17:32.545729+00:00,50,36,0,14,0,
proxy_pgcat,tpcb_steady,50,1,during,2026-05-06T18:17:33.658578+00:00,50,27,7,16,0,
proxy_pgcat,tpcb_steady,50,1,during,2026-05-06T18:17:34.782335+00:00,50,29,1,20,0,
proxy_pgcat,tpcb_steady,50,1,during,2026-05-06T18:17:35.883369+00:00,50,26,5,19,0,
proxy_pgcat,tpcb_steady,50,1,during,2026-05-06T18:17:36.994510+00:00,50,24,6,20,0,
proxy_pgcat,tpcb_steady,50,1,during,2026-05-06T18:17:38.108214+00:00,50,32,3,15,0,
proxy_pgcat,tpcb_steady,50,1,during,2026-05-06T18:17:39.215564+00:00,50,36,1,13,0,
proxy_pgcat,tpcb_steady,50,1,during,2026-05-06T18:17:40.327706+00:00,50,35,1,14,0,
proxy_pgcat,tpcb_steady,50,1,during,2026-05-06T18:17:41.441756+00:00,50,36,4,10,0,
proxy_pgcat,tpcb_steady,50,1,during,2026-05-06T18:17:42.554028+00:00,50,29,2,19,0,
proxy_pgcat,tpcb_steady,50,1,during,2026-05-06T18:17:43.663415+00:00,50,32,2,16,0,
proxy_pgcat,tpcb_steady,50,1,during,2026-05-06T18:17:44.779501+00:00,50,37,1,12,0,
proxy_pgcat,tpcb_steady,50,1,during,2026-05-06T18:17:45.902094+00:00,50,36,1,13,0,
proxy_pgcat,tpcb_steady,50,1,during,2026-05-06T18:17:46.994358+00:00,50,35,1,14,0,
proxy_pgcat,tpcb_steady,50,1,during,2026-05-06T18:17:48.111880+00:00,50,34,2,14,0,
proxy_pgcat,tpcb_steady,50,1,during,2026-05-06T18:17:49.223553+00:00,51,28,4,19,0,
proxy_pgcat,tpcb_steady,50,1,during,2026-05-06T18:17:50.335035+00:00,50,38,1,11,0,
proxy_pgcat,tpcb_steady,50,1,during,2026-05-06T18:17:51.446761+00:00,50,38,0,12,0,
proxy_pgcat,tpcb_steady,50,1,during,2026-05-06T18:17:52.559478+00:00,50,29,5,16,0,
proxy_pgcat,tpcb_steady,50,1,during,2026-05-06T18:17:53.672508+00:00,50,35,1,14,0,
proxy_pgcat,tpcb_steady,50,1,during,2026-05-06T18:17:54.775662+00:00,50,31,5,14,0,
proxy_pgcat,tpcb_steady,50,1,during,2026-05-06T18:17:55.903855+00:00,50,25,7,18,0,
proxy_pgcat,tpcb_steady,50,1,during,2026-05-06T18:17:57.008764+00:00,50,29,5,16,0,
proxy_pgcat,tpcb_steady,50,1,during,2026-05-06T18:17:58.119608+00:00,50,29,2,19,0,
proxy_pgcat,tpcb_steady,50,1,during,2026-05-06T18:17:59.231807+00:00,50,36,2,12,0,
proxy_pgcat,tpcb_steady,50,1,during,2026-05-06T18:18:00.344051+00:00,50,36,2,12,0,
proxy_pgcat,tpcb_steady,50,1,during,2026-05-06T18:18:01.458221+00:00,50,31,4,15,0,
proxy_pgcat,tpcb_steady,50,1,during,2026-05-06T18:18:02.569606+00:00,50,36,2,12,0,
proxy_pgcat,tpcb_steady,50,1,during,2026-05-06T18:18:03.682346+00:00,50,39,1,10,0,
proxy_pgcat,tpcb_steady,50,1,during,2026-05-06T18:18:04.792251+00:00,50,33,2,15,0,
proxy_pgcat,tpcb_steady,50,1,during,2026-05-06T18:18:05.905257+00:00,50,30,2,18,0,
proxy_pgcat,tpcb_steady,50,1,during,2026-05-06T18:18:07.017807+00:00,50,33,4,13,0,
proxy_pgcat,tpcb_steady,50,1,during,2026-05-06T18:18:08.127946+00:00,50,29,5,16,0,
proxy_pgcat,tpcb_steady,50,1,during,2026-05-06T18:18:09.239728+00:00,50,37,1,12,0,
proxy_pgcat,tpcb_steady,50,1,during,2026-05-06T18:18:10.337949+00:00,50,25,6,19,0,
proxy_pgcat,tpcb_steady,50,1,during,2026-05-06T18:18:11.465110+00:00,50,31,1,18,0,
proxy_pgcat,tpcb_steady,50,1,during,2026-05-06T18:18:12.540360+00:00,50,44,1,5,0,
proxy_pgcat,tpcb_steady,50,1,during,2026-05-06T18:18:13.689174+00:00,50,29,3,18,0,
proxy_pgcat,tpcb_steady,50,1,during,2026-05-06T18:18:14.805576+00:00,50,33,3,14,0,
proxy_pgcat,tpcb_steady,50,1,during,2026-05-06T18:18:15.933346+00:00,50,37,0,13,0,
proxy_pgcat,tpcb_steady,50,1,during,2026-05-06T18:18:17.024315+00:00,50,33,3,14,0,
proxy_pgcat,tpcb_steady,50,1,during,2026-05-06T18:18:18.119931+00:00,50,37,2,11,0,
proxy_pgcat,tpcb_steady,50,1,during,2026-05-06T18:18:19.248407+00:00,50,39,1,10,0,
proxy_pgcat,tpcb_steady,50,1,during,2026-05-06T18:18:20.360467+00:00,50,32,6,12,0,
proxy_pgcat,tpcb_steady,50,1,during,2026-05-06T18:18:21.470846+00:00,50,30,6,14,0,
proxy_pgcat,tpcb_steady,50,1,during,2026-05-06T18:18:22.587978+00:00,50,40,1,9,0,
proxy_pgcat,tpcb_steady,50,1,during,2026-05-06T18:18:23.695695+00:00,50,36,2,12,0,
proxy_pgcat,tpcb_steady,50,1,during,2026-05-06T18:18:24.809207+00:00,50,36,3,11,0,
proxy_pgcat,tpcb_steady,50,1,during,2026-05-06T18:18:25.903830+00:00,50,33,2,15,0,
proxy_pgcat,tpcb_steady,50,1,during,2026-05-06T18:18:27.038760+00:00,50,34,1,15,0,
proxy_pgcat,tpcb_steady,50,1,during,2026-05-06T18:18:28.144074+00:00,50,0,50,0,0,
proxy_pgcat,tpcb_steady,50,1,after_15s,2026-05-06T18:18:43.308751+00:00,50,0,50,0,0,
proxy_pgcat,tpcb_steady,50,1,after_30s,2026-05-06T18:18:58.462888+00:00,50,0,50,0,0,
proxy_pgcat,tpcb_steady,50,1,after_45s,2026-05-06T18:19:13.614937+00:00,50,0,50,0,0,
proxy_pgcat,tpcb_steady,50,1,after_60s,2026-05-06T18:19:28.767789+00:00,50,0,50,0,0,
proxy_pgcat,tpcb_steady,50,1,after_90s,2026-05-06T18:19:58.870009+00:00,50,0,50,0,0,
proxy_pgcat,tpcb_steady,50,2,before,2026-05-06T18:20:05.628414+00:00,1,0,1,0,0,
proxy_pgcat,tpcb_steady,50,2,during,2026-05-06T18:20:06.854988+00:00,50,30,2,18,0,
proxy_pgcat,tpcb_steady,50,2,during,2026-05-06T18:20:08.082609+00:00,50,34,3,13,0,
proxy_pgcat,tpcb_steady,50,2,during,2026-05-06T18:20:09.312463+00:00,50,34,3,13,0,
proxy_pgcat,tpcb_steady,50,2,during,2026-05-06T18:20:10.443579+00:00,50,33,4,13,0,
proxy_pgcat,tpcb_steady,50,2,during,2026-05-06T18:20:11.565271+00:00,50,33,4,13,0,
proxy_pgcat,tpcb_steady,50,2,during,2026-05-06T18:20:12.671575+00:00,50,26,7,17,0,
proxy_pgcat,tpcb_steady,50,2,during,2026-05-06T18:20:13.784028+00:00,50,31,5,14,0,
proxy_pgcat,tpcb_steady,50,2,during,2026-05-06T18:20:14.895450+00:00,50,35,2,13,0,
proxy_pgcat,tpcb_steady,50,2,during,2026-05-06T18:20:16.008056+00:00,50,35,3,12,0,
proxy_pgcat,tpcb_steady,50,2,during,2026-05-06T18:20:17.092910+00:00,50,36,1,13,0,
proxy_pgcat,tpcb_steady,50,2,during,2026-05-06T18:20:18.234329+00:00,50,37,2,11,0,
proxy_pgcat,tpcb_steady,50,2,during,2026-05-06T18:20:19.348173+00:00,50,40,2,8,0,
proxy_pgcat,tpcb_steady,50,2,during,2026-05-06T18:20:20.449017+00:00,50,35,3,12,0,
proxy_pgcat,tpcb_steady,50,2,during,2026-05-06T18:20:21.559734+00:00,50,30,6,14,0,
proxy_pgcat,tpcb_steady,50,2,during,2026-05-06T18:20:22.676370+00:00,50,33,5,12,0,
proxy_pgcat,tpcb_steady,50,2,during,2026-05-06T18:20:23.787652+00:00,50,29,6,15,0,
proxy_pgcat,tpcb_steady,50,2,during,2026-05-06T18:20:24.874945+00:00,50,36,1,13,0,
proxy_pgcat,tpcb_steady,50,2,during,2026-05-06T18:20:26.010754+00:00,50,35,2,13,0,
proxy_pgcat,tpcb_steady,50,2,during,2026-05-06T18:20:27.120382+00:00,50,33,3,14,0,
proxy_pgcat,tpcb_steady,50,2,during,2026-05-06T18:20:28.239666+00:00,50,36,1,13,0,
proxy_pgcat,tpcb_steady,50,2,during,2026-05-06T18:20:29.344999+00:00,50,31,4,15,0,
proxy_pgcat,tpcb_steady,50,2,during,2026-05-06T18:20:30.419599+00:00,50,24,7,19,0,
proxy_pgcat,tpcb_steady,50,2,during,2026-05-06T18:20:31.570282+00:00,50,21,7,22,0,
proxy_pgcat,tpcb_steady,50,2,during,2026-05-06T18:20:32.656282+00:00,50,37,1,12,0,
proxy_pgcat,tpcb_steady,50,2,during,2026-05-06T18:20:33.792141+00:00,50,34,3,13,0,
proxy_pgcat,tpcb_steady,50,2,during,2026-05-06T18:20:34.909443+00:00,50,37,4,9,0,
proxy_pgcat,tpcb_steady,50,2,during,2026-05-06T18:20:36.016047+00:00,50,29,5,16,0,
proxy_pgcat,tpcb_steady,50,2,during,2026-05-06T18:20:37.129756+00:00,50,40,1,9,0,
proxy_pgcat,tpcb_steady,50,2,during,2026-05-06T18:20:38.239592+00:00,50,39,1,10,0,
proxy_pgcat,tpcb_steady,50,2,during,2026-05-06T18:20:39.354664+00:00,50,29,5,16,0,
proxy_pgcat,tpcb_steady,50,2,during,2026-05-06T18:20:40.439179+00:00,50,37,1,12,0,
proxy_pgcat,tpcb_steady,50,2,during,2026-05-06T18:20:41.577526+00:00,50,44,0,6,0,
proxy_pgcat,tpcb_steady,50,2,during,2026-05-06T18:20:42.690399+00:00,50,37,2,11,0,
proxy_pgcat,tpcb_steady,50,2,during,2026-05-06T18:20:43.800410+00:00,50,34,4,12,0,
proxy_pgcat,tpcb_steady,50,2,during,2026-05-06T18:20:44.912829+00:00,50,36,3,11,0,
proxy_pgcat,tpcb_steady,50,2,during,2026-05-06T18:20:46.024785+00:00,50,41,0,9,0,
proxy_pgcat,tpcb_steady,50,2,during,2026-05-06T18:20:47.137268+00:00,50,40,1,9,0,
proxy_pgcat,tpcb_steady,50,2,during,2026-05-06T18:20:48.220198+00:00,50,41,1,8,0,
proxy_pgcat,tpcb_steady,50,2,during,2026-05-06T18:20:49.399157+00:00,51,36,3,12,0,
proxy_pgcat,tpcb_steady,50,2,during,2026-05-06T18:20:50.475769+00:00,50,27,2,21,0,
proxy_pgcat,tpcb_steady,50,2,during,2026-05-06T18:20:51.575899+00:00,50,28,7,15,0,
proxy_pgcat,tpcb_steady,50,2,during,2026-05-06T18:20:52.691064+00:00,50,36,1,13,0,
proxy_pgcat,tpcb_steady,50,2,during,2026-05-06T18:20:53.799996+00:00,50,34,2,14,0,
proxy_pgcat,tpcb_steady,50,2,during,2026-05-06T18:20:54.911636+00:00,50,39,2,9,0,
proxy_pgcat,tpcb_steady,50,2,during,2026-05-06T18:20:56.001914+00:00,50,30,3,17,0,
proxy_pgcat,tpcb_steady,50,2,during,2026-05-06T18:20:57.135246+00:00,50,41,1,8,0,
proxy_pgcat,tpcb_steady,50,2,during,2026-05-06T18:20:58.248463+00:00,50,29,4,17,0,
proxy_pgcat,tpcb_steady,50,2,during,2026-05-06T18:20:59.360971+00:00,50,26,7,17,0,
proxy_pgcat,tpcb_steady,50,2,during,2026-05-06T18:21:00.471836+00:00,50,31,5,14,0,
proxy_pgcat,tpcb_steady,50,2,during,2026-05-06T18:21:01.584761+00:00,50,43,2,5,0,
proxy_pgcat,tpcb_steady,50,2,during,2026-05-06T18:21:02.696705+00:00,50,36,1,13,0,
proxy_pgcat,tpcb_steady,50,2,during,2026-05-06T18:21:03.785125+00:00,50,24,8,18,0,
proxy_pgcat,tpcb_steady,50,2,during,2026-05-06T18:21:04.920665+00:00,50,35,1,14,0,
proxy_pgcat,tpcb_steady,50,2,after_15s,2026-05-06T18:21:20.988883+00:00,50,0,50,0,0,
proxy_pgcat,tpcb_steady,50,2,after_30s,2026-05-06T18:21:36.063680+00:00,50,0,50,0,0,
proxy_pgcat,tpcb_steady,50,2,after_45s,2026-05-06T18:21:51.296530+00:00,51,1,50,0,0,
proxy_pgcat,tpcb_steady,50,2,after_60s,2026-05-06T18:22:06.407450+00:00,50,0,50,0,0,
proxy_pgcat,tpcb_steady,50,2,after_90s,2026-05-06T18:22:36.488836+00:00,50,0,50,0,0,
proxy_pgcat,tpcb_steady,50,3,before,2026-05-06T18:22:42.837258+00:00,1,0,1,0,0,
proxy_pgcat,tpcb_steady,50,3,during,2026-05-06T18:22:43.876962+00:00,50,48,0,2,0,
proxy_pgcat,tpcb_steady,50,3,during,2026-05-06T18:22:44.977942+00:00,50,36,3,11,0,
proxy_pgcat,tpcb_steady,50,3,during,2026-05-06T18:22:46.088001+00:00,50,39,1,10,0,
proxy_pgcat,tpcb_steady,50,3,during,2026-05-06T18:22:47.200645+00:00,50,31,3,16,0,
proxy_pgcat,tpcb_steady,50,3,during,2026-05-06T18:22:48.312120+00:00,50,39,5,6,0,
proxy_pgcat,tpcb_steady,50,3,during,2026-05-06T18:22:49.425464+00:00,51,34,5,12,0,
proxy_pgcat,tpcb_steady,50,3,during,2026-05-06T18:22:50.535210+00:00,51,43,1,7,0,
proxy_pgcat,tpcb_steady,50,3,during,2026-05-06T18:22:51.649021+00:00,51,32,6,13,0,
proxy_pgcat,tpcb_steady,50,3,during,2026-05-06T18:22:52.773246+00:00,51,34,3,14,0,
proxy_pgcat,tpcb_steady,50,3,during,2026-05-06T18:22:53.873653+00:00,50,35,4,11,0,
proxy_pgcat,tpcb_steady,50,3,during,2026-05-06T18:22:54.980251+00:00,50,31,3,16,0,
proxy_pgcat,tpcb_steady,50,3,during,2026-05-06T18:22:56.095330+00:00,50,39,0,11,0,
proxy_pgcat,tpcb_steady,50,3,during,2026-05-06T18:22:57.208678+00:00,50,38,1,11,0,
proxy_pgcat,tpcb_steady,50,3,during,2026-05-06T18:22:58.321567+00:00,50,34,2,14,0,
proxy_pgcat,tpcb_steady,50,3,during,2026-05-06T18:22:59.432660+00:00,50,37,1,12,0,
proxy_pgcat,tpcb_steady,50,3,during,2026-05-06T18:23:00.544664+00:00,50,38,1,11,0,
proxy_pgcat,tpcb_steady,50,3,during,2026-05-06T18:23:01.657199+00:00,50,26,6,18,0,
proxy_pgcat,tpcb_steady,50,3,during,2026-05-06T18:23:02.762489+00:00,50,37,3,10,0,
proxy_pgcat,tpcb_steady,50,3,during,2026-05-06T18:23:03.880477+00:00,50,38,2,10,0,
proxy_pgcat,tpcb_steady,50,3,during,2026-05-06T18:23:04.991863+00:00,50,30,5,15,0,
proxy_pgcat,tpcb_steady,50,3,during,2026-05-06T18:23:06.106194+00:00,50,35,2,13,0,
proxy_pgcat,tpcb_steady,50,3,during,2026-05-06T18:23:07.216691+00:00,50,35,2,13,0,
proxy_pgcat,tpcb_steady,50,3,during,2026-05-06T18:23:08.328069+00:00,50,39,2,9,0,
proxy_pgcat,tpcb_steady,50,3,during,2026-05-06T18:23:09.439642+00:00,50,37,2,11,0,
proxy_pgcat,tpcb_steady,50,3,during,2026-05-06T18:23:10.536477+00:00,50,31,4,15,0,
proxy_pgcat,tpcb_steady,50,3,during,2026-05-06T18:23:11.679353+00:00,50,31,4,15,0,
proxy_pgcat,tpcb_steady,50,3,during,2026-05-06T18:23:12.776667+00:00,50,31,6,13,0,
proxy_pgcat,tpcb_steady,50,3,during,2026-05-06T18:23:13.900743+00:00,50,35,3,12,0,
proxy_pgcat,tpcb_steady,50,3,during,2026-05-06T18:23:15.004409+00:00,50,31,3,16,0,
proxy_pgcat,tpcb_steady,50,3,during,2026-05-06T18:23:16.111526+00:00,50,40,4,6,0,
proxy_pgcat,tpcb_steady,50,3,during,2026-05-06T18:23:17.226350+00:00,50,40,1,9,0,
proxy_pgcat,tpcb_steady,50,3,during,2026-05-06T18:23:18.326659+00:00,50,28,3,19,0,
proxy_pgcat,tpcb_steady,50,3,during,2026-05-06T18:23:19.460299+00:00,50,34,6,10,0,
proxy_pgcat,tpcb_steady,50,3,during,2026-05-06T18:23:20.534182+00:00,50,38,2,10,0,
proxy_pgcat,tpcb_steady,50,3,during,2026-05-06T18:23:21.671922+00:00,50,31,4,15,0,
proxy_pgcat,tpcb_steady,50,3,during,2026-05-06T18:23:22.784663+00:00,50,36,1,13,0,
proxy_pgcat,tpcb_steady,50,3,during,2026-05-06T18:23:23.896576+00:00,50,38,1,11,0,
proxy_pgcat,tpcb_steady,50,3,during,2026-05-06T18:23:25.008072+00:00,50,35,2,13,0,
proxy_pgcat,tpcb_steady,50,3,during,2026-05-06T18:23:26.111247+00:00,50,41,1,8,0,
proxy_pgcat,tpcb_steady,50,3,during,2026-05-06T18:23:27.232822+00:00,50,30,7,13,0,
proxy_pgcat,tpcb_steady,50,3,during,2026-05-06T18:23:28.345149+00:00,50,30,4,16,0,
proxy_pgcat,tpcb_steady,50,3,during,2026-05-06T18:23:29.455438+00:00,50,36,2,12,0,
proxy_pgcat,tpcb_steady,50,3,during,2026-05-06T18:23:30.527042+00:00,50,36,1,13,0,
proxy_pgcat,tpcb_steady,50,3,during,2026-05-06T18:23:31.636945+00:00,50,30,5,15,0,
proxy_pgcat,tpcb_steady,50,3,during,2026-05-06T18:23:32.792194+00:00,50,42,1,7,0,
proxy_pgcat,tpcb_steady,50,3,during,2026-05-06T18:23:33.890507+00:00,50,39,1,10,0,
proxy_pgcat,tpcb_steady,50,3,during,2026-05-06T18:23:35.017992+00:00,50,35,1,14,0,
proxy_pgcat,tpcb_steady,50,3,during,2026-05-06T18:23:36.128497+00:00,50,39,1,10,0,
proxy_pgcat,tpcb_steady,50,3,during,2026-05-06T18:23:37.240608+00:00,50,34,0,16,0,
proxy_pgcat,tpcb_steady,50,3,during,2026-05-06T18:23:38.342461+00:00,50,28,6,16,0,
proxy_pgcat,tpcb_steady,50,3,during,2026-05-06T18:23:39.463999+00:00,50,38,1,11,0,
proxy_pgcat,tpcb_steady,50,3,during,2026-05-06T18:23:40.542052+00:00,50,41,1,8,0,
proxy_pgcat,tpcb_steady,50,3,during,2026-05-06T18:23:41.674038+00:00,50,30,4,16,0,
proxy_pgcat,tpcb_steady,50,3,during,2026-05-06T18:23:42.798805+00:00,50,36,1,13,0,
proxy_pgcat,tpcb_steady,50,3,after_15s,2026-05-06T18:23:58.056999+00:00,50,0,50,0,0,
proxy_pgcat,tpcb_steady,50,3,after_30s,2026-05-06T18:24:13.212381+00:00,50,0,50,0,0,
proxy_pgcat,tpcb_steady,50,3,after_45s,2026-05-06T18:24:28.365280+00:00,50,0,50,0,0,
proxy_pgcat,tpcb_steady,50,3,after_60s,2026-05-06T18:24:43.521488+00:00,50,0,50,0,0,
proxy_pgcat,tpcb_steady,50,3,after_90s,2026-05-06T18:25:13.634697+00:00,50,0,50,0,0,
proxy_pgcat,tpcb_steady,100,1,before,2026-05-06T18:25:20.458061+00:00,1,0,1,0,0,
proxy_pgcat,tpcb_steady,100,1,during,2026-05-06T18:25:21.605548+00:00,0,0,0,0,0,"psql: error: connection to server at ""comp1.local.neon.build"" (127.0.0.1), port 4432 failed: ERROR:  sorry, too many clients already"
proxy_pgcat,tpcb_steady,100,1,during,2026-05-06T18:25:22.835175+00:00,0,0,0,0,0,"psql: error: connection to server at ""comp1.local.neon.build"" (127.0.0.1), port 4432 failed: ERROR:  sorry, too many clients already"
proxy_pgcat,tpcb_steady,100,1,during,2026-05-06T18:25:23.973762+00:00,0,0,0,0,0,"psql: error: connection to server at ""comp1.local.neon.build"" (127.0.0.1), port 4432 failed: ERROR:  sorry, too many clients already"
proxy_pgcat,tpcb_steady,100,1,during,2026-05-06T18:25:25.089244+00:00,0,0,0,0,0,"psql: error: connection to server at ""comp1.local.neon.build"" (127.0.0.1), port 4432 failed: ERROR:  sorry, too many clients already"
proxy_pgcat,tpcb_steady,100,1,during,2026-05-06T18:25:26.198798+00:00,0,0,0,0,0,"psql: error: connection to server at ""comp1.local.neon.build"" (127.0.0.1), port 4432 failed: ERROR:  sorry, too many clients already"
proxy_pgcat,tpcb_steady,100,1,during,2026-05-06T18:25:27.309848+00:00,0,0,0,0,0,"psql: error: connection to server at ""comp1.local.neon.build"" (127.0.0.1), port 4432 failed: ERROR:  sorry, too many clients already"
proxy_pgcat,tpcb_steady,100,1,during,2026-05-06T18:25:28.422684+00:00,0,0,0,0,0,"psql: error: connection to server at ""comp1.local.neon.build"" (127.0.0.1), port 4432 failed: ERROR:  sorry, too many clients already"
proxy_pgcat,tpcb_steady,100,1,during,2026-05-06T18:25:29.536173+00:00,0,0,0,0,0,"psql: error: connection to server at ""comp1.local.neon.build"" (127.0.0.1), port 4432 failed: ERROR:  sorry, too many clients already"
proxy_pgcat,tpcb_steady,100,1,during,2026-05-06T18:25:30.647065+00:00,0,0,0,0,0,"psql: error: connection to server at ""comp1.local.neon.build"" (127.0.0.1), port 4432 failed: ERROR:  sorry, too many clients already"
proxy_pgcat,tpcb_steady,100,1,during,2026-05-06T18:25:31.759906+00:00,0,0,0,0,0,"psql: error: connection to server at ""comp1.local.neon.build"" (127.0.0.1), port 4432 failed: ERROR:  sorry, too many clients already"
proxy_pgcat,tpcb_steady,100,1,during,2026-05-06T18:25:32.871936+00:00,0,0,0,0,0,"psql: error: connection to server at ""comp1.local.neon.build"" (127.0.0.1), port 4432 failed: ERROR:  sorry, too many clients already"
proxy_pgcat,tpcb_steady,100,1,during,2026-05-06T18:25:33.985277+00:00,0,0,0,0,0,"psql: error: connection to server at ""comp1.local.neon.build"" (127.0.0.1), port 4432 failed: ERROR:  sorry, too many clients already"
proxy_pgcat,tpcb_steady,100,1,during,2026-05-06T18:25:35.093013+00:00,0,0,0,0,0,"psql: error: connection to server at ""comp1.local.neon.build"" (127.0.0.1), port 4432 failed: ERROR:  sorry, too many clients already"
proxy_pgcat,tpcb_steady,100,1,during,2026-05-06T18:25:36.205459+00:00,0,0,0,0,0,"psql: error: connection to server at ""comp1.local.neon.build"" (127.0.0.1), port 4432 failed: ERROR:  sorry, too many clients already"
proxy_pgcat,tpcb_steady,100,1,during,2026-05-06T18:25:37.321100+00:00,0,0,0,0,0,"psql: error: connection to server at ""comp1.local.neon.build"" (127.0.0.1), port 4432 failed: ERROR:  sorry, too many clients already"
proxy_pgcat,tpcb_steady,100,1,during,2026-05-06T18:25:38.429205+00:00,0,0,0,0,0,"psql: error: connection to server at ""comp1.local.neon.build"" (127.0.0.1), port 4432 failed: ERROR:  sorry, too many clients already"
proxy_pgcat,tpcb_steady,100,1,during,2026-05-06T18:25:39.509139+00:00,0,0,0,0,0,"psql: error: connection to server at ""comp1.local.neon.build"" (127.0.0.1), port 4432 failed: ERROR:  sorry, too many clients already"
proxy_pgcat,tpcb_steady,100,1,during,2026-05-06T18:25:40.652441+00:00,0,0,0,0,0,"psql: error: connection to server at ""comp1.local.neon.build"" (127.0.0.1), port 4432 failed: ERROR:  sorry, too many clients already"
proxy_pgcat,tpcb_steady,100,1,during,2026-05-06T18:25:41.766006+00:00,0,0,0,0,0,"psql: error: connection to server at ""comp1.local.neon.build"" (127.0.0.1), port 4432 failed: ERROR:  sorry, too many clients already"
proxy_pgcat,tpcb_steady,100,1,during,2026-05-06T18:25:42.880082+00:00,0,0,0,0,0,"psql: error: connection to server at ""comp1.local.neon.build"" (127.0.0.1), port 4432 failed: ERROR:  sorry, too many clients already"
proxy_pgcat,tpcb_steady,100,1,during,2026-05-06T18:25:43.989927+00:00,0,0,0,0,0,"psql: error: connection to server at ""comp1.local.neon.build"" (127.0.0.1), port 4432 failed: ERROR:  sorry, too many clients already"
proxy_pgcat,tpcb_steady,100,1,during,2026-05-06T18:25:45.101085+00:00,0,0,0,0,0,"psql: error: connection to server at ""comp1.local.neon.build"" (127.0.0.1), port 4432 failed: ERROR:  sorry, too many clients already"
proxy_pgcat,tpcb_steady,100,1,during,2026-05-06T18:25:46.213661+00:00,0,0,0,0,0,"psql: error: connection to server at ""comp1.local.neon.build"" (127.0.0.1), port 4432 failed: ERROR:  sorry, too many clients already"
proxy_pgcat,tpcb_steady,100,1,during,2026-05-06T18:25:47.325214+00:00,0,0,0,0,0,"psql: error: connection to server at ""comp1.local.neon.build"" (127.0.0.1), port 4432 failed: ERROR:  sorry, too many clients already"
proxy_pgcat,tpcb_steady,100,1,during,2026-05-06T18:25:48.435652+00:00,0,0,0,0,0,"psql: error: connection to server at ""comp1.local.neon.build"" (127.0.0.1), port 4432 failed: ERROR:  sorry, too many clients already"
proxy_pgcat,tpcb_steady,100,1,during,2026-05-06T18:25:49.551651+00:00,0,0,0,0,0,"psql: error: connection to server at ""comp1.local.neon.build"" (127.0.0.1), port 4432 failed: ERROR:  sorry, too many clients already"
proxy_pgcat,tpcb_steady,100,1,during,2026-05-06T18:25:50.660770+00:00,0,0,0,0,0,"psql: error: connection to server at ""comp1.local.neon.build"" (127.0.0.1), port 4432 failed: ERROR:  sorry, too many clients already"
proxy_pgcat,tpcb_steady,100,1,during,2026-05-06T18:25:51.775939+00:00,0,0,0,0,0,"psql: error: connection to server at ""comp1.local.neon.build"" (127.0.0.1), port 4432 failed: ERROR:  sorry, too many clients already"
proxy_pgcat,tpcb_steady,100,1,during,2026-05-06T18:25:52.886648+00:00,0,0,0,0,0,"psql: error: connection to server at ""comp1.local.neon.build"" (127.0.0.1), port 4432 failed: ERROR:  sorry, too many clients already"
proxy_pgcat,tpcb_steady,100,1,during,2026-05-06T18:25:53.999526+00:00,0,0,0,0,0,"psql: error: connection to server at ""comp1.local.neon.build"" (127.0.0.1), port 4432 failed: ERROR:  sorry, too many clients already"
proxy_pgcat,tpcb_steady,100,1,during,2026-05-06T18:25:55.110377+00:00,0,0,0,0,0,"psql: error: connection to server at ""comp1.local.neon.build"" (127.0.0.1), port 4432 failed: ERROR:  sorry, too many clients already"
proxy_pgcat,tpcb_steady,100,1,during,2026-05-06T18:25:56.218392+00:00,0,0,0,0,0,"psql: error: connection to server at ""comp1.local.neon.build"" (127.0.0.1), port 4432 failed: ERROR:  sorry, too many clients already"
proxy_pgcat,tpcb_steady,100,1,during,2026-05-06T18:25:57.335186+00:00,0,0,0,0,0,"psql: error: connection to server at ""comp1.local.neon.build"" (127.0.0.1), port 4432 failed: ERROR:  sorry, too many clients already"
proxy_pgcat,tpcb_steady,100,1,during,2026-05-06T18:25:58.447276+00:00,0,0,0,0,0,"psql: error: connection to server at ""comp1.local.neon.build"" (127.0.0.1), port 4432 failed: ERROR:  sorry, too many clients already"
proxy_pgcat,tpcb_steady,100,1,during,2026-05-06T18:25:59.558405+00:00,0,0,0,0,0,"psql: error: connection to server at ""comp1.local.neon.build"" (127.0.0.1), port 4432 failed: ERROR:  sorry, too many clients already"
proxy_pgcat,tpcb_steady,100,1,during,2026-05-06T18:26:00.669564+00:00,0,0,0,0,0,"psql: error: connection to server at ""comp1.local.neon.build"" (127.0.0.1), port 4432 failed: ERROR:  sorry, too many clients already"
proxy_pgcat,tpcb_steady,100,1,during,2026-05-06T18:26:01.781515+00:00,0,0,0,0,0,"psql: error: connection to server at ""comp1.local.neon.build"" (127.0.0.1), port 4432 failed: ERROR:  sorry, too many clients already"
proxy_pgcat,tpcb_steady,100,1,during,2026-05-06T18:26:02.894732+00:00,0,0,0,0,0,"psql: error: connection to server at ""comp1.local.neon.build"" (127.0.0.1), port 4432 failed: ERROR:  sorry, too many clients already"
proxy_pgcat,tpcb_steady,100,1,during,2026-05-06T18:26:03.998219+00:00,0,0,0,0,0,"psql: error: connection to server at ""comp1.local.neon.build"" (127.0.0.1), port 4432 failed: ERROR:  sorry, too many clients already"
proxy_pgcat,tpcb_steady,100,1,during,2026-05-06T18:26:05.119656+00:00,0,0,0,0,0,"psql: error: connection to server at ""comp1.local.neon.build"" (127.0.0.1), port 4432 failed: ERROR:  sorry, too many clients already"
proxy_pgcat,tpcb_steady,100,1,during,2026-05-06T18:26:06.230154+00:00,0,0,0,0,0,"psql: error: connection to server at ""comp1.local.neon.build"" (127.0.0.1), port 4432 failed: ERROR:  sorry, too many clients already"
proxy_pgcat,tpcb_steady,100,1,during,2026-05-06T18:26:07.342003+00:00,0,0,0,0,0,"psql: error: connection to server at ""comp1.local.neon.build"" (127.0.0.1), port 4432 failed: ERROR:  sorry, too many clients already"
proxy_pgcat,tpcb_steady,100,1,during,2026-05-06T18:26:08.452688+00:00,0,0,0,0,0,"psql: error: connection to server at ""comp1.local.neon.build"" (127.0.0.1), port 4432 failed: ERROR:  sorry, too many clients already"
proxy_pgcat,tpcb_steady,100,1,during,2026-05-06T18:26:09.574392+00:00,0,0,0,0,0,"psql: error: connection to server at ""comp1.local.neon.build"" (127.0.0.1), port 4432 failed: ERROR:  sorry, too many clients already"
proxy_pgcat,tpcb_steady,100,1,during,2026-05-06T18:26:10.686880+00:00,0,0,0,0,0,"psql: error: connection to server at ""comp1.local.neon.build"" (127.0.0.1), port 4432 failed: ERROR:  sorry, too many clients already"
proxy_pgcat,tpcb_steady,100,1,during,2026-05-06T18:26:11.782105+00:00,0,0,0,0,0,"psql: error: connection to server at ""comp1.local.neon.build"" (127.0.0.1), port 4432 failed: ERROR:  sorry, too many clients already"
proxy_pgcat,tpcb_steady,100,1,during,2026-05-06T18:26:12.911823+00:00,0,0,0,0,0,"psql: error: connection to server at ""comp1.local.neon.build"" (127.0.0.1), port 4432 failed: ERROR:  sorry, too many clients already"
proxy_pgcat,tpcb_steady,100,1,during,2026-05-06T18:26:14.021665+00:00,0,0,0,0,0,"psql: error: connection to server at ""comp1.local.neon.build"" (127.0.0.1), port 4432 failed: ERROR:  sorry, too many clients already"
proxy_pgcat,tpcb_steady,100,1,during,2026-05-06T18:26:15.134257+00:00,0,0,0,0,0,"psql: error: connection to server at ""comp1.local.neon.build"" (127.0.0.1), port 4432 failed: ERROR:  sorry, too many clients already"
proxy_pgcat,tpcb_steady,100,1,during,2026-05-06T18:26:16.248035+00:00,0,0,0,0,0,"psql: error: connection to server at ""comp1.local.neon.build"" (127.0.0.1), port 4432 failed: ERROR:  sorry, too many clients already"
proxy_pgcat,tpcb_steady,100,1,during,2026-05-06T18:26:17.371818+00:00,0,0,0,0,0,"psql: error: connection to server at ""comp1.local.neon.build"" (127.0.0.1), port 4432 failed: ERROR:  sorry, too many clients already"
proxy_pgcat,tpcb_steady,100,1,during,2026-05-06T18:26:18.481458+00:00,0,0,0,0,0,"psql: error: connection to server at ""comp1.local.neon.build"" (127.0.0.1), port 4432 failed: ERROR:  sorry, too many clients already"
proxy_pgcat,tpcb_steady,100,1,during,2026-05-06T18:26:19.577264+00:00,0,0,0,0,0,"psql: error: connection to server at ""comp1.local.neon.build"" (127.0.0.1), port 4432 failed: ERROR:  sorry, too many clients already"
proxy_pgcat,tpcb_steady,100,1,during,2026-05-06T18:26:20.690150+00:00,0,0,0,0,0,"psql: error: connection to server at ""comp1.local.neon.build"" (127.0.0.1), port 4432 failed: ERROR:  sorry, too many clients already"
proxy_pgcat,tpcb_steady,100,1,after_15s,2026-05-06T18:26:35.948424+00:00,0,0,0,0,0,"psql: error: connection to server at ""comp1.local.neon.build"" (127.0.0.1), port 4432 failed: ERROR:  sorry, too many clients already"
proxy_pgcat,tpcb_steady,100,1,after_30s,2026-05-06T18:26:51.101604+00:00,0,0,0,0,0,"psql: error: connection to server at ""comp1.local.neon.build"" (127.0.0.1), port 4432 failed: ERROR:  sorry, too many clients already"
proxy_pgcat,tpcb_steady,100,1,after_45s,2026-05-06T18:27:06.257079+00:00,0,0,0,0,0,"psql: error: connection to server at ""comp1.local.neon.build"" (127.0.0.1), port 4432 failed: ERROR:  sorry, too many clients already"
proxy_pgcat,tpcb_steady,100,1,after_60s,2026-05-06T18:27:21.410756+00:00,0,0,0,0,0,"psql: error: connection to server at ""comp1.local.neon.build"" (127.0.0.1), port 4432 failed: ERROR:  sorry, too many clients already"
proxy_pgcat,tpcb_steady,100,1,after_90s,2026-05-06T18:27:51.517116+00:00,0,0,0,0,0,"psql: error: connection to server at ""comp1.local.neon.build"" (127.0.0.1), port 4432 failed: ERROR:  sorry, too many clients already"
proxy_pgcat,tpcb_steady,100,2,before,2026-05-06T18:27:58.385604+00:00,1,0,1,0,0,
proxy_pgcat,tpcb_steady,100,2,during,2026-05-06T18:27:59.500715+00:00,0,0,0,0,0,"psql: error: connection to server at ""comp1.local.neon.build"" (127.0.0.1), port 4432 failed: ERROR:  sorry, too many clients already"
proxy_pgcat,tpcb_steady,100,2,during,2026-05-06T18:28:00.564858+00:00,0,0,0,0,0,"psql: error: connection to server at ""comp1.local.neon.build"" (127.0.0.1), port 4432 failed: ERROR:  sorry, too many clients already"
proxy_pgcat,tpcb_steady,100,2,during,2026-05-06T18:28:01.754214+00:00,0,0,0,0,0,"psql: error: connection to server at ""comp1.local.neon.build"" (127.0.0.1), port 4432 failed: ERROR:  sorry, too many clients already"
proxy_pgcat,tpcb_steady,100,2,during,2026-05-06T18:28:02.940206+00:00,0,0,0,0,0,"psql: error: connection to server at ""comp1.local.neon.build"" (127.0.0.1), port 4432 failed: ERROR:  sorry, too many clients already"
proxy_pgcat,tpcb_steady,100,2,during,2026-05-06T18:28:04.101626+00:00,0,0,0,0,0,"psql: error: connection to server at ""comp1.local.neon.build"" (127.0.0.1), port 4432 failed: ERROR:  sorry, too many clients already"
proxy_pgcat,tpcb_steady,100,2,during,2026-05-06T18:28:05.214844+00:00,0,0,0,0,0,"psql: error: connection to server at ""comp1.local.neon.build"" (127.0.0.1), port 4432 failed: ERROR:  sorry, too many clients already"
proxy_pgcat,tpcb_steady,100,2,during,2026-05-06T18:28:06.290882+00:00,0,0,0,0,0,"psql: error: connection to server at ""comp1.local.neon.build"" (127.0.0.1), port 4432 failed: ERROR:  sorry, too many clients already"
proxy_pgcat,tpcb_steady,100,2,during,2026-05-06T18:28:07.430162+00:00,0,0,0,0,0,"psql: error: connection to server at ""comp1.local.neon.build"" (127.0.0.1), port 4432 failed: ERROR:  sorry, too many clients already"
proxy_pgcat,tpcb_steady,100,2,during,2026-05-06T18:28:08.541913+00:00,0,0,0,0,0,"psql: error: connection to server at ""comp1.local.neon.build"" (127.0.0.1), port 4432 failed: ERROR:  sorry, too many clients already"
proxy_pgcat,tpcb_steady,100,2,during,2026-05-06T18:28:09.657997+00:00,0,0,0,0,0,"psql: error: connection to server at ""comp1.local.neon.build"" (127.0.0.1), port 4432 failed: ERROR:  sorry, too many clients already"
proxy_pgcat,tpcb_steady,100,2,during,2026-05-06T18:28:10.780909+00:00,0,0,0,0,0,"psql: error: connection to server at ""comp1.local.neon.build"" (127.0.0.1), port 4432 failed: ERROR:  sorry, too many clients already"
proxy_pgcat,tpcb_steady,100,2,during,2026-05-06T18:28:11.880159+00:00,0,0,0,0,0,"psql: error: connection to server at ""comp1.local.neon.build"" (127.0.0.1), port 4432 failed: ERROR:  sorry, too many clients already"
proxy_pgcat,tpcb_steady,100,2,during,2026-05-06T18:28:12.990745+00:00,0,0,0,0,0,"psql: error: connection to server at ""comp1.local.neon.build"" (127.0.0.1), port 4432 failed: ERROR:  sorry, too many clients already"
proxy_pgcat,tpcb_steady,100,2,during,2026-05-06T18:28:14.101837+00:00,0,0,0,0,0,"psql: error: connection to server at ""comp1.local.neon.build"" (127.0.0.1), port 4432 failed: ERROR:  sorry, too many clients already"
proxy_pgcat,tpcb_steady,100,2,during,2026-05-06T18:28:15.213046+00:00,0,0,0,0,0,"psql: error: connection to server at ""comp1.local.neon.build"" (127.0.0.1), port 4432 failed: ERROR:  sorry, too many clients already"
proxy_pgcat,tpcb_steady,100,2,during,2026-05-06T18:28:16.296575+00:00,0,0,0,0,0,"psql: error: connection to server at ""comp1.local.neon.build"" (127.0.0.1), port 4432 failed: ERROR:  sorry, too many clients already"
proxy_pgcat,tpcb_steady,100,2,during,2026-05-06T18:28:17.437390+00:00,0,0,0,0,0,"psql: error: connection to server at ""comp1.local.neon.build"" (127.0.0.1), port 4432 failed: ERROR:  sorry, too many clients already"
proxy_pgcat,tpcb_steady,100,2,during,2026-05-06T18:28:18.514134+00:00,0,0,0,0,0,"psql: error: connection to server at ""comp1.local.neon.build"" (127.0.0.1), port 4432 failed: ERROR:  sorry, too many clients already"
proxy_pgcat,tpcb_steady,100,2,during,2026-05-06T18:28:19.661896+00:00,0,0,0,0,0,"psql: error: connection to server at ""comp1.local.neon.build"" (127.0.0.1), port 4432 failed: ERROR:  sorry, too many clients already"
proxy_pgcat,tpcb_steady,100,2,during,2026-05-06T18:28:20.772508+00:00,0,0,0,0,0,"psql: error: connection to server at ""comp1.local.neon.build"" (127.0.0.1), port 4432 failed: ERROR:  sorry, too many clients already"
proxy_pgcat,tpcb_steady,100,2,during,2026-05-06T18:28:21.886080+00:00,0,0,0,0,0,"psql: error: connection to server at ""comp1.local.neon.build"" (127.0.0.1), port 4432 failed: ERROR:  sorry, too many clients already"
proxy_pgcat,tpcb_steady,100,2,during,2026-05-06T18:28:22.998064+00:00,0,0,0,0,0,"psql: error: connection to server at ""comp1.local.neon.build"" (127.0.0.1), port 4432 failed: ERROR:  sorry, too many clients already"
proxy_pgcat,tpcb_steady,100,2,during,2026-05-06T18:28:24.110091+00:00,0,0,0,0,0,"psql: error: connection to server at ""comp1.local.neon.build"" (127.0.0.1), port 4432 failed: ERROR:  sorry, too many clients already"
proxy_pgcat,tpcb_steady,100,2,during,2026-05-06T18:28:25.220985+00:00,0,0,0,0,0,"psql: error: connection to server at ""comp1.local.neon.build"" (127.0.0.1), port 4432 failed: ERROR:  sorry, too many clients already"
proxy_pgcat,tpcb_steady,100,2,during,2026-05-06T18:28:26.333230+00:00,0,0,0,0,0,"psql: error: connection to server at ""comp1.local.neon.build"" (127.0.0.1), port 4432 failed: ERROR:  sorry, too many clients already"
proxy_pgcat,tpcb_steady,100,2,during,2026-05-06T18:28:27.445674+00:00,0,0,0,0,0,"psql: error: connection to server at ""comp1.local.neon.build"" (127.0.0.1), port 4432 failed: ERROR:  sorry, too many clients already"
proxy_pgcat,tpcb_steady,100,2,during,2026-05-06T18:28:28.524305+00:00,0,0,0,0,0,"psql: error: connection to server at ""comp1.local.neon.build"" (127.0.0.1), port 4432 failed: ERROR:  sorry, too many clients already"
proxy_pgcat,tpcb_steady,100,2,during,2026-05-06T18:28:29.606184+00:00,0,0,0,0,0,"psql: error: connection to server at ""comp1.local.neon.build"" (127.0.0.1), port 4432 failed: ERROR:  sorry, too many clients already"
proxy_pgcat,tpcb_steady,100,2,during,2026-05-06T18:28:30.780854+00:00,0,0,0,0,0,"psql: error: connection to server at ""comp1.local.neon.build"" (127.0.0.1), port 4432 failed: ERROR:  sorry, too many clients already"
proxy_pgcat,tpcb_steady,100,2,during,2026-05-06T18:28:31.894021+00:00,0,0,0,0,0,"psql: error: connection to server at ""comp1.local.neon.build"" (127.0.0.1), port 4432 failed: ERROR:  sorry, too many clients already"
proxy_pgcat,tpcb_steady,100,2,during,2026-05-06T18:28:33.008222+00:00,0,0,0,0,0,"psql: error: connection to server at ""comp1.local.neon.build"" (127.0.0.1), port 4432 failed: ERROR:  sorry, too many clients already"
proxy_pgcat,tpcb_steady,100,2,during,2026-05-06T18:28:34.112237+00:00,0,0,0,0,0,"psql: error: connection to server at ""comp1.local.neon.build"" (127.0.0.1), port 4432 failed: ERROR:  sorry, too many clients already"
proxy_pgcat,tpcb_steady,100,2,during,2026-05-06T18:28:35.230086+00:00,0,0,0,0,0,"psql: error: connection to server at ""comp1.local.neon.build"" (127.0.0.1), port 4432 failed: ERROR:  sorry, too many clients already"
proxy_pgcat,tpcb_steady,100,2,during,2026-05-06T18:28:36.342503+00:00,0,0,0,0,0,"psql: error: connection to server at ""comp1.local.neon.build"" (127.0.0.1), port 4432 failed: ERROR:  sorry, too many clients already"
proxy_pgcat,tpcb_steady,100,2,during,2026-05-06T18:28:37.453010+00:00,0,0,0,0,0,"psql: error: connection to server at ""comp1.local.neon.build"" (127.0.0.1), port 4432 failed: ERROR:  sorry, too many clients already"
proxy_pgcat,tpcb_steady,100,2,during,2026-05-06T18:28:38.568009+00:00,0,0,0,0,0,"psql: error: connection to server at ""comp1.local.neon.build"" (127.0.0.1), port 4432 failed: ERROR:  sorry, too many clients already"
proxy_pgcat,tpcb_steady,100,2,during,2026-05-06T18:28:39.680005+00:00,0,0,0,0,0,"psql: error: connection to server at ""comp1.local.neon.build"" (127.0.0.1), port 4432 failed: ERROR:  sorry, too many clients already"
proxy_pgcat,tpcb_steady,100,2,during,2026-05-06T18:28:40.792275+00:00,0,0,0,0,0,"psql: error: connection to server at ""comp1.local.neon.build"" (127.0.0.1), port 4432 failed: ERROR:  sorry, too many clients already"
proxy_pgcat,tpcb_steady,100,2,during,2026-05-06T18:28:41.893833+00:00,0,0,0,0,0,"psql: error: connection to server at ""comp1.local.neon.build"" (127.0.0.1), port 4432 failed: ERROR:  sorry, too many clients already"
proxy_pgcat,tpcb_steady,100,2,during,2026-05-06T18:28:43.020006+00:00,0,0,0,0,0,"psql: error: connection to server at ""comp1.local.neon.build"" (127.0.0.1), port 4432 failed: ERROR:  sorry, too many clients already"
proxy_pgcat,tpcb_steady,100,2,during,2026-05-06T18:28:44.125304+00:00,0,0,0,0,0,"psql: error: connection to server at ""comp1.local.neon.build"" (127.0.0.1), port 4432 failed: ERROR:  sorry, too many clients already"
proxy_pgcat,tpcb_steady,100,2,during,2026-05-06T18:28:45.238469+00:00,0,0,0,0,0,"psql: error: connection to server at ""comp1.local.neon.build"" (127.0.0.1), port 4432 failed: ERROR:  sorry, too many clients already"
proxy_pgcat,tpcb_steady,100,2,during,2026-05-06T18:28:46.349380+00:00,0,0,0,0,0,"psql: error: connection to server at ""comp1.local.neon.build"" (127.0.0.1), port 4432 failed: ERROR:  sorry, too many clients already"
proxy_pgcat,tpcb_steady,100,2,during,2026-05-06T18:28:47.460216+00:00,0,0,0,0,0,"psql: error: connection to server at ""comp1.local.neon.build"" (127.0.0.1), port 4432 failed: ERROR:  sorry, too many clients already"
proxy_pgcat,tpcb_steady,100,2,during,2026-05-06T18:28:48.536889+00:00,0,0,0,0,0,"psql: error: connection to server at ""comp1.local.neon.build"" (127.0.0.1), port 4432 failed: ERROR:  sorry, too many clients already"
proxy_pgcat,tpcb_steady,100,2,during,2026-05-06T18:28:49.676280+00:00,0,0,0,0,0,"psql: error: connection to server at ""comp1.local.neon.build"" (127.0.0.1), port 4432 failed: ERROR:  sorry, too many clients already"
proxy_pgcat,tpcb_steady,100,2,during,2026-05-06T18:28:50.804037+00:00,0,0,0,0,0,"psql: error: connection to server at ""comp1.local.neon.build"" (127.0.0.1), port 4432 failed: ERROR:  sorry, too many clients already"
proxy_pgcat,tpcb_steady,100,2,during,2026-05-06T18:28:51.909477+00:00,0,0,0,0,0,"psql: error: connection to server at ""comp1.local.neon.build"" (127.0.0.1), port 4432 failed: ERROR:  sorry, too many clients already"
proxy_pgcat,tpcb_steady,100,2,during,2026-05-06T18:28:53.021523+00:00,0,0,0,0,0,"psql: error: connection to server at ""comp1.local.neon.build"" (127.0.0.1), port 4432 failed: ERROR:  sorry, too many clients already"
proxy_pgcat,tpcb_steady,100,2,during,2026-05-06T18:28:54.135921+00:00,0,0,0,0,0,"psql: error: connection to server at ""comp1.local.neon.build"" (127.0.0.1), port 4432 failed: ERROR:  sorry, too many clients already"
proxy_pgcat,tpcb_steady,100,2,during,2026-05-06T18:28:55.246008+00:00,0,0,0,0,0,"psql: error: connection to server at ""comp1.local.neon.build"" (127.0.0.1), port 4432 failed: ERROR:  sorry, too many clients already"
proxy_pgcat,tpcb_steady,100,2,during,2026-05-06T18:28:56.359729+00:00,0,0,0,0,0,"psql: error: connection to server at ""comp1.local.neon.build"" (127.0.0.1), port 4432 failed: ERROR:  sorry, too many clients already"
proxy_pgcat,tpcb_steady,100,2,during,2026-05-06T18:28:57.459544+00:00,0,0,0,0,0,"psql: error: connection to server at ""comp1.local.neon.build"" (127.0.0.1), port 4432 failed: ERROR:  sorry, too many clients already"
proxy_pgcat,tpcb_steady,100,2,during,2026-05-06T18:28:58.539123+00:00,0,0,0,0,0,"psql: error: connection to server at ""comp1.local.neon.build"" (127.0.0.1), port 4432 failed: ERROR:  sorry, too many clients already"
proxy_pgcat,tpcb_steady,100,2,after_15s,2026-05-06T18:29:13.843088+00:00,0,0,0,0,0,"psql: error: connection to server at ""comp1.local.neon.build"" (127.0.0.1), port 4432 failed: ERROR:  sorry, too many clients already"
proxy_pgcat,tpcb_steady,100,2,after_30s,2026-05-06T18:29:28.999566+00:00,0,0,0,0,0,"psql: error: connection to server at ""comp1.local.neon.build"" (127.0.0.1), port 4432 failed: ERROR:  sorry, too many clients already"
proxy_pgcat,tpcb_steady,100,2,after_45s,2026-05-06T18:29:44.154200+00:00,0,0,0,0,0,"psql: error: connection to server at ""comp1.local.neon.build"" (127.0.0.1), port 4432 failed: ERROR:  sorry, too many clients already"
proxy_pgcat,tpcb_steady,100,2,after_60s,2026-05-06T18:29:59.318687+00:00,0,0,0,0,0,"psql: error: connection to server at ""comp1.local.neon.build"" (127.0.0.1), port 4432 failed: ERROR:  sorry, too many clients already"
proxy_pgcat,tpcb_steady,100,2,after_90s,2026-05-06T18:30:29.413655+00:00,0,0,0,0,0,"psql: error: connection to server at ""comp1.local.neon.build"" (127.0.0.1), port 4432 failed: ERROR:  sorry, too many clients already"
proxy_pgcat,tpcb_steady,100,3,before,2026-05-06T18:30:36.279572+00:00,1,0,1,0,0,
proxy_pgcat,tpcb_steady,100,3,during,2026-05-06T18:30:37.403381+00:00,1,0,1,0,0,
proxy_pgcat,tpcb_steady,100,3,during,2026-05-06T18:30:38.522718+00:00,1,0,1,0,0,
proxy_pgcat,tpcb_steady,100,3,during,2026-05-06T18:30:39.657132+00:00,1,0,1,0,0,
proxy_pgcat,tpcb_steady,100,3,during,2026-05-06T18:30:40.888277+00:00,1,0,1,0,0,
proxy_pgcat,tpcb_steady,100,3,during,2026-05-06T18:30:47.035922+00:00,1,0,0,1,0,
proxy_pgcat,tpcb_steady,100,3,during,2026-05-06T18:30:48.253588+00:00,0,0,0,0,0,"psql: error: connection to server at ""comp1.local.neon.build"" (127.0.0.1), port 4432 failed: ERROR:  sorry, too many clients already"
proxy_pgcat,tpcb_steady,100,3,during,2026-05-06T18:30:49.482722+00:00,0,0,0,0,0,"psql: error: connection to server at ""comp1.local.neon.build"" (127.0.0.1), port 4432 failed: ERROR:  sorry, too many clients already"
proxy_pgcat,tpcb_steady,100,3,during,2026-05-06T18:30:50.612774+00:00,0,0,0,0,0,"psql: error: connection to server at ""comp1.local.neon.build"" (127.0.0.1), port 4432 failed: ERROR:  sorry, too many clients already"
proxy_pgcat,tpcb_steady,100,3,during,2026-05-06T18:30:51.735648+00:00,0,0,0,0,0,"psql: error: connection to server at ""comp1.local.neon.build"" (127.0.0.1), port 4432 failed: ERROR:  sorry, too many clients already"
proxy_pgcat,tpcb_steady,100,3,during,2026-05-06T18:30:52.964309+00:00,0,0,0,0,0,"psql: error: connection to server at ""comp1.local.neon.build"" (127.0.0.1), port 4432 failed: ERROR:  sorry, too many clients already"
proxy_pgcat,tpcb_steady,100,3,during,2026-05-06T18:30:54.192889+00:00,0,0,0,0,0,"psql: error: connection to server at ""comp1.local.neon.build"" (127.0.0.1), port 4432 failed: ERROR:  sorry, too many clients already"
proxy_pgcat,tpcb_steady,100,3,during,2026-05-06T18:30:55.337034+00:00,0,0,0,0,0,"psql: error: connection to server at ""comp1.local.neon.build"" (127.0.0.1), port 4432 failed: ERROR:  sorry, too many clients already"
proxy_pgcat,tpcb_steady,100,3,during,2026-05-06T18:30:56.445609+00:00,0,0,0,0,0,"psql: error: connection to server at ""comp1.local.neon.build"" (127.0.0.1), port 4432 failed: ERROR:  sorry, too many clients already"
proxy_pgcat,tpcb_steady,100,3,during,2026-05-06T18:30:57.558399+00:00,0,0,0,0,0,"psql: error: connection to server at ""comp1.local.neon.build"" (127.0.0.1), port 4432 failed: ERROR:  sorry, too many clients already"
proxy_pgcat,tpcb_steady,100,3,during,2026-05-06T18:30:58.669273+00:00,0,0,0,0,0,"psql: error: connection to server at ""comp1.local.neon.build"" (127.0.0.1), port 4432 failed: ERROR:  sorry, too many clients already"
proxy_pgcat,tpcb_steady,100,3,during,2026-05-06T18:30:59.781751+00:00,0,0,0,0,0,"psql: error: connection to server at ""comp1.local.neon.build"" (127.0.0.1), port 4432 failed: ERROR:  sorry, too many clients already"
proxy_pgcat,tpcb_steady,100,3,during,2026-05-06T18:31:00.893403+00:00,0,0,0,0,0,"psql: error: connection to server at ""comp1.local.neon.build"" (127.0.0.1), port 4432 failed: ERROR:  sorry, too many clients already"
proxy_pgcat,tpcb_steady,100,3,during,2026-05-06T18:31:01.977463+00:00,0,0,0,0,0,"psql: error: connection to server at ""comp1.local.neon.build"" (127.0.0.1), port 4432 failed: ERROR:  sorry, too many clients already"
proxy_pgcat,tpcb_steady,100,3,during,2026-05-06T18:31:03.117863+00:00,0,0,0,0,0,"psql: error: connection to server at ""comp1.local.neon.build"" (127.0.0.1), port 4432 failed: ERROR:  sorry, too many clients already"
proxy_pgcat,tpcb_steady,100,3,during,2026-05-06T18:31:04.228289+00:00,0,0,0,0,0,"psql: error: connection to server at ""comp1.local.neon.build"" (127.0.0.1), port 4432 failed: ERROR:  sorry, too many clients already"
proxy_pgcat,tpcb_steady,100,3,during,2026-05-06T18:31:05.344938+00:00,0,0,0,0,0,"psql: error: connection to server at ""comp1.local.neon.build"" (127.0.0.1), port 4432 failed: ERROR:  sorry, too many clients already"
proxy_pgcat,tpcb_steady,100,3,during,2026-05-06T18:31:06.472029+00:00,0,0,0,0,0,"psql: error: connection to server at ""comp1.local.neon.build"" (127.0.0.1), port 4432 failed: ERROR:  sorry, too many clients already"
proxy_pgcat,tpcb_steady,100,3,during,2026-05-06T18:31:07.567723+00:00,0,0,0,0,0,"psql: error: connection to server at ""comp1.local.neon.build"" (127.0.0.1), port 4432 failed: ERROR:  sorry, too many clients already"
proxy_pgcat,tpcb_steady,100,3,during,2026-05-06T18:31:08.681582+00:00,0,0,0,0,0,"psql: error: connection to server at ""comp1.local.neon.build"" (127.0.0.1), port 4432 failed: ERROR:  sorry, too many clients already"
proxy_pgcat,tpcb_steady,100,3,during,2026-05-06T18:31:09.794394+00:00,0,0,0,0,0,"psql: error: connection to server at ""comp1.local.neon.build"" (127.0.0.1), port 4432 failed: ERROR:  sorry, too many clients already"
proxy_pgcat,tpcb_steady,100,3,during,2026-05-06T18:31:10.901024+00:00,0,0,0,0,0,"psql: error: connection to server at ""comp1.local.neon.build"" (127.0.0.1), port 4432 failed: ERROR:  sorry, too many clients already"
proxy_pgcat,tpcb_steady,100,3,during,2026-05-06T18:31:12.016922+00:00,0,0,0,0,0,"psql: error: connection to server at ""comp1.local.neon.build"" (127.0.0.1), port 4432 failed: ERROR:  sorry, too many clients already"
proxy_pgcat,tpcb_steady,100,3,during,2026-05-06T18:31:13.126092+00:00,0,0,0,0,0,"psql: error: connection to server at ""comp1.local.neon.build"" (127.0.0.1), port 4432 failed: ERROR:  sorry, too many clients already"
proxy_pgcat,tpcb_steady,100,3,during,2026-05-06T18:31:14.238621+00:00,0,0,0,0,0,"psql: error: connection to server at ""comp1.local.neon.build"" (127.0.0.1), port 4432 failed: ERROR:  sorry, too many clients already"
proxy_pgcat,tpcb_steady,100,3,during,2026-05-06T18:31:15.349915+00:00,0,0,0,0,0,"psql: error: connection to server at ""comp1.local.neon.build"" (127.0.0.1), port 4432 failed: ERROR:  sorry, too many clients already"
proxy_pgcat,tpcb_steady,100,3,during,2026-05-06T18:31:16.464186+00:00,0,0,0,0,0,"psql: error: connection to server at ""comp1.local.neon.build"" (127.0.0.1), port 4432 failed: ERROR:  sorry, too many clients already"
proxy_pgcat,tpcb_steady,100,3,during,2026-05-06T18:31:17.576456+00:00,0,0,0,0,0,"psql: error: connection to server at ""comp1.local.neon.build"" (127.0.0.1), port 4432 failed: ERROR:  sorry, too many clients already"
proxy_pgcat,tpcb_steady,100,3,during,2026-05-06T18:31:18.666095+00:00,0,0,0,0,0,"psql: error: connection to server at ""comp1.local.neon.build"" (127.0.0.1), port 4432 failed: ERROR:  sorry, too many clients already"
proxy_pgcat,tpcb_steady,100,3,during,2026-05-06T18:31:19.838414+00:00,0,0,0,0,0,"psql: error: connection to server at ""comp1.local.neon.build"" (127.0.0.1), port 4432 failed: ERROR:  sorry, too many clients already"
proxy_pgcat,tpcb_steady,100,3,during,2026-05-06T18:31:20.914465+00:00,0,0,0,0,0,"psql: error: connection to server at ""comp1.local.neon.build"" (127.0.0.1), port 4432 failed: ERROR:  sorry, too many clients already"
proxy_pgcat,tpcb_steady,100,3,during,2026-05-06T18:31:22.022917+00:00,0,0,0,0,0,"psql: error: connection to server at ""comp1.local.neon.build"" (127.0.0.1), port 4432 failed: ERROR:  sorry, too many clients already"
proxy_pgcat,tpcb_steady,100,3,during,2026-05-06T18:31:23.133602+00:00,0,0,0,0,0,"psql: error: connection to server at ""comp1.local.neon.build"" (127.0.0.1), port 4432 failed: ERROR:  sorry, too many clients already"
proxy_pgcat,tpcb_steady,100,3,during,2026-05-06T18:31:24.245274+00:00,0,0,0,0,0,"psql: error: connection to server at ""comp1.local.neon.build"" (127.0.0.1), port 4432 failed: ERROR:  sorry, too many clients already"
proxy_pgcat,tpcb_steady,100,3,during,2026-05-06T18:31:25.359996+00:00,0,0,0,0,0,"psql: error: connection to server at ""comp1.local.neon.build"" (127.0.0.1), port 4432 failed: ERROR:  sorry, too many clients already"
proxy_pgcat,tpcb_steady,100,3,during,2026-05-06T18:31:26.472370+00:00,0,0,0,0,0,"psql: error: connection to server at ""comp1.local.neon.build"" (127.0.0.1), port 4432 failed: ERROR:  sorry, too many clients already"
proxy_pgcat,tpcb_steady,100,3,during,2026-05-06T18:31:27.576472+00:00,0,0,0,0,0,"psql: error: connection to server at ""comp1.local.neon.build"" (127.0.0.1), port 4432 failed: ERROR:  sorry, too many clients already"
proxy_pgcat,tpcb_steady,100,3,during,2026-05-06T18:31:28.701439+00:00,0,0,0,0,0,"psql: error: connection to server at ""comp1.local.neon.build"" (127.0.0.1), port 4432 failed: ERROR:  sorry, too many clients already"
proxy_pgcat,tpcb_steady,100,3,during,2026-05-06T18:31:29.827165+00:00,0,0,0,0,0,"psql: error: connection to server at ""comp1.local.neon.build"" (127.0.0.1), port 4432 failed: ERROR:  sorry, too many clients already"
proxy_pgcat,tpcb_steady,100,3,during,2026-05-06T18:31:30.928791+00:00,0,0,0,0,0,"psql: error: connection to server at ""comp1.local.neon.build"" (127.0.0.1), port 4432 failed: ERROR:  sorry, too many clients already"
proxy_pgcat,tpcb_steady,100,3,during,2026-05-06T18:31:32.041251+00:00,0,0,0,0,0,"psql: error: connection to server at ""comp1.local.neon.build"" (127.0.0.1), port 4432 failed: ERROR:  sorry, too many clients already"
proxy_pgcat,tpcb_steady,100,3,during,2026-05-06T18:31:33.152604+00:00,0,0,0,0,0,"psql: error: connection to server at ""comp1.local.neon.build"" (127.0.0.1), port 4432 failed: ERROR:  sorry, too many clients already"
proxy_pgcat,tpcb_steady,100,3,during,2026-05-06T18:31:34.262635+00:00,0,0,0,0,0,"psql: error: connection to server at ""comp1.local.neon.build"" (127.0.0.1), port 4432 failed: ERROR:  sorry, too many clients already"
proxy_pgcat,tpcb_steady,100,3,during,2026-05-06T18:31:35.359569+00:00,0,0,0,0,0,"psql: error: connection to server at ""comp1.local.neon.build"" (127.0.0.1), port 4432 failed: ERROR:  sorry, too many clients already"
proxy_pgcat,tpcb_steady,100,3,during,2026-05-06T18:31:36.487596+00:00,0,0,0,0,0,"psql: error: connection to server at ""comp1.local.neon.build"" (127.0.0.1), port 4432 failed: ERROR:  sorry, too many clients already"
proxy_pgcat,tpcb_steady,100,3,after_15s,2026-05-06T18:31:51.743147+00:00,0,0,0,0,0,"psql: error: connection to server at ""comp1.local.neon.build"" (127.0.0.1), port 4432 failed: ERROR:  sorry, too many clients already"
proxy_pgcat,tpcb_steady,100,3,after_30s,2026-05-06T18:32:06.909767+00:00,0,0,0,0,0,"psql: error: connection to server at ""comp1.local.neon.build"" (127.0.0.1), port 4432 failed: ERROR:  sorry, too many clients already"
proxy_pgcat,tpcb_steady,100,3,after_45s,2026-05-06T18:32:22.053245+00:00,0,0,0,0,0,"psql: error: connection to server at ""comp1.local.neon.build"" (127.0.0.1), port 4432 failed: ERROR:  sorry, too many clients already"
proxy_pgcat,tpcb_steady,100,3,after_60s,2026-05-06T18:32:37.208519+00:00,0,0,0,0,0,"psql: error: connection to server at ""comp1.local.neon.build"" (127.0.0.1), port 4432 failed: ERROR:  sorry, too many clients already"
proxy_pgcat,tpcb_steady,100,3,after_90s,2026-05-06T18:33:07.315543+00:00,0,0,0,0,0,"psql: error: connection to server at ""comp1.local.neon.build"" (127.0.0.1), port 4432 failed: ERROR:  sorry, too many clients already"
proxy_pgcat,tpcb_steady,250,1,before,2026-05-06T18:33:13.974069+00:00,1,0,1,0,0,
proxy_pgcat,tpcb_steady,250,1,during,2026-05-06T18:33:15.096996+00:00,1,0,1,0,0,
proxy_pgcat,tpcb_steady,250,1,during,2026-05-06T18:33:16.326424+00:00,1,0,1,0,0,
proxy_pgcat,tpcb_steady,250,1,during,2026-05-06T18:33:17.558502+00:00,1,0,1,0,0,
proxy_pgcat,tpcb_steady,250,1,during,2026-05-06T18:33:18.683528+00:00,1,0,1,0,0,
proxy_pgcat,tpcb_steady,250,1,during,2026-05-06T18:33:19.812850+00:00,1,0,1,0,0,
proxy_pgcat,tpcb_steady,250,1,during,2026-05-06T18:33:21.017120+00:00,0,0,0,0,0,"psql: error: connection to server at ""comp1.local.neon.build"" (127.0.0.1), port 4432 failed: ERROR:  sorry, too many clients already"
proxy_pgcat,tpcb_steady,250,1,during,2026-05-06T18:33:22.110648+00:00,0,0,0,0,0,"psql: error: connection to server at ""comp1.local.neon.build"" (127.0.0.1), port 4432 failed: ERROR:  sorry, too many clients already"
proxy_pgcat,tpcb_steady,250,1,during,2026-05-06T18:33:23.222256+00:00,0,0,0,0,0,"psql: error: connection to server at ""comp1.local.neon.build"" (127.0.0.1), port 4432 failed: ERROR:  sorry, too many clients already"
proxy_pgcat,tpcb_steady,250,1,during,2026-05-06T18:33:24.309566+00:00,0,0,0,0,0,"psql: error: connection to server at ""comp1.local.neon.build"" (127.0.0.1), port 4432 failed: ERROR:  sorry, too many clients already"
proxy_pgcat,tpcb_steady,250,1,during,2026-05-06T18:33:25.445498+00:00,0,0,0,0,0,"psql: error: connection to server at ""comp1.local.neon.build"" (127.0.0.1), port 4432 failed: ERROR:  sorry, too many clients already"
proxy_pgcat,tpcb_steady,250,1,during,2026-05-06T18:33:26.521792+00:00,0,0,0,0,0,"psql: error: connection to server at ""comp1.local.neon.build"" (127.0.0.1), port 4432 failed: ERROR:  sorry, too many clients already"
proxy_pgcat,tpcb_steady,250,1,during,2026-05-06T18:33:27.669934+00:00,0,0,0,0,0,"psql: error: connection to server at ""comp1.local.neon.build"" (127.0.0.1), port 4432 failed: ERROR:  sorry, too many clients already"
proxy_pgcat,tpcb_steady,250,1,during,2026-05-06T18:33:28.782387+00:00,0,0,0,0,0,"psql: error: connection to server at ""comp1.local.neon.build"" (127.0.0.1), port 4432 failed: ERROR:  sorry, too many clients already"
proxy_pgcat,tpcb_steady,250,1,during,2026-05-06T18:33:29.895018+00:00,0,0,0,0,0,"psql: error: connection to server at ""comp1.local.neon.build"" (127.0.0.1), port 4432 failed: ERROR:  sorry, too many clients already"
proxy_pgcat,tpcb_steady,250,1,during,2026-05-06T18:33:31.006209+00:00,0,0,0,0,0,"psql: error: connection to server at ""comp1.local.neon.build"" (127.0.0.1), port 4432 failed: ERROR:  sorry, too many clients already"
proxy_pgcat,tpcb_steady,250,1,during,2026-05-06T18:33:32.092423+00:00,0,0,0,0,0,"psql: error: connection to server at ""comp1.local.neon.build"" (127.0.0.1), port 4432 failed: ERROR:  sorry, too many clients already"
proxy_pgcat,tpcb_steady,250,1,during,2026-05-06T18:33:33.230103+00:00,0,0,0,0,0,"psql: error: connection to server at ""comp1.local.neon.build"" (127.0.0.1), port 4432 failed: ERROR:  sorry, too many clients already"
proxy_pgcat,tpcb_steady,250,1,during,2026-05-06T18:33:34.346815+00:00,0,0,0,0,0,"psql: error: connection to server at ""comp1.local.neon.build"" (127.0.0.1), port 4432 failed: ERROR:  sorry, too many clients already"
proxy_pgcat,tpcb_steady,250,1,during,2026-05-06T18:33:35.455002+00:00,0,0,0,0,0,"psql: error: connection to server at ""comp1.local.neon.build"" (127.0.0.1), port 4432 failed: ERROR:  sorry, too many clients already"
proxy_pgcat,tpcb_steady,250,1,during,2026-05-06T18:33:36.533463+00:00,0,0,0,0,0,"psql: error: connection to server at ""comp1.local.neon.build"" (127.0.0.1), port 4432 failed: ERROR:  sorry, too many clients already"
proxy_pgcat,tpcb_steady,250,1,during,2026-05-06T18:33:37.622432+00:00,0,0,0,0,0,"psql: error: connection to server at ""comp1.local.neon.build"" (127.0.0.1), port 4432 failed: ERROR:  sorry, too many clients already"
proxy_pgcat,tpcb_steady,250,1,during,2026-05-06T18:33:38.789875+00:00,0,0,0,0,0,"psql: error: connection to server at ""comp1.local.neon.build"" (127.0.0.1), port 4432 failed: ERROR:  sorry, too many clients already"
proxy_pgcat,tpcb_steady,250,1,during,2026-05-06T18:33:39.874705+00:00,0,0,0,0,0,"psql: error: connection to server at ""comp1.local.neon.build"" (127.0.0.1), port 4432 failed: ERROR:  sorry, too many clients already"
proxy_pgcat,tpcb_steady,250,1,during,2026-05-06T18:33:41.019323+00:00,0,0,0,0,0,"psql: error: connection to server at ""comp1.local.neon.build"" (127.0.0.1), port 4432 failed: ERROR:  sorry, too many clients already"
proxy_pgcat,tpcb_steady,250,1,during,2026-05-06T18:33:42.096717+00:00,0,0,0,0,0,"psql: error: connection to server at ""comp1.local.neon.build"" (127.0.0.1), port 4432 failed: ERROR:  sorry, too many clients already"
proxy_pgcat,tpcb_steady,250,1,during,2026-05-06T18:33:43.229675+00:00,0,0,0,0,0,"psql: error: connection to server at ""comp1.local.neon.build"" (127.0.0.1), port 4432 failed: ERROR:  sorry, too many clients already"
proxy_pgcat,tpcb_steady,250,1,during,2026-05-06T18:33:44.342972+00:00,0,0,0,0,0,"psql: error: connection to server at ""comp1.local.neon.build"" (127.0.0.1), port 4432 failed: ERROR:  sorry, too many clients already"
proxy_pgcat,tpcb_steady,250,1,during,2026-05-06T18:33:45.454843+00:00,0,0,0,0,0,"psql: error: connection to server at ""comp1.local.neon.build"" (127.0.0.1), port 4432 failed: ERROR:  sorry, too many clients already"
proxy_pgcat,tpcb_steady,250,1,during,2026-05-06T18:33:46.564973+00:00,0,0,0,0,0,"psql: error: connection to server at ""comp1.local.neon.build"" (127.0.0.1), port 4432 failed: ERROR:  sorry, too many clients already"
proxy_pgcat,tpcb_steady,250,1,during,2026-05-06T18:33:47.659163+00:00,0,0,0,0,0,"psql: error: connection to server at ""comp1.local.neon.build"" (127.0.0.1), port 4432 failed: ERROR:  sorry, too many clients already"
proxy_pgcat,tpcb_steady,250,1,during,2026-05-06T18:33:48.790708+00:00,0,0,0,0,0,"psql: error: connection to server at ""comp1.local.neon.build"" (127.0.0.1), port 4432 failed: ERROR:  sorry, too many clients already"
proxy_pgcat,tpcb_steady,250,1,during,2026-05-06T18:33:49.901413+00:00,0,0,0,0,0,"psql: error: connection to server at ""comp1.local.neon.build"" (127.0.0.1), port 4432 failed: ERROR:  sorry, too many clients already"
proxy_pgcat,tpcb_steady,250,1,during,2026-05-06T18:33:51.014364+00:00,0,0,0,0,0,"psql: error: connection to server at ""comp1.local.neon.build"" (127.0.0.1), port 4432 failed: ERROR:  sorry, too many clients already"
proxy_pgcat,tpcb_steady,250,1,during,2026-05-06T18:33:52.126870+00:00,0,0,0,0,0,"psql: error: connection to server at ""comp1.local.neon.build"" (127.0.0.1), port 4432 failed: ERROR:  sorry, too many clients already"
proxy_pgcat,tpcb_steady,250,1,during,2026-05-06T18:33:53.237055+00:00,0,0,0,0,0,"psql: error: connection to server at ""comp1.local.neon.build"" (127.0.0.1), port 4432 failed: ERROR:  sorry, too many clients already"
proxy_pgcat,tpcb_steady,250,1,during,2026-05-06T18:33:54.350840+00:00,0,0,0,0,0,"psql: error: connection to server at ""comp1.local.neon.build"" (127.0.0.1), port 4432 failed: ERROR:  sorry, too many clients already"
proxy_pgcat,tpcb_steady,250,1,during,2026-05-06T18:33:55.461563+00:00,0,0,0,0,0,"psql: error: connection to server at ""comp1.local.neon.build"" (127.0.0.1), port 4432 failed: ERROR:  sorry, too many clients already"
proxy_pgcat,tpcb_steady,250,1,during,2026-05-06T18:33:56.544241+00:00,0,0,0,0,0,"psql: error: connection to server at ""comp1.local.neon.build"" (127.0.0.1), port 4432 failed: ERROR:  sorry, too many clients already"
proxy_pgcat,tpcb_steady,250,1,during,2026-05-06T18:33:57.686527+00:00,0,0,0,0,0,"psql: error: connection to server at ""comp1.local.neon.build"" (127.0.0.1), port 4432 failed: ERROR:  sorry, too many clients already"
proxy_pgcat,tpcb_steady,250,1,during,2026-05-06T18:33:58.798914+00:00,0,0,0,0,0,"psql: error: connection to server at ""comp1.local.neon.build"" (127.0.0.1), port 4432 failed: ERROR:  sorry, too many clients already"
proxy_pgcat,tpcb_steady,250,1,during,2026-05-06T18:33:59.914378+00:00,0,0,0,0,0,"psql: error: connection to server at ""comp1.local.neon.build"" (127.0.0.1), port 4432 failed: ERROR:  sorry, too many clients already"
proxy_pgcat,tpcb_steady,250,1,during,2026-05-06T18:34:01.021122+00:00,0,0,0,0,0,"psql: error: connection to server at ""comp1.local.neon.build"" (127.0.0.1), port 4432 failed: ERROR:  sorry, too many clients already"
proxy_pgcat,tpcb_steady,250,1,during,2026-05-06T18:34:02.134777+00:00,0,0,0,0,0,"psql: error: connection to server at ""comp1.local.neon.build"" (127.0.0.1), port 4432 failed: ERROR:  sorry, too many clients already"
proxy_pgcat,tpcb_steady,250,1,during,2026-05-06T18:34:03.222417+00:00,0,0,0,0,0,"psql: error: connection to server at ""comp1.local.neon.build"" (127.0.0.1), port 4432 failed: ERROR:  sorry, too many clients already"
proxy_pgcat,tpcb_steady,250,1,during,2026-05-06T18:34:04.357830+00:00,0,0,0,0,0,"psql: error: connection to server at ""comp1.local.neon.build"" (127.0.0.1), port 4432 failed: ERROR:  sorry, too many clients already"
proxy_pgcat,tpcb_steady,250,1,during,2026-05-06T18:34:05.475006+00:00,0,0,0,0,0,"psql: error: connection to server at ""comp1.local.neon.build"" (127.0.0.1), port 4432 failed: ERROR:  sorry, too many clients already"
proxy_pgcat,tpcb_steady,250,1,during,2026-05-06T18:34:06.584159+00:00,0,0,0,0,0,"psql: error: connection to server at ""comp1.local.neon.build"" (127.0.0.1), port 4432 failed: ERROR:  sorry, too many clients already"
proxy_pgcat,tpcb_steady,250,1,during,2026-05-06T18:34:07.694996+00:00,0,0,0,0,0,"psql: error: connection to server at ""comp1.local.neon.build"" (127.0.0.1), port 4432 failed: ERROR:  sorry, too many clients already"
proxy_pgcat,tpcb_steady,250,1,during,2026-05-06T18:34:08.807229+00:00,0,0,0,0,0,"psql: error: connection to server at ""comp1.local.neon.build"" (127.0.0.1), port 4432 failed: ERROR:  sorry, too many clients already"
proxy_pgcat,tpcb_steady,250,1,during,2026-05-06T18:34:09.920949+00:00,0,0,0,0,0,"psql: error: connection to server at ""comp1.local.neon.build"" (127.0.0.1), port 4432 failed: ERROR:  sorry, too many clients already"
proxy_pgcat,tpcb_steady,250,1,during,2026-05-06T18:34:11.004900+00:00,0,0,0,0,0,"psql: error: connection to server at ""comp1.local.neon.build"" (127.0.0.1), port 4432 failed: ERROR:  sorry, too many clients already"
proxy_pgcat,tpcb_steady,250,1,during,2026-05-06T18:34:12.142350+00:00,0,0,0,0,0,"psql: error: connection to server at ""comp1.local.neon.build"" (127.0.0.1), port 4432 failed: ERROR:  sorry, too many clients already"
proxy_pgcat,tpcb_steady,250,1,during,2026-05-06T18:34:13.258950+00:00,0,0,0,0,0,"psql: error: connection to server at ""comp1.local.neon.build"" (127.0.0.1), port 4432 failed: ERROR:  sorry, too many clients already"
proxy_pgcat,tpcb_steady,250,1,during,2026-05-06T18:34:14.377845+00:00,0,0,0,0,0,"psql: error: connection to server at ""comp1.local.neon.build"" (127.0.0.1), port 4432 failed: ERROR:  sorry, too many clients already"
proxy_pgcat,tpcb_steady,250,1,after_15s,2026-05-06T18:34:29.644819+00:00,0,0,0,0,0,"psql: error: connection to server at ""comp1.local.neon.build"" (127.0.0.1), port 4432 failed: ERROR:  sorry, too many clients already"
proxy_pgcat,tpcb_steady,250,1,after_30s,2026-05-06T18:34:44.798354+00:00,0,0,0,0,0,"psql: error: connection to server at ""comp1.local.neon.build"" (127.0.0.1), port 4432 failed: ERROR:  sorry, too many clients already"
proxy_pgcat,tpcb_steady,250,1,after_45s,2026-05-06T18:34:59.955916+00:00,0,0,0,0,0,"psql: error: connection to server at ""comp1.local.neon.build"" (127.0.0.1), port 4432 failed: ERROR:  sorry, too many clients already"
proxy_pgcat,tpcb_steady,250,1,after_60s,2026-05-06T18:35:15.108328+00:00,0,0,0,0,0,"psql: error: connection to server at ""comp1.local.neon.build"" (127.0.0.1), port 4432 failed: ERROR:  sorry, too many clients already"
proxy_pgcat,tpcb_steady,250,1,after_90s,2026-05-06T18:35:45.208511+00:00,0,0,0,0,0,"psql: error: connection to server at ""comp1.local.neon.build"" (127.0.0.1), port 4432 failed: ERROR:  sorry, too many clients already"
proxy_pgcat,tpcb_steady,250,2,before,2026-05-06T18:35:51.977022+00:00,1,0,1,0,0,
proxy_pgcat,tpcb_steady,250,2,during,2026-05-06T18:35:53.034733+00:00,1,0,1,0,0,
proxy_pgcat,tpcb_steady,250,2,during,2026-05-06T18:35:54.225203+00:00,0,0,0,0,0,"psql: error: connection to server at ""comp1.local.neon.build"" (127.0.0.1), port 4432 failed: ERROR:  sorry, too many clients already"
proxy_pgcat,tpcb_steady,250,2,during,2026-05-06T18:35:55.454151+00:00,0,0,0,0,0,"psql: error: connection to server at ""comp1.local.neon.build"" (127.0.0.1), port 4432 failed: ERROR:  sorry, too many clients already"
proxy_pgcat,tpcb_steady,250,2,during,2026-05-06T18:35:56.533633+00:00,0,0,0,0,0,"psql: error: connection to server at ""comp1.local.neon.build"" (127.0.0.1), port 4432 failed: ERROR:  sorry, too many clients already"
proxy_pgcat,tpcb_steady,250,2,during,2026-05-06T18:35:57.710091+00:00,0,0,0,0,0,"psql: error: connection to server at ""comp1.local.neon.build"" (127.0.0.1), port 4432 failed: ERROR:  sorry, too many clients already"
proxy_pgcat,tpcb_steady,250,2,during,2026-05-06T18:35:58.878312+00:00,0,0,0,0,0,"psql: error: connection to server at ""comp1.local.neon.build"" (127.0.0.1), port 4432 failed: ERROR:  sorry, too many clients already"
proxy_pgcat,tpcb_steady,250,2,during,2026-05-06T18:35:59.989679+00:00,0,0,0,0,0,"psql: error: connection to server at ""comp1.local.neon.build"" (127.0.0.1), port 4432 failed: ERROR:  sorry, too many clients already"
proxy_pgcat,tpcb_steady,250,2,during,2026-05-06T18:36:01.105301+00:00,0,0,0,0,0,"psql: error: connection to server at ""comp1.local.neon.build"" (127.0.0.1), port 4432 failed: ERROR:  sorry, too many clients already"
proxy_pgcat,tpcb_steady,250,2,during,2026-05-06T18:36:02.214522+00:00,0,0,0,0,0,"psql: error: connection to server at ""comp1.local.neon.build"" (127.0.0.1), port 4432 failed: ERROR:  sorry, too many clients already"
proxy_pgcat,tpcb_steady,250,2,during,2026-05-06T18:36:03.325994+00:00,0,0,0,0,0,"psql: error: connection to server at ""comp1.local.neon.build"" (127.0.0.1), port 4432 failed: ERROR:  sorry, too many clients already"
proxy_pgcat,tpcb_steady,250,2,during,2026-05-06T18:36:04.455962+00:00,0,0,0,0,0,"psql: error: connection to server at ""comp1.local.neon.build"" (127.0.0.1), port 4432 failed: ERROR:  sorry, too many clients already"
proxy_pgcat,tpcb_steady,250,2,during,2026-05-06T18:36:05.550737+00:00,0,0,0,0,0,"psql: error: connection to server at ""comp1.local.neon.build"" (127.0.0.1), port 4432 failed: ERROR:  sorry, too many clients already"
proxy_pgcat,tpcb_steady,250,2,during,2026-05-06T18:36:06.661604+00:00,0,0,0,0,0,"psql: error: connection to server at ""comp1.local.neon.build"" (127.0.0.1), port 4432 failed: ERROR:  sorry, too many clients already"
proxy_pgcat,tpcb_steady,250,2,during,2026-05-06T18:36:07.774145+00:00,0,0,0,0,0,"psql: error: connection to server at ""comp1.local.neon.build"" (127.0.0.1), port 4432 failed: ERROR:  sorry, too many clients already"
proxy_pgcat,tpcb_steady,250,2,during,2026-05-06T18:36:08.885493+00:00,0,0,0,0,0,"psql: error: connection to server at ""comp1.local.neon.build"" (127.0.0.1), port 4432 failed: ERROR:  sorry, too many clients already"
proxy_pgcat,tpcb_steady,250,2,during,2026-05-06T18:36:09.993508+00:00,0,0,0,0,0,"psql: error: connection to server at ""comp1.local.neon.build"" (127.0.0.1), port 4432 failed: ERROR:  sorry, too many clients already"
proxy_pgcat,tpcb_steady,250,2,during,2026-05-06T18:36:11.109047+00:00,0,0,0,0,0,"psql: error: connection to server at ""comp1.local.neon.build"" (127.0.0.1), port 4432 failed: ERROR:  sorry, too many clients already"
proxy_pgcat,tpcb_steady,250,2,during,2026-05-06T18:36:12.222323+00:00,0,0,0,0,0,"psql: error: connection to server at ""comp1.local.neon.build"" (127.0.0.1), port 4432 failed: ERROR:  sorry, too many clients already"
proxy_pgcat,tpcb_steady,250,2,during,2026-05-06T18:36:13.333517+00:00,0,0,0,0,0,"psql: error: connection to server at ""comp1.local.neon.build"" (127.0.0.1), port 4432 failed: ERROR:  sorry, too many clients already"
proxy_pgcat,tpcb_steady,250,2,during,2026-05-06T18:36:14.445352+00:00,0,0,0,0,0,"psql: error: connection to server at ""comp1.local.neon.build"" (127.0.0.1), port 4432 failed: ERROR:  sorry, too many clients already"
proxy_pgcat,tpcb_steady,250,2,during,2026-05-06T18:36:15.557461+00:00,0,0,0,0,0,"psql: error: connection to server at ""comp1.local.neon.build"" (127.0.0.1), port 4432 failed: ERROR:  sorry, too many clients already"
proxy_pgcat,tpcb_steady,250,2,during,2026-05-06T18:36:16.650814+00:00,0,0,0,0,0,"psql: error: connection to server at ""comp1.local.neon.build"" (127.0.0.1), port 4432 failed: ERROR:  sorry, too many clients already"
proxy_pgcat,tpcb_steady,250,2,during,2026-05-06T18:36:17.782381+00:00,0,0,0,0,0,"psql: error: connection to server at ""comp1.local.neon.build"" (127.0.0.1), port 4432 failed: ERROR:  sorry, too many clients already"
proxy_pgcat,tpcb_steady,250,2,during,2026-05-06T18:36:18.893655+00:00,0,0,0,0,0,"psql: error: connection to server at ""comp1.local.neon.build"" (127.0.0.1), port 4432 failed: ERROR:  sorry, too many clients already"
proxy_pgcat,tpcb_steady,250,2,during,2026-05-06T18:36:20.009844+00:00,0,0,0,0,0,"psql: error: connection to server at ""comp1.local.neon.build"" (127.0.0.1), port 4432 failed: ERROR:  sorry, too many clients already"
proxy_pgcat,tpcb_steady,250,2,during,2026-05-06T18:36:21.117883+00:00,0,0,0,0,0,"psql: error: connection to server at ""comp1.local.neon.build"" (127.0.0.1), port 4432 failed: ERROR:  sorry, too many clients already"
proxy_pgcat,tpcb_steady,250,2,during,2026-05-06T18:36:22.229377+00:00,0,0,0,0,0,"psql: error: connection to server at ""comp1.local.neon.build"" (127.0.0.1), port 4432 failed: ERROR:  sorry, too many clients already"
proxy_pgcat,tpcb_steady,250,2,during,2026-05-06T18:36:23.341881+00:00,0,0,0,0,0,"psql: error: connection to server at ""comp1.local.neon.build"" (127.0.0.1), port 4432 failed: ERROR:  sorry, too many clients already"
proxy_pgcat,tpcb_steady,250,2,during,2026-05-06T18:36:24.487139+00:00,0,0,0,0,0,"psql: error: connection to server at ""comp1.local.neon.build"" (127.0.0.1), port 4432 failed: ERROR:  sorry, too many clients already"
proxy_pgcat,tpcb_steady,250,2,during,2026-05-06T18:36:25.579024+00:00,0,0,0,0,0,"psql: error: connection to server at ""comp1.local.neon.build"" (127.0.0.1), port 4432 failed: ERROR:  sorry, too many clients already"
proxy_pgcat,tpcb_steady,250,2,during,2026-05-06T18:36:26.684822+00:00,0,0,0,0,0,"psql: error: connection to server at ""comp1.local.neon.build"" (127.0.0.1), port 4432 failed: ERROR:  sorry, too many clients already"
proxy_pgcat,tpcb_steady,250,2,during,2026-05-06T18:36:27.797451+00:00,0,0,0,0,0,"psql: error: connection to server at ""comp1.local.neon.build"" (127.0.0.1), port 4432 failed: ERROR:  sorry, too many clients already"
proxy_pgcat,tpcb_steady,250,2,during,2026-05-06T18:36:28.910320+00:00,0,0,0,0,0,"psql: error: connection to server at ""comp1.local.neon.build"" (127.0.0.1), port 4432 failed: ERROR:  sorry, too many clients already"
proxy_pgcat,tpcb_steady,250,2,during,2026-05-06T18:36:30.021121+00:00,0,0,0,0,0,"psql: error: connection to server at ""comp1.local.neon.build"" (127.0.0.1), port 4432 failed: ERROR:  sorry, too many clients already"
proxy_pgcat,tpcb_steady,250,2,during,2026-05-06T18:36:31.133653+00:00,0,0,0,0,0,"psql: error: connection to server at ""comp1.local.neon.build"" (127.0.0.1), port 4432 failed: ERROR:  sorry, too many clients already"
proxy_pgcat,tpcb_steady,250,2,during,2026-05-06T18:36:32.246289+00:00,0,0,0,0,0,"psql: error: connection to server at ""comp1.local.neon.build"" (127.0.0.1), port 4432 failed: ERROR:  sorry, too many clients already"
proxy_pgcat,tpcb_steady,250,2,during,2026-05-06T18:36:33.340604+00:00,0,0,0,0,0,"psql: error: connection to server at ""comp1.local.neon.build"" (127.0.0.1), port 4432 failed: ERROR:  sorry, too many clients already"
proxy_pgcat,tpcb_steady,250,2,during,2026-05-06T18:36:34.471111+00:00,0,0,0,0,0,"psql: error: connection to server at ""comp1.local.neon.build"" (127.0.0.1), port 4432 failed: ERROR:  sorry, too many clients already"
proxy_pgcat,tpcb_steady,250,2,during,2026-05-06T18:36:35.581649+00:00,0,0,0,0,0,"psql: error: connection to server at ""comp1.local.neon.build"" (127.0.0.1), port 4432 failed: ERROR:  sorry, too many clients already"
proxy_pgcat,tpcb_steady,250,2,during,2026-05-06T18:36:36.697927+00:00,0,0,0,0,0,"psql: error: connection to server at ""comp1.local.neon.build"" (127.0.0.1), port 4432 failed: ERROR:  sorry, too many clients already"
proxy_pgcat,tpcb_steady,250,2,during,2026-05-06T18:36:37.811844+00:00,0,0,0,0,0,"psql: error: connection to server at ""comp1.local.neon.build"" (127.0.0.1), port 4432 failed: ERROR:  sorry, too many clients already"
proxy_pgcat,tpcb_steady,250,2,during,2026-05-06T18:36:38.922323+00:00,0,0,0,0,0,"psql: error: connection to server at ""comp1.local.neon.build"" (127.0.0.1), port 4432 failed: ERROR:  sorry, too many clients already"
proxy_pgcat,tpcb_steady,250,2,during,2026-05-06T18:36:40.029923+00:00,0,0,0,0,0,"psql: error: connection to server at ""comp1.local.neon.build"" (127.0.0.1), port 4432 failed: ERROR:  sorry, too many clients already"
proxy_pgcat,tpcb_steady,250,2,during,2026-05-06T18:36:41.123900+00:00,0,0,0,0,0,"psql: error: connection to server at ""comp1.local.neon.build"" (127.0.0.1), port 4432 failed: ERROR:  sorry, too many clients already"
proxy_pgcat,tpcb_steady,250,2,during,2026-05-06T18:36:42.254613+00:00,0,0,0,0,0,"psql: error: connection to server at ""comp1.local.neon.build"" (127.0.0.1), port 4432 failed: ERROR:  sorry, too many clients already"
proxy_pgcat,tpcb_steady,250,2,during,2026-05-06T18:36:43.365743+00:00,0,0,0,0,0,"psql: error: connection to server at ""comp1.local.neon.build"" (127.0.0.1), port 4432 failed: ERROR:  sorry, too many clients already"
proxy_pgcat,tpcb_steady,250,2,during,2026-05-06T18:36:44.477376+00:00,0,0,0,0,0,"psql: error: connection to server at ""comp1.local.neon.build"" (127.0.0.1), port 4432 failed: ERROR:  sorry, too many clients already"
proxy_pgcat,tpcb_steady,250,2,during,2026-05-06T18:36:45.598178+00:00,0,0,0,0,0,"psql: error: connection to server at ""comp1.local.neon.build"" (127.0.0.1), port 4432 failed: ERROR:  sorry, too many clients already"
proxy_pgcat,tpcb_steady,250,2,during,2026-05-06T18:36:46.714765+00:00,0,0,0,0,0,"psql: error: connection to server at ""comp1.local.neon.build"" (127.0.0.1), port 4432 failed: ERROR:  sorry, too many clients already"
proxy_pgcat,tpcb_steady,250,2,during,2026-05-06T18:36:47.826179+00:00,0,0,0,0,0,"psql: error: connection to server at ""comp1.local.neon.build"" (127.0.0.1), port 4432 failed: ERROR:  sorry, too many clients already"
proxy_pgcat,tpcb_steady,250,2,during,2026-05-06T18:36:48.906972+00:00,0,0,0,0,0,"psql: error: connection to server at ""comp1.local.neon.build"" (127.0.0.1), port 4432 failed: ERROR:  sorry, too many clients already"
proxy_pgcat,tpcb_steady,250,2,during,2026-05-06T18:36:50.038418+00:00,0,0,0,0,0,"psql: error: connection to server at ""comp1.local.neon.build"" (127.0.0.1), port 4432 failed: ERROR:  sorry, too many clients already"
proxy_pgcat,tpcb_steady,250,2,during,2026-05-06T18:36:51.150239+00:00,0,0,0,0,0,"psql: error: connection to server at ""comp1.local.neon.build"" (127.0.0.1), port 4432 failed: ERROR:  sorry, too many clients already"
proxy_pgcat,tpcb_steady,250,2,during,2026-05-06T18:36:52.260467+00:00,0,0,0,0,0,"psql: error: connection to server at ""comp1.local.neon.build"" (127.0.0.1), port 4432 failed: ERROR:  sorry, too many clients already"
proxy_pgcat,tpcb_steady,250,2,after_15s,2026-05-06T18:37:07.340952+00:00,0,0,0,0,0,"psql: error: connection to server at ""comp1.local.neon.build"" (127.0.0.1), port 4432 failed: ERROR:  sorry, too many clients already"
proxy_pgcat,tpcb_steady,250,2,after_30s,2026-05-06T18:37:22.434851+00:00,0,0,0,0,0,"psql: error: connection to server at ""comp1.local.neon.build"" (127.0.0.1), port 4432 failed: ERROR:  sorry, too many clients already"
proxy_pgcat,tpcb_steady,250,2,after_45s,2026-05-06T18:37:37.653539+00:00,0,0,0,0,0,"psql: error: connection to server at ""comp1.local.neon.build"" (127.0.0.1), port 4432 failed: ERROR:  sorry, too many clients already"
proxy_pgcat,tpcb_steady,250,2,after_60s,2026-05-06T18:37:52.807949+00:00,0,0,0,0,0,"psql: error: connection to server at ""comp1.local.neon.build"" (127.0.0.1), port 4432 failed: ERROR:  sorry, too many clients already"
proxy_pgcat,tpcb_steady,250,2,after_90s,2026-05-06T18:38:22.913609+00:00,0,0,0,0,0,"psql: error: connection to server at ""comp1.local.neon.build"" (127.0.0.1), port 4432 failed: ERROR:  sorry, too many clients already"
proxy_pgcat,tpcb_steady,250,3,before,2026-05-06T18:38:29.267793+00:00,1,0,1,0,0,
proxy_pgcat,tpcb_steady,250,3,during,2026-05-06T18:38:30.359794+00:00,1,0,1,0,0,
proxy_pgcat,tpcb_steady,250,3,during,2026-05-06T18:38:31.512523+00:00,0,0,0,0,0,"psql: error: connection to server at ""comp1.local.neon.build"" (127.0.0.1), port 4432 failed: ERROR:  sorry, too many clients already"
proxy_pgcat,tpcb_steady,250,3,during,2026-05-06T18:38:32.638894+00:00,0,0,0,0,0,"psql: error: connection to server at ""comp1.local.neon.build"" (127.0.0.1), port 4432 failed: ERROR:  sorry, too many clients already"
proxy_pgcat,tpcb_steady,250,3,during,2026-05-06T18:38:33.765450+00:00,0,0,0,0,0,"psql: error: connection to server at ""comp1.local.neon.build"" (127.0.0.1), port 4432 failed: ERROR:  sorry, too many clients already"
proxy_pgcat,tpcb_steady,250,3,during,2026-05-06T18:38:34.893785+00:00,0,0,0,0,0,"psql: error: connection to server at ""comp1.local.neon.build"" (127.0.0.1), port 4432 failed: ERROR:  sorry, too many clients already"
proxy_pgcat,tpcb_steady,250,3,during,2026-05-06T18:38:36.017604+00:00,0,0,0,0,0,"psql: error: connection to server at ""comp1.local.neon.build"" (127.0.0.1), port 4432 failed: ERROR:  sorry, too many clients already"
proxy_pgcat,tpcb_steady,250,3,during,2026-05-06T18:38:37.255367+00:00,0,0,0,0,0,"psql: error: connection to server at ""comp1.local.neon.build"" (127.0.0.1), port 4432 failed: ERROR:  sorry, too many clients already"
proxy_pgcat,tpcb_steady,250,3,during,2026-05-06T18:38:38.475233+00:00,0,0,0,0,0,"psql: error: connection to server at ""comp1.local.neon.build"" (127.0.0.1), port 4432 failed: ERROR:  sorry, too many clients already"
proxy_pgcat,tpcb_steady,250,3,during,2026-05-06T18:38:39.705596+00:00,0,0,0,0,0,"psql: error: connection to server at ""comp1.local.neon.build"" (127.0.0.1), port 4432 failed: ERROR:  sorry, too many clients already"
proxy_pgcat,tpcb_steady,250,3,during,2026-05-06T18:38:40.933872+00:00,0,0,0,0,0,"psql: error: connection to server at ""comp1.local.neon.build"" (127.0.0.1), port 4432 failed: ERROR:  sorry, too many clients already"
proxy_pgcat,tpcb_steady,250,3,during,2026-05-06T18:38:42.161329+00:00,0,0,0,0,0,"psql: error: connection to server at ""comp1.local.neon.build"" (127.0.0.1), port 4432 failed: ERROR:  sorry, too many clients already"
proxy_pgcat,tpcb_steady,250,3,during,2026-05-06T18:38:43.393877+00:00,0,0,0,0,0,"psql: error: connection to server at ""comp1.local.neon.build"" (127.0.0.1), port 4432 failed: ERROR:  sorry, too many clients already"
proxy_pgcat,tpcb_steady,250,3,during,2026-05-06T18:38:44.485566+00:00,0,0,0,0,0,"psql: error: connection to server at ""comp1.local.neon.build"" (127.0.0.1), port 4432 failed: ERROR:  sorry, too many clients already"
proxy_pgcat,tpcb_steady,250,3,during,2026-05-06T18:38:45.644513+00:00,0,0,0,0,0,"psql: error: connection to server at ""comp1.local.neon.build"" (127.0.0.1), port 4432 failed: ERROR:  sorry, too many clients already"
proxy_pgcat,tpcb_steady,250,3,during,2026-05-06T18:38:46.798975+00:00,0,0,0,0,0,"psql: error: connection to server at ""comp1.local.neon.build"" (127.0.0.1), port 4432 failed: ERROR:  sorry, too many clients already"
proxy_pgcat,tpcb_steady,250,3,during,2026-05-06T18:38:47.896496+00:00,0,0,0,0,0,"psql: error: connection to server at ""comp1.local.neon.build"" (127.0.0.1), port 4432 failed: ERROR:  sorry, too many clients already"
proxy_pgcat,tpcb_steady,250,3,during,2026-05-06T18:38:49.022452+00:00,0,0,0,0,0,"psql: error: connection to server at ""comp1.local.neon.build"" (127.0.0.1), port 4432 failed: ERROR:  sorry, too many clients already"
proxy_pgcat,tpcb_steady,250,3,during,2026-05-06T18:38:50.134598+00:00,0,0,0,0,0,"psql: error: connection to server at ""comp1.local.neon.build"" (127.0.0.1), port 4432 failed: ERROR:  sorry, too many clients already"
proxy_pgcat,tpcb_steady,250,3,during,2026-05-06T18:38:51.213146+00:00,0,0,0,0,0,"psql: error: connection to server at ""comp1.local.neon.build"" (127.0.0.1), port 4432 failed: ERROR:  sorry, too many clients already"
proxy_pgcat,tpcb_steady,250,3,during,2026-05-06T18:38:52.357442+00:00,0,0,0,0,0,"psql: error: connection to server at ""comp1.local.neon.build"" (127.0.0.1), port 4432 failed: ERROR:  sorry, too many clients already"
proxy_pgcat,tpcb_steady,250,3,during,2026-05-06T18:38:53.434198+00:00,0,0,0,0,0,"psql: error: connection to server at ""comp1.local.neon.build"" (127.0.0.1), port 4432 failed: ERROR:  sorry, too many clients already"
proxy_pgcat,tpcb_steady,250,3,during,2026-05-06T18:38:54.516296+00:00,0,0,0,0,0,"psql: error: connection to server at ""comp1.local.neon.build"" (127.0.0.1), port 4432 failed: ERROR:  sorry, too many clients already"
proxy_pgcat,tpcb_steady,250,3,during,2026-05-06T18:38:55.678439+00:00,0,0,0,0,0,"psql: error: connection to server at ""comp1.local.neon.build"" (127.0.0.1), port 4432 failed: ERROR:  sorry, too many clients already"
proxy_pgcat,tpcb_steady,250,3,during,2026-05-06T18:38:56.807373+00:00,0,0,0,0,0,"psql: error: connection to server at ""comp1.local.neon.build"" (127.0.0.1), port 4432 failed: ERROR:  sorry, too many clients already"
proxy_pgcat,tpcb_steady,250,3,during,2026-05-06T18:38:57.927115+00:00,0,0,0,0,0,"psql: error: connection to server at ""comp1.local.neon.build"" (127.0.0.1), port 4432 failed: ERROR:  sorry, too many clients already"
proxy_pgcat,tpcb_steady,250,3,during,2026-05-06T18:38:59.029635+00:00,0,0,0,0,0,"psql: error: connection to server at ""comp1.local.neon.build"" (127.0.0.1), port 4432 failed: ERROR:  sorry, too many clients already"
proxy_pgcat,tpcb_steady,250,3,during,2026-05-06T18:39:00.143539+00:00,0,0,0,0,0,"psql: error: connection to server at ""comp1.local.neon.build"" (127.0.0.1), port 4432 failed: ERROR:  sorry, too many clients already"
proxy_pgcat,tpcb_steady,250,3,during,2026-05-06T18:39:01.254134+00:00,0,0,0,0,0,"psql: error: connection to server at ""comp1.local.neon.build"" (127.0.0.1), port 4432 failed: ERROR:  sorry, too many clients already"
proxy_pgcat,tpcb_steady,250,3,during,2026-05-06T18:39:02.366137+00:00,0,0,0,0,0,"psql: error: connection to server at ""comp1.local.neon.build"" (127.0.0.1), port 4432 failed: ERROR:  sorry, too many clients already"
proxy_pgcat,tpcb_steady,250,3,during,2026-05-06T18:39:03.477583+00:00,0,0,0,0,0,"psql: error: connection to server at ""comp1.local.neon.build"" (127.0.0.1), port 4432 failed: ERROR:  sorry, too many clients already"
proxy_pgcat,tpcb_steady,250,3,during,2026-05-06T18:39:04.587195+00:00,0,0,0,0,0,"psql: error: connection to server at ""comp1.local.neon.build"" (127.0.0.1), port 4432 failed: ERROR:  sorry, too many clients already"
proxy_pgcat,tpcb_steady,250,3,during,2026-05-06T18:39:05.701848+00:00,0,0,0,0,0,"psql: error: connection to server at ""comp1.local.neon.build"" (127.0.0.1), port 4432 failed: ERROR:  sorry, too many clients already"
proxy_pgcat,tpcb_steady,250,3,during,2026-05-06T18:39:06.813207+00:00,0,0,0,0,0,"psql: error: connection to server at ""comp1.local.neon.build"" (127.0.0.1), port 4432 failed: ERROR:  sorry, too many clients already"
proxy_pgcat,tpcb_steady,250,3,during,2026-05-06T18:39:07.926153+00:00,0,0,0,0,0,"psql: error: connection to server at ""comp1.local.neon.build"" (127.0.0.1), port 4432 failed: ERROR:  sorry, too many clients already"
proxy_pgcat,tpcb_steady,250,3,during,2026-05-06T18:39:09.038014+00:00,0,0,0,0,0,"psql: error: connection to server at ""comp1.local.neon.build"" (127.0.0.1), port 4432 failed: ERROR:  sorry, too many clients already"
proxy_pgcat,tpcb_steady,250,3,during,2026-05-06T18:39:10.151148+00:00,0,0,0,0,0,"psql: error: connection to server at ""comp1.local.neon.build"" (127.0.0.1), port 4432 failed: ERROR:  sorry, too many clients already"
proxy_pgcat,tpcb_steady,250,3,during,2026-05-06T18:39:11.255428+00:00,0,0,0,0,0,"psql: error: connection to server at ""comp1.local.neon.build"" (127.0.0.1), port 4432 failed: ERROR:  sorry, too many clients already"
proxy_pgcat,tpcb_steady,250,3,during,2026-05-06T18:39:12.373779+00:00,0,0,0,0,0,"psql: error: connection to server at ""comp1.local.neon.build"" (127.0.0.1), port 4432 failed: ERROR:  sorry, too many clients already"
proxy_pgcat,tpcb_steady,250,3,during,2026-05-06T18:39:13.485549+00:00,0,0,0,0,0,"psql: error: connection to server at ""comp1.local.neon.build"" (127.0.0.1), port 4432 failed: ERROR:  sorry, too many clients already"
proxy_pgcat,tpcb_steady,250,3,during,2026-05-06T18:39:14.561741+00:00,0,0,0,0,0,"psql: error: connection to server at ""comp1.local.neon.build"" (127.0.0.1), port 4432 failed: ERROR:  sorry, too many clients already"
proxy_pgcat,tpcb_steady,250,3,during,2026-05-06T18:39:15.701676+00:00,0,0,0,0,0,"psql: error: connection to server at ""comp1.local.neon.build"" (127.0.0.1), port 4432 failed: ERROR:  sorry, too many clients already"
proxy_pgcat,tpcb_steady,250,3,during,2026-05-06T18:39:16.814284+00:00,0,0,0,0,0,"psql: error: connection to server at ""comp1.local.neon.build"" (127.0.0.1), port 4432 failed: ERROR:  sorry, too many clients already"
proxy_pgcat,tpcb_steady,250,3,during,2026-05-06T18:39:17.935304+00:00,0,0,0,0,0,"psql: error: connection to server at ""comp1.local.neon.build"" (127.0.0.1), port 4432 failed: ERROR:  sorry, too many clients already"
proxy_pgcat,tpcb_steady,250,3,during,2026-05-06T18:39:19.026703+00:00,0,0,0,0,0,"psql: error: connection to server at ""comp1.local.neon.build"" (127.0.0.1), port 4432 failed: ERROR:  sorry, too many clients already"
proxy_pgcat,tpcb_steady,250,3,during,2026-05-06T18:39:20.166289+00:00,0,0,0,0,0,"psql: error: connection to server at ""comp1.local.neon.build"" (127.0.0.1), port 4432 failed: ERROR:  sorry, too many clients already"
proxy_pgcat,tpcb_steady,250,3,during,2026-05-06T18:39:21.263649+00:00,0,0,0,0,0,"psql: error: connection to server at ""comp1.local.neon.build"" (127.0.0.1), port 4432 failed: ERROR:  sorry, too many clients already"
proxy_pgcat,tpcb_steady,250,3,during,2026-05-06T18:39:22.374032+00:00,0,0,0,0,0,"psql: error: connection to server at ""comp1.local.neon.build"" (127.0.0.1), port 4432 failed: ERROR:  sorry, too many clients already"
proxy_pgcat,tpcb_steady,250,3,during,2026-05-06T18:39:23.480979+00:00,0,0,0,0,0,"psql: error: connection to server at ""comp1.local.neon.build"" (127.0.0.1), port 4432 failed: ERROR:  sorry, too many clients already"
proxy_pgcat,tpcb_steady,250,3,during,2026-05-06T18:39:24.597881+00:00,0,0,0,0,0,"psql: error: connection to server at ""comp1.local.neon.build"" (127.0.0.1), port 4432 failed: ERROR:  sorry, too many clients already"
proxy_pgcat,tpcb_steady,250,3,during,2026-05-06T18:39:25.710247+00:00,0,0,0,0,0,"psql: error: connection to server at ""comp1.local.neon.build"" (127.0.0.1), port 4432 failed: ERROR:  sorry, too many clients already"
proxy_pgcat,tpcb_steady,250,3,during,2026-05-06T18:39:26.822305+00:00,0,0,0,0,0,"psql: error: connection to server at ""comp1.local.neon.build"" (127.0.0.1), port 4432 failed: ERROR:  sorry, too many clients already"
proxy_pgcat,tpcb_steady,250,3,during,2026-05-06T18:39:27.934611+00:00,0,0,0,0,0,"psql: error: connection to server at ""comp1.local.neon.build"" (127.0.0.1), port 4432 failed: ERROR:  sorry, too many clients already"
proxy_pgcat,tpcb_steady,250,3,during,2026-05-06T18:39:29.046090+00:00,0,0,0,0,0,"psql: error: connection to server at ""comp1.local.neon.build"" (127.0.0.1), port 4432 failed: ERROR:  sorry, too many clients already"
proxy_pgcat,tpcb_steady,250,3,after_15s,2026-05-06T18:39:44.680000+00:00,0,0,0,0,0,"psql: error: connection to server at ""comp1.local.neon.build"" (127.0.0.1), port 4432 failed: ERROR:  sorry, too many clients already"
proxy_pgcat,tpcb_steady,250,3,after_30s,2026-05-06T18:39:59.784026+00:00,0,0,0,0,0,"psql: error: connection to server at ""comp1.local.neon.build"" (127.0.0.1), port 4432 failed: ERROR:  sorry, too many clients already"
proxy_pgcat,tpcb_steady,250,3,after_45s,2026-05-06T18:40:14.941872+00:00,0,0,0,0,0,"psql: error: connection to server at ""comp1.local.neon.build"" (127.0.0.1), port 4432 failed: ERROR:  sorry, too many clients already"
proxy_pgcat,tpcb_steady,250,3,after_60s,2026-05-06T18:40:30.095877+00:00,0,0,0,0,0,"psql: error: connection to server at ""comp1.local.neon.build"" (127.0.0.1), port 4432 failed: ERROR:  sorry, too many clients already"
proxy_pgcat,tpcb_steady,250,3,after_90s,2026-05-06T18:41:00.204012+00:00,0,0,0,0,0,"psql: error: connection to server at ""comp1.local.neon.build"" (127.0.0.1), port 4432 failed: ERROR:  sorry, too many clients already"
