target,workload,concurrency,rep,phase,ts,total,active,idle,idle_in_transaction,other,error
proxy_pool,readonly_steady,10,1,before,2026-05-06T05:36:39.707643+00:00,1,0,1,0,0,
proxy_pool,readonly_steady,10,1,during,2026-05-06T05:36:40.938737+00:00,10,3,7,0,0,
proxy_pool,readonly_steady,10,1,during,2026-05-06T05:36:43.022753+00:00,10,0,10,0,0,
proxy_pool,readonly_steady,10,1,during,2026-05-06T05:36:45.134912+00:00,10,2,8,0,0,
proxy_pool,readonly_steady,10,1,during,2026-05-06T05:36:47.286082+00:00,10,1,9,0,0,
proxy_pool,readonly_steady,10,1,during,2026-05-06T05:36:49.537040+00:00,10,0,10,0,0,
proxy_pool,readonly_steady,10,1,during,2026-05-06T05:36:51.622455+00:00,10,3,7,0,0,
proxy_pool,readonly_steady,10,1,during,2026-05-06T05:36:53.739716+00:00,10,1,9,0,0,
proxy_pool,readonly_steady,10,1,during,2026-05-06T05:36:55.890661+00:00,10,5,5,0,0,
proxy_pool,readonly_steady,10,1,during,2026-05-06T05:36:58.141714+00:00,10,1,9,0,0,
proxy_pool,readonly_steady,10,1,during,2026-05-06T05:37:00.385620+00:00,10,1,9,0,0,
proxy_pool,readonly_steady,10,1,during,2026-05-06T05:37:02.476434+00:00,10,0,10,0,0,
proxy_pool,readonly_steady,10,1,during,2026-05-06T05:37:04.590008+00:00,10,5,5,0,0,
proxy_pool,readonly_steady,10,1,during,2026-05-06T05:37:06.741248+00:00,10,2,8,0,0,
proxy_pool,readonly_steady,10,1,during,2026-05-06T05:37:08.994159+00:00,10,1,9,0,0,
proxy_pool,readonly_steady,10,1,during,2026-05-06T05:37:11.080896+00:00,10,1,9,0,0,
proxy_pool,readonly_steady,10,1,during,2026-05-06T05:37:13.294865+00:00,10,3,7,0,0,
proxy_pool,readonly_steady,10,1,during,2026-05-06T05:37:15.547491+00:00,10,0,10,0,0,
proxy_pool,readonly_steady,10,1,during,2026-05-06T05:37:17.802683+00:00,10,0,10,0,0,
proxy_pool,readonly_steady,10,1,during,2026-05-06T05:37:20.045678+00:00,10,2,8,0,0,
proxy_pool,readonly_steady,10,1,during,2026-05-06T05:37:22.307269+00:00,10,2,8,0,0,
proxy_pool,readonly_steady,10,1,during,2026-05-06T05:37:24.389958+00:00,10,1,9,0,0,
proxy_pool,readonly_steady,10,1,during,2026-05-06T05:37:26.496120+00:00,10,1,9,0,0,
proxy_pool,readonly_steady,10,1,during,2026-05-06T05:37:28.665299+00:00,10,1,9,0,0,
proxy_pool,readonly_steady,10,1,during,2026-05-06T05:37:30.908620+00:00,10,4,6,0,0,
proxy_pool,readonly_steady,10,1,during,2026-05-06T05:37:33.153456+00:00,10,3,7,0,0,
proxy_pool,readonly_steady,10,1,during,2026-05-06T05:37:35.310352+00:00,10,3,7,0,0,
proxy_pool,readonly_steady,10,1,during,2026-05-06T05:37:37.461179+00:00,10,2,8,0,0,
proxy_pool,readonly_steady,10,1,during,2026-05-06T05:37:39.542418+00:00,10,3,7,0,0,
proxy_pool,readonly_steady,10,1,after_15s,2026-05-06T05:37:55.690766+00:00,10,0,10,0,0,
proxy_pool,readonly_steady,10,1,after_30s,2026-05-06T05:38:11.974046+00:00,10,0,10,0,0,
proxy_pool,readonly_steady,10,1,after_45s,2026-05-06T05:38:28.059146+00:00,10,0,10,0,0,
proxy_pool,readonly_steady,10,1,after_60s,2026-05-06T05:38:44.143623+00:00,0,0,0,0,0,
proxy_pool,readonly_steady,10,1,after_90s,2026-05-06T05:39:15.360392+00:00,0,0,0,0,0,
proxy_pool,readonly_steady,10,2,before,2026-05-06T05:39:22.730675+00:00,1,0,1,0,0,
proxy_pool,readonly_steady,10,2,during,2026-05-06T05:39:23.762201+00:00,10,3,7,0,0,
proxy_pool,readonly_steady,10,2,during,2026-05-06T05:39:26.006884+00:00,10,1,9,0,0,
proxy_pool,readonly_steady,10,2,during,2026-05-06T05:39:28.258546+00:00,10,3,7,0,0,
proxy_pool,readonly_steady,10,2,during,2026-05-06T05:39:30.437230+00:00,10,2,8,0,0,
proxy_pool,readonly_steady,10,2,during,2026-05-06T05:39:32.662865+00:00,10,3,7,0,0,
proxy_pool,readonly_steady,10,2,during,2026-05-06T05:39:34.914563+00:00,10,3,7,0,0,
proxy_pool,readonly_steady,10,2,during,2026-05-06T05:39:37.064843+00:00,10,0,10,0,0,
proxy_pool,readonly_steady,10,2,during,2026-05-06T05:39:39.317524+00:00,10,1,9,0,0,
proxy_pool,readonly_steady,10,2,during,2026-05-06T05:39:41.564103+00:00,10,3,7,0,0,
proxy_pool,readonly_steady,10,2,during,2026-05-06T05:39:43.722187+00:00,10,0,10,0,0,
proxy_pool,readonly_steady,10,2,during,2026-05-06T05:39:45.874789+00:00,10,0,10,0,0,
proxy_pool,readonly_steady,10,2,during,2026-05-06T05:39:47.953945+00:00,10,1,9,0,0,
proxy_pool,readonly_steady,10,2,during,2026-05-06T05:39:50.174471+00:00,10,1,9,0,0,
proxy_pool,readonly_steady,10,2,during,2026-05-06T05:39:52.425812+00:00,10,1,9,0,0,
proxy_pool,readonly_steady,10,2,during,2026-05-06T05:39:54.581842+00:00,10,0,10,0,0,
proxy_pool,readonly_steady,10,2,during,2026-05-06T05:39:56.725601+00:00,10,3,7,0,0,
proxy_pool,readonly_steady,10,2,during,2026-05-06T05:39:58.978871+00:00,10,1,9,0,0,
proxy_pool,readonly_steady,10,2,during,2026-05-06T05:40:01.059902+00:00,10,1,9,0,0,
proxy_pool,readonly_steady,10,2,during,2026-05-06T05:40:03.282712+00:00,10,2,8,0,0,
proxy_pool,readonly_steady,10,2,during,2026-05-06T05:40:05.535302+00:00,10,4,6,0,0,
proxy_pool,readonly_steady,10,2,during,2026-05-06T05:40:07.793791+00:00,10,2,8,0,0,
proxy_pool,readonly_steady,10,2,during,2026-05-06T05:40:10.038806+00:00,10,1,9,0,0,
proxy_pool,readonly_steady,10,2,during,2026-05-06T05:40:12.283380+00:00,10,2,8,0,0,
proxy_pool,readonly_steady,10,2,during,2026-05-06T05:40:14.367380+00:00,10,1,9,0,0,
proxy_pool,readonly_steady,10,2,during,2026-05-06T05:40:16.585261+00:00,10,4,6,0,0,
proxy_pool,readonly_steady,10,2,during,2026-05-06T05:40:18.742229+00:00,10,2,8,0,0,
proxy_pool,readonly_steady,10,2,during,2026-05-06T05:40:20.894759+00:00,10,3,7,0,0,
proxy_pool,readonly_steady,10,2,during,2026-05-06T05:40:23.195845+00:00,10,0,10,0,0,
proxy_pool,readonly_steady,10,2,after_15s,2026-05-06T05:40:39.741675+00:00,10,0,10,0,0,
proxy_pool,readonly_steady,10,2,after_30s,2026-05-06T05:40:55.914466+00:00,10,0,10,0,0,
proxy_pool,readonly_steady,10,2,after_45s,2026-05-06T05:41:12.095302+00:00,10,0,10,0,0,
proxy_pool,readonly_steady,10,2,after_60s,2026-05-06T05:41:28.274751+00:00,0,0,0,0,0,
proxy_pool,readonly_steady,10,2,after_90s,2026-05-06T05:41:59.405271+00:00,0,0,0,0,0,
proxy_pool,readonly_steady,10,3,before,2026-05-06T05:42:06.784604+00:00,1,0,1,0,0,
proxy_pool,readonly_steady,10,3,during,2026-05-06T05:42:07.815237+00:00,9,0,9,0,0,
proxy_pool,readonly_steady,10,3,during,2026-05-06T05:42:10.073424+00:00,9,2,7,0,0,
proxy_pool,readonly_steady,10,3,during,2026-05-06T05:42:12.304190+00:00,9,1,8,0,0,
proxy_pool,readonly_steady,10,3,during,2026-05-06T05:42:14.470915+00:00,9,1,8,0,0,
proxy_pool,readonly_steady,10,3,during,2026-05-06T05:42:16.562151+00:00,9,1,8,0,0,
proxy_pool,readonly_steady,10,3,during,2026-05-06T05:42:18.653251+00:00,9,0,9,0,0,
proxy_pool,readonly_steady,10,3,during,2026-05-06T05:42:20.908098+00:00,9,2,7,0,0,
proxy_pool,readonly_steady,10,3,during,2026-05-06T05:42:22.984878+00:00,9,1,8,0,0,
proxy_pool,readonly_steady,10,3,during,2026-05-06T05:42:25.209070+00:00,9,2,7,0,0,
proxy_pool,readonly_steady,10,3,during,2026-05-06T05:42:27.460989+00:00,9,0,9,0,0,
proxy_pool,readonly_steady,10,3,during,2026-05-06T05:42:29.541414+00:00,9,4,5,0,0,
proxy_pool,readonly_steady,10,3,during,2026-05-06T05:42:31.764104+00:00,10,2,8,0,0,
proxy_pool,readonly_steady,10,3,during,2026-05-06T05:42:34.013879+00:00,10,4,6,0,0,
proxy_pool,readonly_steady,10,3,during,2026-05-06T05:42:36.094756+00:00,10,0,10,0,0,
proxy_pool,readonly_steady,10,3,during,2026-05-06T05:42:38.317328+00:00,10,3,7,0,0,
proxy_pool,readonly_steady,10,3,during,2026-05-06T05:42:40.398463+00:00,10,1,9,0,0,
proxy_pool,readonly_steady,10,3,during,2026-05-06T05:42:42.477644+00:00,10,3,7,0,0,
proxy_pool,readonly_steady,10,3,during,2026-05-06T05:42:44.680710+00:00,10,3,7,0,0,
proxy_pool,readonly_steady,10,3,during,2026-05-06T05:42:46.814488+00:00,10,0,10,0,0,
proxy_pool,readonly_steady,10,3,during,2026-05-06T05:42:48.965317+00:00,10,0,10,0,0,
proxy_pool,readonly_steady,10,3,during,2026-05-06T05:42:51.217048+00:00,10,1,9,0,0,
proxy_pool,readonly_steady,10,3,during,2026-05-06T05:42:53.296768+00:00,10,2,8,0,0,
proxy_pool,readonly_steady,10,3,during,2026-05-06T05:42:55.518020+00:00,10,2,8,0,0,
proxy_pool,readonly_steady,10,3,during,2026-05-06T05:42:57.797267+00:00,10,1,9,0,0,
proxy_pool,readonly_steady,10,3,during,2026-05-06T05:43:00.022957+00:00,10,2,8,0,0,
proxy_pool,readonly_steady,10,3,during,2026-05-06T05:43:02.276218+00:00,10,1,9,0,0,
proxy_pool,readonly_steady,10,3,during,2026-05-06T05:43:04.364111+00:00,10,2,8,0,0,
proxy_pool,readonly_steady,10,3,during,2026-05-06T05:43:06.502584+00:00,10,2,8,0,0,
proxy_pool,readonly_steady,10,3,after_15s,2026-05-06T05:43:22.656625+00:00,10,0,10,0,0,
proxy_pool,readonly_steady,10,3,after_30s,2026-05-06T05:43:38.937084+00:00,10,0,10,0,0,
proxy_pool,readonly_steady,10,3,after_45s,2026-05-06T05:43:55.117311+00:00,10,0,10,0,0,
proxy_pool,readonly_steady,10,3,after_60s,2026-05-06T05:44:11.297554+00:00,0,0,0,0,0,
proxy_pool,readonly_steady,10,3,after_90s,2026-05-06T05:44:42.426810+00:00,0,0,0,0,0,
proxy_pool,readonly_steady,50,1,before,2026-05-06T05:44:50.216461+00:00,1,0,1,0,0,
proxy_pool,readonly_steady,50,1,during,2026-05-06T05:44:51.252818+00:00,33,3,30,0,0,
proxy_pool,readonly_steady,50,1,during,2026-05-06T05:44:53.487936+00:00,33,8,25,0,0,
proxy_pool,readonly_steady,50,1,during,2026-05-06T05:44:55.582841+00:00,33,2,31,0,0,
proxy_pool,readonly_steady,50,1,during,2026-05-06T05:44:57.789641+00:00,33,1,32,0,0,
proxy_pool,readonly_steady,50,1,during,2026-05-06T05:45:00.039887+00:00,33,4,29,0,0,
proxy_pool,readonly_steady,50,1,during,2026-05-06T05:45:02.292899+00:00,33,1,32,0,0,
proxy_pool,readonly_steady,50,1,during,2026-05-06T05:45:04.557096+00:00,33,2,31,0,0,
proxy_pool,readonly_steady,50,1,during,2026-05-06T05:45:06.696939+00:00,33,1,32,0,0,
proxy_pool,readonly_steady,50,1,during,2026-05-06T05:45:08.848869+00:00,33,4,29,0,0,
proxy_pool,readonly_steady,50,1,during,2026-05-06T05:45:11.098780+00:00,33,1,32,0,0,
proxy_pool,readonly_steady,50,1,during,2026-05-06T05:45:13.362519+00:00,33,0,33,0,0,
proxy_pool,readonly_steady,50,1,during,2026-05-06T05:45:15.606012+00:00,33,1,32,0,0,
proxy_pool,readonly_steady,50,1,during,2026-05-06T05:45:17.861340+00:00,33,0,33,0,0,
proxy_pool,readonly_steady,50,1,during,2026-05-06T05:45:20.112159+00:00,33,0,33,0,0,
proxy_pool,readonly_steady,50,1,during,2026-05-06T05:45:22.211040+00:00,33,6,27,0,0,
proxy_pool,readonly_steady,50,1,during,2026-05-06T05:45:24.411632+00:00,33,0,33,0,0,
proxy_pool,readonly_steady,50,1,during,2026-05-06T05:45:26.511340+00:00,33,4,29,0,0,
proxy_pool,readonly_steady,50,1,during,2026-05-06T05:45:28.614558+00:00,33,0,33,0,0,
proxy_pool,readonly_steady,50,1,during,2026-05-06T05:45:30.761078+00:00,33,1,32,0,0,
proxy_pool,readonly_steady,50,1,during,2026-05-06T05:45:33.013583+00:00,33,5,28,0,0,
proxy_pool,readonly_steady,50,1,during,2026-05-06T05:45:35.268850+00:00,33,3,30,0,0,
proxy_pool,readonly_steady,50,1,during,2026-05-06T05:45:37.519348+00:00,33,5,28,0,0,
proxy_pool,readonly_steady,50,1,during,2026-05-06T05:45:39.778335+00:00,33,7,26,0,0,
proxy_pool,readonly_steady,50,1,during,2026-05-06T05:45:42.025213+00:00,33,3,30,0,0,
proxy_pool,readonly_steady,50,1,during,2026-05-06T05:45:44.281709+00:00,33,1,32,0,0,
proxy_pool,readonly_steady,50,1,during,2026-05-06T05:45:46.522836+00:00,33,6,27,0,0,
proxy_pool,readonly_steady,50,1,during,2026-05-06T05:45:48.679770+00:00,33,1,32,0,0,
proxy_pool,readonly_steady,50,1,during,2026-05-06T05:45:50.846448+00:00,33,0,33,0,0,
proxy_pool,readonly_steady,50,1,after_15s,2026-05-06T05:46:07.521763+00:00,33,0,33,0,0,
proxy_pool,readonly_steady,50,1,after_30s,2026-05-06T05:46:23.809440+00:00,33,0,33,0,0,
proxy_pool,readonly_steady,50,1,after_45s,2026-05-06T05:46:39.982234+00:00,33,0,33,0,0,
proxy_pool,readonly_steady,50,1,after_60s,2026-05-06T05:46:56.161333+00:00,0,0,0,0,0,
proxy_pool,readonly_steady,50,1,after_90s,2026-05-06T05:47:27.296016+00:00,0,0,0,0,0,
proxy_pool,readonly_steady,50,2,before,2026-05-06T05:47:35.175728+00:00,1,0,1,0,0,
proxy_pool,readonly_steady,50,2,during,2026-05-06T05:47:36.209754+00:00,31,2,29,0,0,
proxy_pool,readonly_steady,50,2,during,2026-05-06T05:47:38.352145+00:00,31,2,29,0,0,
proxy_pool,readonly_steady,50,2,during,2026-05-06T05:47:40.490925+00:00,31,6,25,0,0,
proxy_pool,readonly_steady,50,2,during,2026-05-06T05:47:42.652206+00:00,31,0,31,0,0,
proxy_pool,readonly_steady,50,2,during,2026-05-06T05:47:44.905446+00:00,31,4,27,0,0,
proxy_pool,readonly_steady,50,2,during,2026-05-06T05:47:47.158057+00:00,31,4,27,0,0,
proxy_pool,readonly_steady,50,2,during,2026-05-06T05:47:49.411647+00:00,31,4,27,0,0,
proxy_pool,readonly_steady,50,2,during,2026-05-06T05:47:51.663680+00:00,31,1,30,0,0,
proxy_pool,readonly_steady,50,2,during,2026-05-06T05:47:53.915952+00:00,31,4,27,0,0,
proxy_pool,readonly_steady,50,2,during,2026-05-06T05:47:56.171761+00:00,31,3,28,0,0,
proxy_pool,readonly_steady,50,2,during,2026-05-06T05:47:58.421731+00:00,31,1,30,0,0,
proxy_pool,readonly_steady,50,2,during,2026-05-06T05:48:00.522364+00:00,31,3,28,0,0,
proxy_pool,readonly_steady,50,2,during,2026-05-06T05:48:02.722418+00:00,31,3,28,0,0,
proxy_pool,readonly_steady,50,2,during,2026-05-06T05:48:04.975807+00:00,31,2,29,0,0,
proxy_pool,readonly_steady,50,2,during,2026-05-06T05:48:07.228955+00:00,31,3,28,0,0,
proxy_pool,readonly_steady,50,2,during,2026-05-06T05:48:09.332874+00:00,31,0,31,0,0,
proxy_pool,readonly_steady,50,2,during,2026-05-06T05:48:11.528017+00:00,31,0,31,0,0,
proxy_pool,readonly_steady,50,2,during,2026-05-06T05:48:13.796745+00:00,31,4,27,0,0,
proxy_pool,readonly_steady,50,2,during,2026-05-06T05:48:16.035240+00:00,31,1,30,0,0,
proxy_pool,readonly_steady,50,2,during,2026-05-06T05:48:18.287354+00:00,31,3,28,0,0,
proxy_pool,readonly_steady,50,2,during,2026-05-06T05:48:20.492008+00:00,31,3,28,0,0,
proxy_pool,readonly_steady,50,2,during,2026-05-06T05:48:22.795906+00:00,31,3,28,0,0,
proxy_pool,readonly_steady,50,2,during,2026-05-06T05:48:25.047272+00:00,31,4,27,0,0,
proxy_pool,readonly_steady,50,2,during,2026-05-06T05:48:27.298808+00:00,31,0,31,0,0,
proxy_pool,readonly_steady,50,2,during,2026-05-06T05:48:29.555825+00:00,31,2,29,0,0,
proxy_pool,readonly_steady,50,2,during,2026-05-06T05:48:31.804505+00:00,31,0,31,0,0,
proxy_pool,readonly_steady,50,2,during,2026-05-06T05:48:34.058005+00:00,31,1,30,0,0,
proxy_pool,readonly_steady,50,2,during,2026-05-06T05:48:36.312804+00:00,31,0,31,0,0,
proxy_pool,readonly_steady,50,2,after_15s,2026-05-06T05:48:52.528468+00:00,31,0,31,0,0,
proxy_pool,readonly_steady,50,2,after_30s,2026-05-06T05:49:09.275117+00:00,31,0,31,0,0,
proxy_pool,readonly_steady,50,2,after_45s,2026-05-06T05:49:25.463394+00:00,31,0,31,0,0,
proxy_pool,readonly_steady,50,2,after_60s,2026-05-06T05:49:41.639533+00:00,0,0,0,0,0,
proxy_pool,readonly_steady,50,2,after_90s,2026-05-06T05:50:12.777164+00:00,0,0,0,0,0,
proxy_pool,readonly_steady,50,3,before,2026-05-06T05:50:20.545074+00:00,1,0,1,0,0,
proxy_pool,readonly_steady,50,3,during,2026-05-06T05:50:21.582585+00:00,35,8,27,0,0,
proxy_pool,readonly_steady,50,3,during,2026-05-06T05:50:23.844296+00:00,35,4,31,0,0,
proxy_pool,readonly_steady,50,3,during,2026-05-06T05:50:26.086650+00:00,35,1,34,0,0,
proxy_pool,readonly_steady,50,3,during,2026-05-06T05:50:28.339092+00:00,35,3,32,0,0,
proxy_pool,readonly_steady,50,3,during,2026-05-06T05:50:30.685624+00:00,35,4,31,0,0,
proxy_pool,readonly_steady,50,3,during,2026-05-06T05:50:32.843514+00:00,35,1,34,0,0,
proxy_pool,readonly_steady,50,3,during,2026-05-06T05:50:35.096423+00:00,35,5,30,0,0,
proxy_pool,readonly_steady,50,3,during,2026-05-06T05:50:37.350225+00:00,35,4,31,0,0,
proxy_pool,readonly_steady,50,3,during,2026-05-06T05:50:39.601297+00:00,35,2,33,0,0,
proxy_pool,readonly_steady,50,3,during,2026-05-06T05:50:41.853555+00:00,35,0,35,0,0,
proxy_pool,readonly_steady,50,3,during,2026-05-06T05:50:44.107415+00:00,35,0,35,0,0,
proxy_pool,readonly_steady,50,3,during,2026-05-06T05:50:46.359251+00:00,35,5,30,0,0,
proxy_pool,readonly_steady,50,3,during,2026-05-06T05:50:48.522853+00:00,35,0,35,0,0,
proxy_pool,readonly_steady,50,3,during,2026-05-06T05:50:50.660970+00:00,35,2,33,0,0,
proxy_pool,readonly_steady,50,3,during,2026-05-06T05:50:52.915834+00:00,35,0,35,0,0,
proxy_pool,readonly_steady,50,3,during,2026-05-06T05:50:55.167798+00:00,35,2,33,0,0,
proxy_pool,readonly_steady,50,3,during,2026-05-06T05:50:57.419165+00:00,35,1,34,0,0,
proxy_pool,readonly_steady,50,3,during,2026-05-06T05:50:59.569402+00:00,35,1,34,0,0,
proxy_pool,readonly_steady,50,3,during,2026-05-06T05:51:01.719003+00:00,35,2,33,0,0,
proxy_pool,readonly_steady,50,3,during,2026-05-06T05:51:03.972695+00:00,35,0,35,0,0,
proxy_pool,readonly_steady,50,3,during,2026-05-06T05:51:06.123301+00:00,35,4,31,0,0,
proxy_pool,readonly_steady,50,3,during,2026-05-06T05:51:08.271755+00:00,35,1,34,0,0,
proxy_pool,readonly_steady,50,3,during,2026-05-06T05:51:10.475655+00:00,35,1,34,0,0,
proxy_pool,readonly_steady,50,3,during,2026-05-06T05:51:12.677298+00:00,35,5,30,0,0,
proxy_pool,readonly_steady,50,3,during,2026-05-06T05:51:14.827637+00:00,35,1,34,0,0,
proxy_pool,readonly_steady,50,3,during,2026-05-06T05:51:17.082903+00:00,35,0,35,0,0,
proxy_pool,readonly_steady,50,3,during,2026-05-06T05:51:19.335315+00:00,35,6,29,0,0,
proxy_pool,readonly_steady,50,3,during,2026-05-06T05:51:21.789057+00:00,35,0,35,0,0,
proxy_pool,readonly_steady,50,3,after_15s,2026-05-06T05:51:37.968661+00:00,35,0,35,0,0,
proxy_pool,readonly_steady,50,3,after_30s,2026-05-06T05:51:54.149659+00:00,35,0,35,0,0,
proxy_pool,readonly_steady,50,3,after_45s,2026-05-06T05:52:10.311438+00:00,35,0,35,0,0,
proxy_pool,readonly_steady,50,3,after_60s,2026-05-06T05:52:26.443016+00:00,0,0,0,0,0,
proxy_pool,readonly_steady,50,3,after_90s,2026-05-06T05:52:57.635918+00:00,0,0,0,0,0,
proxy_pool,readonly_steady,100,1,before,2026-05-06T05:53:05.420447+00:00,1,0,1,0,0,
proxy_pool,readonly_steady,100,1,during,2026-05-06T05:53:06.536252+00:00,36,1,35,0,0,
proxy_pool,readonly_steady,100,1,during,2026-05-06T05:53:08.698953+00:00,36,11,25,0,0,
proxy_pool,readonly_steady,100,1,during,2026-05-06T05:53:10.947842+00:00,36,0,36,0,0,
proxy_pool,readonly_steady,100,1,during,2026-05-06T05:53:13.203388+00:00,36,7,29,0,0,
proxy_pool,readonly_steady,100,1,during,2026-05-06T05:53:15.455469+00:00,36,0,36,0,0,
proxy_pool,readonly_steady,100,1,during,2026-05-06T05:53:17.710142+00:00,36,0,36,0,0,
proxy_pool,readonly_steady,100,1,during,2026-05-06T05:53:19.962050+00:00,36,3,33,0,0,
proxy_pool,readonly_steady,100,1,during,2026-05-06T05:53:22.111877+00:00,36,3,33,0,0,
proxy_pool,readonly_steady,100,1,during,2026-05-06T05:53:24.261780+00:00,36,6,30,0,0,
proxy_pool,readonly_steady,100,1,during,2026-05-06T05:53:26.473485+00:00,36,1,35,0,0,
proxy_pool,readonly_steady,100,1,during,2026-05-06T05:53:28.576202+00:00,36,3,33,0,0,
proxy_pool,readonly_steady,100,1,during,2026-05-06T05:53:30.715401+00:00,36,3,33,0,0,
proxy_pool,readonly_steady,100,1,during,2026-05-06T05:53:32.862911+00:00,36,2,34,0,0,
proxy_pool,readonly_steady,100,1,during,2026-05-06T05:53:35.116743+00:00,36,6,30,0,0,
proxy_pool,readonly_steady,100,1,during,2026-05-06T05:53:37.369691+00:00,36,5,31,0,0,
proxy_pool,readonly_steady,100,1,during,2026-05-06T05:53:39.623522+00:00,36,4,32,0,0,
proxy_pool,readonly_steady,100,1,during,2026-05-06T05:53:41.874661+00:00,36,3,33,0,0,
proxy_pool,readonly_steady,100,1,during,2026-05-06T05:53:44.127567+00:00,36,6,30,0,0,
proxy_pool,readonly_steady,100,1,during,2026-05-06T05:53:46.380226+00:00,36,3,33,0,0,
proxy_pool,readonly_steady,100,1,during,2026-05-06T05:53:48.483318+00:00,36,3,33,0,0,
proxy_pool,readonly_steady,100,1,during,2026-05-06T05:53:50.681621+00:00,36,1,35,0,0,
proxy_pool,readonly_steady,100,1,during,2026-05-06T05:53:52.934073+00:00,36,4,32,0,0,
proxy_pool,readonly_steady,100,1,during,2026-05-06T05:53:55.086351+00:00,36,1,35,0,0,
proxy_pool,readonly_steady,100,1,during,2026-05-06T05:53:57.337976+00:00,36,0,36,0,0,
proxy_pool,readonly_steady,100,1,during,2026-05-06T05:53:59.488761+00:00,36,2,34,0,0,
proxy_pool,readonly_steady,100,1,during,2026-05-06T05:54:01.658974+00:00,36,5,31,0,0,
proxy_pool,readonly_steady,100,1,during,2026-05-06T05:54:03.762917+00:00,36,0,36,0,0,
proxy_pool,readonly_steady,100,1,during,2026-05-06T05:54:05.946347+00:00,36,0,36,0,0,
proxy_pool,readonly_steady,100,1,after_15s,2026-05-06T05:54:22.218215+00:00,36,0,36,0,0,
proxy_pool,readonly_steady,100,1,after_30s,2026-05-06T05:54:38.399511+00:00,36,0,36,0,0,
proxy_pool,readonly_steady,100,1,after_45s,2026-05-06T05:54:54.538244+00:00,36,0,36,0,0,
proxy_pool,readonly_steady,100,1,after_60s,2026-05-06T05:55:10.655002+00:00,0,0,0,0,0,
proxy_pool,readonly_steady,100,1,after_90s,2026-05-06T05:55:41.895734+00:00,0,0,0,0,0,
proxy_pool,readonly_steady,100,2,before,2026-05-06T05:55:49.523866+00:00,1,0,1,0,0,
proxy_pool,readonly_steady,100,2,during,2026-05-06T05:55:50.590183+00:00,31,6,25,0,0,
proxy_pool,readonly_steady,100,2,during,2026-05-06T05:55:52.741558+00:00,31,0,31,0,0,
proxy_pool,readonly_steady,100,2,during,2026-05-06T05:55:54.995130+00:00,31,0,31,0,0,
proxy_pool,readonly_steady,100,2,during,2026-05-06T05:55:57.249436+00:00,31,4,27,0,0,
proxy_pool,readonly_steady,100,2,during,2026-05-06T05:55:59.501246+00:00,31,1,30,0,0,
proxy_pool,readonly_steady,100,2,during,2026-05-06T05:56:01.754168+00:00,31,7,24,0,0,
proxy_pool,readonly_steady,100,2,during,2026-05-06T05:56:03.903911+00:00,31,0,31,0,0,
proxy_pool,readonly_steady,100,2,during,2026-05-06T05:56:06.054267+00:00,31,0,31,0,0,
proxy_pool,readonly_steady,100,2,during,2026-05-06T05:56:08.307758+00:00,31,1,30,0,0,
proxy_pool,readonly_steady,100,2,during,2026-05-06T05:56:10.444743+00:00,31,12,19,0,0,
proxy_pool,readonly_steady,100,2,during,2026-05-06T05:56:12.716886+00:00,31,1,30,0,0,
proxy_pool,readonly_steady,100,2,during,2026-05-06T05:56:14.861712+00:00,31,2,29,0,0,
proxy_pool,readonly_steady,100,2,during,2026-05-06T05:56:17.113095+00:00,31,5,26,0,0,
proxy_pool,readonly_steady,100,2,during,2026-05-06T05:56:19.367896+00:00,31,1,30,0,0,
proxy_pool,readonly_steady,100,2,during,2026-05-06T05:56:21.620560+00:00,31,2,29,0,0,
proxy_pool,readonly_steady,100,2,during,2026-05-06T05:56:23.873965+00:00,31,4,27,0,0,
proxy_pool,readonly_steady,100,2,during,2026-05-06T05:56:26.126069+00:00,31,2,29,0,0,
proxy_pool,readonly_steady,100,2,during,2026-05-06T05:56:28.377592+00:00,31,1,30,0,0,
proxy_pool,readonly_steady,100,2,during,2026-05-06T05:56:30.519234+00:00,31,0,31,0,0,
proxy_pool,readonly_steady,100,2,during,2026-05-06T05:56:32.678458+00:00,31,7,24,0,0,
proxy_pool,readonly_steady,100,2,during,2026-05-06T05:56:34.925986+00:00,31,4,27,0,0,
proxy_pool,readonly_steady,100,2,during,2026-05-06T05:56:37.184444+00:00,31,4,27,0,0,
proxy_pool,readonly_steady,100,2,during,2026-05-06T05:56:39.335719+00:00,31,4,27,0,0,
proxy_pool,readonly_steady,100,2,during,2026-05-06T05:56:41.485500+00:00,31,5,26,0,0,
proxy_pool,readonly_steady,100,2,during,2026-05-06T05:56:43.741525+00:00,31,0,31,0,0,
proxy_pool,readonly_steady,100,2,during,2026-05-06T05:56:45.887575+00:00,31,4,27,0,0,
proxy_pool,readonly_steady,100,2,during,2026-05-06T05:56:48.141395+00:00,31,4,27,0,0,
proxy_pool,readonly_steady,100,2,during,2026-05-06T05:56:50.600257+00:00,31,0,31,0,0,
proxy_pool,readonly_steady,100,2,after_15s,2026-05-06T05:57:06.883479+00:00,31,0,31,0,0,
proxy_pool,readonly_steady,100,2,after_30s,2026-05-06T05:57:23.042807+00:00,31,0,31,0,0,
proxy_pool,readonly_steady,100,2,after_45s,2026-05-06T05:57:39.243012+00:00,31,0,31,0,0,
proxy_pool,readonly_steady,100,2,after_60s,2026-05-06T05:57:55.417280+00:00,0,0,0,0,0,
proxy_pool,readonly_steady,100,2,after_90s,2026-05-06T05:58:26.540512+00:00,0,0,0,0,0,
proxy_pool,readonly_steady,100,3,before,2026-05-06T05:58:34.330971+00:00,1,0,1,0,0,
proxy_pool,readonly_steady,100,3,during,2026-05-06T05:58:35.561574+00:00,29,0,29,0,0,
proxy_pool,readonly_steady,100,3,during,2026-05-06T05:58:37.823108+00:00,29,4,25,0,0,
proxy_pool,readonly_steady,100,3,during,2026-05-06T05:58:40.064374+00:00,29,0,29,0,0,
proxy_pool,readonly_steady,100,3,during,2026-05-06T05:58:42.318762+00:00,29,1,28,0,0,
proxy_pool,readonly_steady,100,3,during,2026-05-06T05:58:44.535693+00:00,29,4,25,0,0,
proxy_pool,readonly_steady,100,3,during,2026-05-06T05:58:46.633249+00:00,29,2,27,0,0,
proxy_pool,readonly_steady,100,3,during,2026-05-06T05:58:48.872924+00:00,29,1,28,0,0,
proxy_pool,readonly_steady,100,3,during,2026-05-06T05:58:51.123741+00:00,29,2,27,0,0,
proxy_pool,readonly_steady,100,3,during,2026-05-06T05:58:53.258870+00:00,29,1,28,0,0,
proxy_pool,readonly_steady,100,3,during,2026-05-06T05:58:55.528835+00:00,29,4,25,0,0,
proxy_pool,readonly_steady,100,3,during,2026-05-06T05:58:57.677131+00:00,29,2,27,0,0,
proxy_pool,readonly_steady,100,3,during,2026-05-06T05:58:59.934420+00:00,29,3,26,0,0,
proxy_pool,readonly_steady,100,3,during,2026-05-06T05:59:02.185520+00:00,29,2,27,0,0,
proxy_pool,readonly_steady,100,3,during,2026-05-06T05:59:04.332743+00:00,29,4,25,0,0,
proxy_pool,readonly_steady,100,3,during,2026-05-06T05:59:06.477789+00:00,29,1,28,0,0,
proxy_pool,readonly_steady,100,3,during,2026-05-06T05:59:08.621317+00:00,29,7,22,0,0,
proxy_pool,readonly_steady,100,3,during,2026-05-06T05:59:10.720128+00:00,29,5,24,0,0,
proxy_pool,readonly_steady,100,3,during,2026-05-06T05:59:17.973351+00:00,29,2,27,0,0,
proxy_pool,readonly_steady,100,3,during,2026-05-06T05:59:20.208251+00:00,29,3,26,0,0,
proxy_pool,readonly_steady,100,3,during,2026-05-06T05:59:22.443227+00:00,29,1,28,0,0,
proxy_pool,readonly_steady,100,3,during,2026-05-06T05:59:24.608267+00:00,29,4,25,0,0,
proxy_pool,readonly_steady,100,3,during,2026-05-06T05:59:26.758468+00:00,29,5,24,0,0,
proxy_pool,readonly_steady,100,3,during,2026-05-06T05:59:29.012320+00:00,29,4,25,0,0,
proxy_pool,readonly_steady,100,3,during,2026-05-06T05:59:31.264231+00:00,29,0,29,0,0,
proxy_pool,readonly_steady,100,3,during,2026-05-06T05:59:33.517190+00:00,29,3,26,0,0,
proxy_pool,readonly_steady,100,3,after_15s,2026-05-06T05:59:50.475932+00:00,29,0,29,0,0,
proxy_pool,readonly_steady,100,3,after_30s,2026-05-06T06:00:06.584051+00:00,29,0,29,0,0,
proxy_pool,readonly_steady,100,3,after_45s,2026-05-06T06:00:22.876335+00:00,29,0,29,0,0,
proxy_pool,readonly_steady,100,3,after_60s,2026-05-06T06:00:39.052211+00:00,0,0,0,0,0,
proxy_pool,readonly_steady,100,3,after_90s,2026-05-06T06:01:10.285187+00:00,0,0,0,0,0,
proxy_pool,readonly_steady,250,1,before,2026-05-06T06:01:18.169339+00:00,1,0,1,0,0,
proxy_pool,readonly_steady,250,1,during,2026-05-06T06:01:19.400072+00:00,35,5,30,0,0,
proxy_pool,readonly_steady,250,1,during,2026-05-06T06:01:21.652722+00:00,35,5,30,0,0,
proxy_pool,readonly_steady,250,1,during,2026-05-06T06:01:23.916316+00:00,35,1,34,0,0,
proxy_pool,readonly_steady,250,1,during,2026-05-06T06:01:26.162768+00:00,35,0,35,0,0,
proxy_pool,readonly_steady,250,1,during,2026-05-06T06:01:28.411731+00:00,35,1,34,0,0,
proxy_pool,readonly_steady,250,1,during,2026-05-06T06:01:30.558309+00:00,35,0,35,0,0,
proxy_pool,readonly_steady,250,1,during,2026-05-06T06:01:32.712036+00:00,35,3,32,0,0,
proxy_pool,readonly_steady,250,1,during,2026-05-06T06:01:34.965010+00:00,35,1,34,0,0,
proxy_pool,readonly_steady,250,1,during,2026-05-06T06:01:37.221427+00:00,35,2,33,0,0,
proxy_pool,readonly_steady,250,1,during,2026-05-06T06:01:39.470862+00:00,35,6,29,0,0,
proxy_pool,readonly_steady,250,1,during,2026-05-06T06:01:41.652977+00:00,35,6,29,0,0,
proxy_pool,readonly_steady,250,1,during,2026-05-06T06:01:43.774741+00:00,35,4,31,0,0,
proxy_pool,readonly_steady,250,1,during,2026-05-06T06:01:45.922474+00:00,35,1,34,0,0,
proxy_pool,readonly_steady,250,1,during,2026-05-06T06:01:48.174915+00:00,35,4,31,0,0,
proxy_pool,readonly_steady,250,1,during,2026-05-06T06:01:50.326186+00:00,35,3,32,0,0,
proxy_pool,readonly_steady,250,1,during,2026-05-06T06:01:52.571418+00:00,35,0,35,0,0,
proxy_pool,readonly_steady,250,1,during,2026-05-06T06:01:54.831319+00:00,35,0,35,0,0,
proxy_pool,readonly_steady,250,1,during,2026-05-06T06:01:57.083776+00:00,35,2,33,0,0,
proxy_pool,readonly_steady,250,1,during,2026-05-06T06:01:59.338025+00:00,35,1,34,0,0,
proxy_pool,readonly_steady,250,1,during,2026-05-06T06:02:01.589696+00:00,35,2,33,0,0,
proxy_pool,readonly_steady,250,1,during,2026-05-06T06:02:03.848859+00:00,35,3,32,0,0,
proxy_pool,readonly_steady,250,1,during,2026-05-06T06:02:06.095278+00:00,35,1,34,0,0,
proxy_pool,readonly_steady,250,1,during,2026-05-06T06:02:08.348252+00:00,35,4,31,0,0,
proxy_pool,readonly_steady,250,1,during,2026-05-06T06:02:10.506931+00:00,35,0,35,0,0,
proxy_pool,readonly_steady,250,1,during,2026-05-06T06:02:12.649795+00:00,35,2,33,0,0,
proxy_pool,readonly_steady,250,1,during,2026-05-06T06:02:14.901467+00:00,35,2,33,0,0,
proxy_pool,readonly_steady,250,1,during,2026-05-06T06:02:17.155656+00:00,35,1,34,0,0,
proxy_pool,readonly_steady,250,1,during,2026-05-06T06:02:19.404127+00:00,35,0,35,0,0,
proxy_pool,readonly_steady,250,1,after_15s,2026-05-06T06:02:35.586812+00:00,35,0,35,0,0,
proxy_pool,readonly_steady,250,1,after_30s,2026-05-06T06:02:51.768027+00:00,35,0,35,0,0,
proxy_pool,readonly_steady,250,1,after_45s,2026-05-06T06:03:07.944386+00:00,35,0,35,0,0,
proxy_pool,readonly_steady,250,1,after_60s,2026-05-06T06:03:24.124979+00:00,0,0,0,0,0,
proxy_pool,readonly_steady,250,1,after_90s,2026-05-06T06:03:55.253643+00:00,0,0,0,0,0,
proxy_pool,readonly_steady,250,2,before,2026-05-06T06:04:02.630573+00:00,1,0,1,0,0,
proxy_pool,readonly_steady,250,2,during,2026-05-06T06:04:03.853796+00:00,33,2,31,0,0,
proxy_pool,readonly_steady,250,2,during,2026-05-06T06:04:06.009135+00:00,33,0,33,0,0,
proxy_pool,readonly_steady,250,2,during,2026-05-06T06:04:08.157660+00:00,33,3,30,0,0,
proxy_pool,readonly_steady,250,2,during,2026-05-06T06:04:10.410223+00:00,33,2,31,0,0,
proxy_pool,readonly_steady,250,2,during,2026-05-06T06:04:12.512534+00:00,33,2,31,0,0,
proxy_pool,readonly_steady,250,2,during,2026-05-06T06:04:14.691967+00:00,33,4,29,0,0,
proxy_pool,readonly_steady,250,2,during,2026-05-06T06:04:16.869495+00:00,33,1,32,0,0,
proxy_pool,readonly_steady,250,2,during,2026-05-06T06:04:18.970869+00:00,33,0,33,0,0,
proxy_pool,readonly_steady,250,2,during,2026-05-06T06:04:21.074776+00:00,33,3,30,0,0,
proxy_pool,readonly_steady,250,2,during,2026-05-06T06:04:23.312368+00:00,33,4,29,0,0,
proxy_pool,readonly_steady,250,2,during,2026-05-06T06:04:25.563673+00:00,33,6,27,0,0,
proxy_pool,readonly_steady,250,2,during,2026-05-06T06:04:27.818026+00:00,33,5,28,0,0,
proxy_pool,readonly_steady,250,2,during,2026-05-06T06:04:30.044044+00:00,33,0,33,0,0,
proxy_pool,readonly_steady,250,2,during,2026-05-06T06:04:32.317411+00:00,33,6,27,0,0,
proxy_pool,readonly_steady,250,2,during,2026-05-06T06:04:34.441902+00:00,33,12,21,0,0,
proxy_pool,readonly_steady,250,2,during,2026-05-06T06:04:36.624291+00:00,33,3,30,0,0,
proxy_pool,readonly_steady,250,2,during,2026-05-06T06:04:38.877620+00:00,33,3,30,0,0,
proxy_pool,readonly_steady,250,2,during,2026-05-06T06:04:41.132024+00:00,33,4,29,0,0,
proxy_pool,readonly_steady,250,2,during,2026-05-06T06:04:43.382334+00:00,33,1,32,0,0,
proxy_pool,readonly_steady,250,2,during,2026-05-06T06:04:45.535646+00:00,33,3,30,0,0,
proxy_pool,readonly_steady,250,2,during,2026-05-06T06:04:47.685495+00:00,33,6,27,0,0,
proxy_pool,readonly_steady,250,2,during,2026-05-06T06:04:49.936062+00:00,33,2,31,0,0,
proxy_pool,readonly_steady,250,2,during,2026-05-06T06:04:52.188971+00:00,33,4,29,0,0,
proxy_pool,readonly_steady,250,2,during,2026-05-06T06:04:54.441752+00:00,33,2,31,0,0,
proxy_pool,readonly_steady,250,2,during,2026-05-06T06:04:56.591222+00:00,33,1,32,0,0,
proxy_pool,readonly_steady,250,2,during,2026-05-06T06:04:58.744460+00:00,33,1,32,0,0,
proxy_pool,readonly_steady,250,2,during,2026-05-06T06:05:00.995686+00:00,33,2,31,0,0,
proxy_pool,readonly_steady,250,2,during,2026-05-06T06:05:03.248331+00:00,33,0,33,0,0,
proxy_pool,readonly_steady,250,2,after_15s,2026-05-06T06:05:19.943060+00:00,33,0,33,0,0,
proxy_pool,readonly_steady,250,2,after_30s,2026-05-06T06:05:36.202813+00:00,33,0,33,0,0,
proxy_pool,readonly_steady,250,2,after_45s,2026-05-06T06:05:52.403918+00:00,33,0,33,0,0,
proxy_pool,readonly_steady,250,2,after_60s,2026-05-06T06:06:08.521117+00:00,0,0,0,0,0,
proxy_pool,readonly_steady,250,2,after_90s,2026-05-06T06:06:39.709483+00:00,0,0,0,0,0,
proxy_pool,readonly_steady,250,3,before,2026-05-06T06:06:47.489710+00:00,1,0,1,0,0,
proxy_pool,readonly_steady,250,3,during,2026-05-06T06:06:48.552911+00:00,1,0,1,0,0,
proxy_pool,readonly_steady,250,3,during,2026-05-06T06:06:50.871029+00:00,35,10,25,0,0,
proxy_pool,readonly_steady,250,3,during,2026-05-06T06:06:53.020913+00:00,35,6,29,0,0,
proxy_pool,readonly_steady,250,3,during,2026-05-06T06:06:55.274141+00:00,35,4,31,0,0,
proxy_pool,readonly_steady,250,3,during,2026-05-06T06:06:57.528479+00:00,35,5,30,0,0,
proxy_pool,readonly_steady,250,3,during,2026-05-06T06:06:59.800300+00:00,35,3,32,0,0,
proxy_pool,readonly_steady,250,3,during,2026-05-06T06:07:02.033038+00:00,35,2,33,0,0,
proxy_pool,readonly_steady,250,3,during,2026-05-06T06:07:04.287780+00:00,35,2,33,0,0,
proxy_pool,readonly_steady,250,3,during,2026-05-06T06:07:06.419029+00:00,35,2,33,0,0,
proxy_pool,readonly_steady,250,3,during,2026-05-06T06:07:08.578563+00:00,35,9,26,0,0,
proxy_pool,readonly_steady,250,3,during,2026-05-06T06:07:10.839835+00:00,35,3,32,0,0,
proxy_pool,readonly_steady,250,3,during,2026-05-06T06:07:13.091704+00:00,35,4,31,0,0,
proxy_pool,readonly_steady,250,3,during,2026-05-06T06:07:15.345042+00:00,35,8,27,0,0,
proxy_pool,readonly_steady,250,3,during,2026-05-06T06:07:17.597291+00:00,35,0,35,0,0,
proxy_pool,readonly_steady,250,3,during,2026-05-06T06:07:19.857343+00:00,35,1,34,0,0,
proxy_pool,readonly_steady,250,3,during,2026-05-06T06:07:22.104065+00:00,35,2,33,0,0,
proxy_pool,readonly_steady,250,3,during,2026-05-06T06:07:24.355954+00:00,35,6,29,0,0,
proxy_pool,readonly_steady,250,3,during,2026-05-06T06:07:26.473618+00:00,35,0,35,0,0,
proxy_pool,readonly_steady,250,3,during,2026-05-06T06:07:28.761107+00:00,35,7,28,0,0,
proxy_pool,readonly_steady,250,3,during,2026-05-06T06:07:30.910639+00:00,35,1,34,0,0,
proxy_pool,readonly_steady,250,3,during,2026-05-06T06:07:33.163950+00:00,35,9,26,0,0,
proxy_pool,readonly_steady,250,3,during,2026-05-06T06:07:35.416359+00:00,35,2,33,0,0,
proxy_pool,readonly_steady,250,3,during,2026-05-06T06:07:37.668384+00:00,35,1,34,0,0,
proxy_pool,readonly_steady,250,3,during,2026-05-06T06:07:39.921994+00:00,35,0,35,0,0,
proxy_pool,readonly_steady,250,3,during,2026-05-06T06:07:42.174311+00:00,35,1,34,0,0,
proxy_pool,readonly_steady,250,3,during,2026-05-06T06:07:44.430233+00:00,35,0,35,0,0,
proxy_pool,readonly_steady,250,3,during,2026-05-06T06:07:46.569112+00:00,35,0,35,0,0,
proxy_pool,readonly_steady,250,3,during,2026-05-06T06:07:48.730241+00:00,35,0,35,0,0,
proxy_pool,readonly_steady,250,3,after_15s,2026-05-06T06:08:04.905538+00:00,35,0,35,0,0,
proxy_pool,readonly_steady,250,3,after_30s,2026-05-06T06:08:21.086971+00:00,35,0,35,0,0,
proxy_pool,readonly_steady,250,3,after_45s,2026-05-06T06:08:37.267980+00:00,35,0,35,0,0,
proxy_pool,readonly_steady,250,3,after_60s,2026-05-06T06:08:53.446114+00:00,0,0,0,0,0,
proxy_pool,readonly_steady,250,3,after_90s,2026-05-06T06:09:24.647429+00:00,0,0,0,0,0,
proxy_pool,readonly_connect,1,1,before,2026-05-06T06:09:32.422228+00:00,1,0,1,0,0,
proxy_pool,readonly_connect,1,1,during,2026-05-06T06:09:33.448320+00:00,1,0,1,0,0,
proxy_pool,readonly_connect,1,1,during,2026-05-06T06:09:35.516730+00:00,1,0,1,0,0,
proxy_pool,readonly_connect,1,1,during,2026-05-06T06:09:37.585707+00:00,1,0,1,0,0,
proxy_pool,readonly_connect,1,1,during,2026-05-06T06:09:39.652933+00:00,1,0,1,0,0,
proxy_pool,readonly_connect,1,1,during,2026-05-06T06:09:41.720263+00:00,1,0,1,0,0,
proxy_pool,readonly_connect,1,1,during,2026-05-06T06:09:43.798879+00:00,1,0,1,0,0,
proxy_pool,readonly_connect,1,1,during,2026-05-06T06:09:45.870214+00:00,1,0,1,0,0,
proxy_pool,readonly_connect,1,1,during,2026-05-06T06:09:47.936816+00:00,1,0,1,0,0,
proxy_pool,readonly_connect,1,1,during,2026-05-06T06:09:50.005508+00:00,1,0,1,0,0,
proxy_pool,readonly_connect,1,1,during,2026-05-06T06:09:52.074176+00:00,1,0,1,0,0,
proxy_pool,readonly_connect,1,1,during,2026-05-06T06:09:54.142164+00:00,1,0,1,0,0,
proxy_pool,readonly_connect,1,1,during,2026-05-06T06:09:56.209665+00:00,1,0,1,0,0,
proxy_pool,readonly_connect,1,1,during,2026-05-06T06:09:58.278450+00:00,1,0,1,0,0,
proxy_pool,readonly_connect,1,1,during,2026-05-06T06:10:00.347265+00:00,1,0,1,0,0,
proxy_pool,readonly_connect,1,1,during,2026-05-06T06:10:02.417323+00:00,1,0,1,0,0,
proxy_pool,readonly_connect,1,1,after_15s,2026-05-06T06:10:18.505867+00:00,1,0,1,0,0,
proxy_pool,readonly_connect,1,1,after_30s,2026-05-06T06:10:34.592145+00:00,1,0,1,0,0,
proxy_pool,readonly_connect,1,1,after_45s,2026-05-06T06:10:50.691683+00:00,1,0,1,0,0,
proxy_pool,readonly_connect,1,1,after_60s,2026-05-06T06:11:06.973576+00:00,0,0,0,0,0,
proxy_pool,readonly_connect,1,1,after_90s,2026-05-06T06:11:38.103233+00:00,0,0,0,0,0,
proxy_pool,readonly_connect,1,2,before,2026-05-06T06:11:45.887706+00:00,1,0,1,0,0,
proxy_pool,readonly_connect,1,2,during,2026-05-06T06:11:46.913235+00:00,1,0,1,0,0,
proxy_pool,readonly_connect,1,2,during,2026-05-06T06:11:48.981904+00:00,1,0,1,0,0,
proxy_pool,readonly_connect,1,2,during,2026-05-06T06:11:51.049651+00:00,1,0,1,0,0,
proxy_pool,readonly_connect,1,2,during,2026-05-06T06:11:53.116516+00:00,1,0,1,0,0,
proxy_pool,readonly_connect,1,2,during,2026-05-06T06:11:55.183933+00:00,1,0,1,0,0,
proxy_pool,readonly_connect,1,2,during,2026-05-06T06:11:57.255353+00:00,1,0,1,0,0,
proxy_pool,readonly_connect,1,2,during,2026-05-06T06:11:59.322652+00:00,1,0,1,0,0,
proxy_pool,readonly_connect,1,2,during,2026-05-06T06:12:01.404915+00:00,1,0,1,0,0,
proxy_pool,readonly_connect,1,2,during,2026-05-06T06:12:03.475591+00:00,1,0,1,0,0,
proxy_pool,readonly_connect,1,2,during,2026-05-06T06:12:05.545575+00:00,1,0,1,0,0,
proxy_pool,readonly_connect,1,2,during,2026-05-06T06:12:07.614115+00:00,1,0,1,0,0,
proxy_pool,readonly_connect,1,2,during,2026-05-06T06:12:09.681166+00:00,1,0,1,0,0,
proxy_pool,readonly_connect,1,2,during,2026-05-06T06:12:11.753740+00:00,1,0,1,0,0,
proxy_pool,readonly_connect,1,2,during,2026-05-06T06:12:13.825588+00:00,1,0,1,0,0,
proxy_pool,readonly_connect,1,2,during,2026-05-06T06:12:15.893785+00:00,1,0,1,0,0,
proxy_pool,readonly_connect,1,2,after_15s,2026-05-06T06:12:32.174088+00:00,1,0,1,0,0,
proxy_pool,readonly_connect,1,2,after_30s,2026-05-06T06:12:48.352354+00:00,1,0,1,0,0,
proxy_pool,readonly_connect,1,2,after_45s,2026-05-06T06:13:04.520579+00:00,1,0,1,0,0,
proxy_pool,readonly_connect,1,2,after_60s,2026-05-06T06:13:20.711933+00:00,0,0,0,0,0,
proxy_pool,readonly_connect,1,2,after_90s,2026-05-06T06:13:51.841875+00:00,0,0,0,0,0,
proxy_pool,readonly_connect,1,3,before,2026-05-06T06:13:59.624233+00:00,1,0,1,0,0,
proxy_pool,readonly_connect,1,3,during,2026-05-06T06:14:00.746430+00:00,1,0,1,0,0,
proxy_pool,readonly_connect,1,3,during,2026-05-06T06:14:02.816059+00:00,1,0,1,0,0,
proxy_pool,readonly_connect,1,3,during,2026-05-06T06:14:04.885813+00:00,1,0,1,0,0,
proxy_pool,readonly_connect,1,3,during,2026-05-06T06:14:06.954113+00:00,1,0,1,0,0,
proxy_pool,readonly_connect,1,3,during,2026-05-06T06:14:09.154003+00:00,1,0,1,0,0,
proxy_pool,readonly_connect,1,3,during,2026-05-06T06:14:11.299030+00:00,1,0,1,0,0,
proxy_pool,readonly_connect,1,3,during,2026-05-06T06:14:13.419974+00:00,1,0,1,0,0,
proxy_pool,readonly_connect,1,3,during,2026-05-06T06:14:16.410682+00:00,1,0,1,0,0,
proxy_pool,readonly_connect,1,3,during,2026-05-06T06:14:18.487452+00:00,1,0,1,0,0,
proxy_pool,readonly_connect,1,3,during,2026-05-06T06:14:20.556799+00:00,1,0,1,0,0,
proxy_pool,readonly_connect,1,3,during,2026-05-06T06:14:22.625608+00:00,1,0,1,0,0,
proxy_pool,readonly_connect,1,3,during,2026-05-06T06:14:24.695498+00:00,1,0,1,0,0,
proxy_pool,readonly_connect,1,3,during,2026-05-06T06:14:26.970663+00:00,1,0,1,0,0,
proxy_pool,readonly_connect,1,3,during,2026-05-06T06:14:29.064877+00:00,1,0,1,0,0,
proxy_pool,readonly_connect,1,3,during,2026-05-06T06:14:31.148867+00:00,1,0,1,0,0,
proxy_pool,readonly_connect,1,3,after_15s,2026-05-06T06:14:47.343035+00:00,1,0,1,0,0,
proxy_pool,readonly_connect,1,3,after_30s,2026-05-06T06:15:03.523236+00:00,1,0,1,0,0,
proxy_pool,readonly_connect,1,3,after_45s,2026-05-06T06:15:19.703790+00:00,1,0,1,0,0,
proxy_pool,readonly_connect,1,3,after_60s,2026-05-06T06:15:35.985819+00:00,0,0,0,0,0,
proxy_pool,readonly_connect,1,3,after_90s,2026-05-06T06:16:07.217769+00:00,0,0,0,0,0,
proxy_pool,readonly_connect,10,1,before,2026-05-06T06:16:15.101110+00:00,1,0,1,0,0,
proxy_pool,readonly_connect,10,1,during,2026-05-06T06:16:16.132377+00:00,6,0,6,0,0,
proxy_pool,readonly_connect,10,1,during,2026-05-06T06:16:18.379769+00:00,6,0,6,0,0,
proxy_pool,readonly_connect,10,1,during,2026-05-06T06:16:20.464183+00:00,6,0,6,0,0,
proxy_pool,readonly_connect,10,1,during,2026-05-06T06:16:22.542833+00:00,6,0,6,0,0,
proxy_pool,readonly_connect,10,1,during,2026-05-06T06:16:24.615052+00:00,6,0,6,0,0,
proxy_pool,readonly_connect,10,1,during,2026-05-06T06:16:26.683226+00:00,6,0,6,0,0,
proxy_pool,readonly_connect,10,1,during,2026-05-06T06:16:28.824243+00:00,7,0,7,0,0,
proxy_pool,readonly_connect,10,1,during,2026-05-06T06:16:30.902157+00:00,8,0,8,0,0,
proxy_pool,readonly_connect,10,1,during,2026-05-06T06:16:32.971362+00:00,8,0,8,0,0,
proxy_pool,readonly_connect,10,1,during,2026-05-06T06:16:35.038580+00:00,8,0,8,0,0,
proxy_pool,readonly_connect,10,1,during,2026-05-06T06:16:37.121111+00:00,8,0,8,0,0,
proxy_pool,readonly_connect,10,1,during,2026-05-06T06:16:39.199565+00:00,8,0,8,0,0,
proxy_pool,readonly_connect,10,1,during,2026-05-06T06:16:41.276655+00:00,8,0,8,0,0,
proxy_pool,readonly_connect,10,1,during,2026-05-06T06:16:43.363022+00:00,8,0,8,0,0,
proxy_pool,readonly_connect,10,1,after_15s,2026-05-06T06:17:00.466957+00:00,8,0,8,0,0,
proxy_pool,readonly_connect,10,1,after_30s,2026-05-06T06:17:16.645756+00:00,8,0,8,0,0,
proxy_pool,readonly_connect,10,1,after_45s,2026-05-06T06:17:32.824341+00:00,8,0,8,0,0,
proxy_pool,readonly_connect,10,1,after_60s,2026-05-06T06:17:49.005583+00:00,0,0,0,0,0,
proxy_pool,readonly_connect,10,1,after_90s,2026-05-06T06:18:20.133727+00:00,0,0,0,0,0,
proxy_pool,readonly_connect,10,2,before,2026-05-06T06:18:27.917102+00:00,1,0,1,0,0,
proxy_pool,readonly_connect,10,2,during,2026-05-06T06:18:28.950405+00:00,7,0,7,0,0,
proxy_pool,readonly_connect,10,2,during,2026-05-06T06:18:31.030931+00:00,8,0,8,0,0,
proxy_pool,readonly_connect,10,2,during,2026-05-06T06:18:33.108255+00:00,8,0,8,0,0,
proxy_pool,readonly_connect,10,2,during,2026-05-06T06:18:35.181952+00:00,8,0,8,0,0,
proxy_pool,readonly_connect,10,2,during,2026-05-06T06:18:37.252868+00:00,8,0,8,0,0,
proxy_pool,readonly_connect,10,2,during,2026-05-06T06:18:39.384492+00:00,8,0,8,0,0,
proxy_pool,readonly_connect,10,2,during,2026-05-06T06:18:41.462671+00:00,8,0,8,0,0,
proxy_pool,readonly_connect,10,2,during,2026-05-06T06:18:43.536251+00:00,8,0,8,0,0,
proxy_pool,readonly_connect,10,2,during,2026-05-06T06:18:45.609945+00:00,8,0,8,0,0,
proxy_pool,readonly_connect,10,2,during,2026-05-06T06:18:47.679814+00:00,8,0,8,0,0,
proxy_pool,readonly_connect,10,2,during,2026-05-06T06:18:49.754136+00:00,8,0,8,0,0,
proxy_pool,readonly_connect,10,2,during,2026-05-06T06:18:51.832610+00:00,8,0,8,0,0,
proxy_pool,readonly_connect,10,2,during,2026-05-06T06:18:53.925068+00:00,8,0,8,0,0,
proxy_pool,readonly_connect,10,2,during,2026-05-06T06:18:55.998122+00:00,8,0,8,0,0,
proxy_pool,readonly_connect,10,2,during,2026-05-06T06:18:58.066043+00:00,8,0,8,0,0,
proxy_pool,readonly_connect,10,2,after_15s,2026-05-06T06:19:14.202587+00:00,8,0,8,0,0,
proxy_pool,readonly_connect,10,2,after_30s,2026-05-06T06:19:30.385104+00:00,8,0,8,0,0,
proxy_pool,readonly_connect,10,2,after_45s,2026-05-06T06:19:46.658185+00:00,8,0,8,0,0,
proxy_pool,readonly_connect,10,2,after_60s,2026-05-06T06:20:02.945969+00:00,0,0,0,0,0,
proxy_pool,readonly_connect,10,2,after_90s,2026-05-06T06:20:34.077974+00:00,0,0,0,0,0,
proxy_pool,readonly_connect,10,3,before,2026-05-06T06:20:41.859230+00:00,1,0,1,0,0,
proxy_pool,readonly_connect,10,3,during,2026-05-06T06:20:42.890164+00:00,6,0,6,0,0,
proxy_pool,readonly_connect,10,3,during,2026-05-06T06:20:44.969374+00:00,7,0,7,0,0,
proxy_pool,readonly_connect,10,3,during,2026-05-06T06:20:47.184430+00:00,7,0,7,0,0,
proxy_pool,readonly_connect,10,3,during,2026-05-06T06:20:49.258788+00:00,7,0,7,0,0,
proxy_pool,readonly_connect,10,3,during,2026-05-06T06:20:51.327347+00:00,7,0,7,0,0,
proxy_pool,readonly_connect,10,3,during,2026-05-06T06:20:53.531050+00:00,7,0,7,0,0,
proxy_pool,readonly_connect,10,3,during,2026-05-06T06:20:55.603165+00:00,7,0,7,0,0,
proxy_pool,readonly_connect,10,3,during,2026-05-06T06:20:57.672383+00:00,7,0,7,0,0,
proxy_pool,readonly_connect,10,3,during,2026-05-06T06:20:59.744917+00:00,7,0,7,0,0,
proxy_pool,readonly_connect,10,3,during,2026-05-06T06:21:02.033937+00:00,7,0,7,0,0,
proxy_pool,readonly_connect,10,3,during,2026-05-06T06:21:04.180877+00:00,7,0,7,0,0,
proxy_pool,readonly_connect,10,3,during,2026-05-06T06:21:06.435138+00:00,7,0,7,0,0,
proxy_pool,readonly_connect,10,3,during,2026-05-06T06:21:08.513601+00:00,7,0,7,0,0,
proxy_pool,readonly_connect,10,3,during,2026-05-06T06:21:10.631940+00:00,7,0,7,0,0,
proxy_pool,readonly_connect,10,3,after_15s,2026-05-06T06:21:27.324639+00:00,7,0,7,0,0,
proxy_pool,readonly_connect,10,3,after_30s,2026-05-06T06:21:43.505371+00:00,7,0,7,0,0,
proxy_pool,readonly_connect,10,3,after_45s,2026-05-06T06:21:59.786968+00:00,7,0,7,0,0,
proxy_pool,readonly_connect,10,3,after_60s,2026-05-06T06:22:16.069591+00:00,0,0,0,0,0,
proxy_pool,readonly_connect,10,3,after_90s,2026-05-06T06:22:47.195684+00:00,0,0,0,0,0,
proxy_pool,readonly_connect,25,1,before,2026-05-06T06:22:54.672398+00:00,1,0,1,0,0,
proxy_pool,readonly_connect,25,1,during,2026-05-06T06:22:55.811282+00:00,6,0,6,0,0,
proxy_pool,readonly_connect,25,1,during,2026-05-06T06:22:58.056211+00:00,7,0,7,0,0,
proxy_pool,readonly_connect,25,1,during,2026-05-06T06:23:00.319997+00:00,8,0,8,0,0,
proxy_pool,readonly_connect,25,1,during,2026-05-06T06:23:02.473957+00:00,8,0,8,0,0,
proxy_pool,readonly_connect,25,1,during,2026-05-06T06:23:04.567079+00:00,8,0,8,0,0,
proxy_pool,readonly_connect,25,1,during,2026-05-06T06:23:06.649151+00:00,8,0,8,0,0,
proxy_pool,readonly_connect,25,1,during,2026-05-06T06:23:08.746868+00:00,10,0,10,0,0,
proxy_pool,readonly_connect,25,1,during,2026-05-06T06:23:10.837397+00:00,10,0,10,0,0,
proxy_pool,readonly_connect,25,1,during,2026-05-06T06:23:12.931577+00:00,10,0,10,0,0,
proxy_pool,readonly_connect,25,1,during,2026-05-06T06:23:15.013316+00:00,10,0,10,0,0,
proxy_pool,readonly_connect,25,1,during,2026-05-06T06:23:17.108739+00:00,10,0,10,0,0,
proxy_pool,readonly_connect,25,1,during,2026-05-06T06:23:19.354022+00:00,10,0,10,0,0,
proxy_pool,readonly_connect,25,1,during,2026-05-06T06:23:21.505772+00:00,10,0,10,0,0,
proxy_pool,readonly_connect,25,1,during,2026-05-06T06:23:23.658348+00:00,10,0,10,0,0,
proxy_pool,readonly_connect,25,1,after_15s,2026-05-06T06:23:39.835893+00:00,10,0,10,0,0,
proxy_pool,readonly_connect,25,1,after_30s,2026-05-06T06:23:56.013644+00:00,10,0,10,0,0,
proxy_pool,readonly_connect,25,1,after_45s,2026-05-06T06:24:12.191443+00:00,10,0,10,0,0,
proxy_pool,readonly_connect,25,1,after_60s,2026-05-06T06:24:28.371919+00:00,0,0,0,0,0,
proxy_pool,readonly_connect,25,1,after_90s,2026-05-06T06:24:59.513469+00:00,0,0,0,0,0,
proxy_pool,readonly_connect,25,2,before,2026-05-06T06:25:07.283500+00:00,1,0,1,0,0,
proxy_pool,readonly_connect,25,2,during,2026-05-06T06:25:08.317111+00:00,7,0,7,0,0,
proxy_pool,readonly_connect,25,2,during,2026-05-06T06:25:10.475030+00:00,7,0,7,0,0,
proxy_pool,readonly_connect,25,2,during,2026-05-06T06:25:12.575705+00:00,7,0,7,0,0,
proxy_pool,readonly_connect,25,2,during,2026-05-06T06:25:14.666155+00:00,7,0,7,0,0,
proxy_pool,readonly_connect,25,2,during,2026-05-06T06:25:16.758415+00:00,8,0,8,0,0,
proxy_pool,readonly_connect,25,2,during,2026-05-06T06:25:18.957907+00:00,8,0,8,0,0,
proxy_pool,readonly_connect,25,2,during,2026-05-06T06:25:21.212027+00:00,8,0,8,0,0,
proxy_pool,readonly_connect,25,2,during,2026-05-06T06:25:23.465338+00:00,10,0,10,0,0,
proxy_pool,readonly_connect,25,2,during,2026-05-06T06:25:25.715894+00:00,10,0,10,0,0,
proxy_pool,readonly_connect,25,2,during,2026-05-06T06:25:27.970317+00:00,10,0,10,0,0,
proxy_pool,readonly_connect,25,2,during,2026-05-06T06:25:30.225546+00:00,10,0,10,0,0,
proxy_pool,readonly_connect,25,2,during,2026-05-06T06:25:32.373889+00:00,10,0,10,0,0,
proxy_pool,readonly_connect,25,2,during,2026-05-06T06:25:34.469511+00:00,10,0,10,0,0,
proxy_pool,readonly_connect,25,2,during,2026-05-06T06:25:36.568875+00:00,10,0,10,0,0,
proxy_pool,readonly_connect,25,2,after_15s,2026-05-06T06:25:52.666553+00:00,10,0,10,0,0,
proxy_pool,readonly_connect,25,2,after_30s,2026-05-06T06:26:08.930147+00:00,10,0,10,0,0,
proxy_pool,readonly_connect,25,2,after_45s,2026-05-06T06:26:25.107543+00:00,10,0,10,0,0,
proxy_pool,readonly_connect,25,2,after_60s,2026-05-06T06:26:41.287434+00:00,0,0,0,0,0,
proxy_pool,readonly_connect,25,2,after_90s,2026-05-06T06:27:12.417687+00:00,0,0,0,0,0,
proxy_pool,readonly_connect,25,3,before,2026-05-06T06:27:20.200921+00:00,1,0,1,0,0,
proxy_pool,readonly_connect,25,3,during,2026-05-06T06:27:21.235838+00:00,5,0,5,0,0,
proxy_pool,readonly_connect,25,3,during,2026-05-06T06:27:23.481561+00:00,11,0,11,0,0,
proxy_pool,readonly_connect,25,3,during,2026-05-06T06:27:25.732382+00:00,11,0,11,0,0,
proxy_pool,readonly_connect,25,3,during,2026-05-06T06:27:27.982434+00:00,11,0,11,0,0,
proxy_pool,readonly_connect,25,3,during,2026-05-06T06:27:30.236232+00:00,11,0,11,0,0,
proxy_pool,readonly_connect,25,3,during,2026-05-06T06:27:32.332094+00:00,12,0,12,0,0,
proxy_pool,readonly_connect,25,3,during,2026-05-06T06:27:34.631595+00:00,12,0,12,0,0,
proxy_pool,readonly_connect,25,3,during,2026-05-06T06:27:36.896058+00:00,12,0,12,0,0,
proxy_pool,readonly_connect,25,3,during,2026-05-06T06:27:39.146123+00:00,12,0,12,0,0,
proxy_pool,readonly_connect,25,3,during,2026-05-06T06:27:41.296781+00:00,12,0,12,0,0,
proxy_pool,readonly_connect,25,3,during,2026-05-06T06:27:43.548914+00:00,12,0,12,0,0,
proxy_pool,readonly_connect,25,3,during,2026-05-06T06:27:45.803132+00:00,12,0,12,0,0,
proxy_pool,readonly_connect,25,3,during,2026-05-06T06:27:48.057044+00:00,12,0,12,0,0,
proxy_pool,readonly_connect,25,3,during,2026-05-06T06:27:50.308745+00:00,12,0,12,0,0,
proxy_pool,readonly_connect,25,3,after_15s,2026-05-06T06:28:06.475518+00:00,12,0,12,0,0,
proxy_pool,readonly_connect,25,3,after_30s,2026-05-06T06:28:22.666356+00:00,12,0,12,0,0,
proxy_pool,readonly_connect,25,3,after_45s,2026-05-06T06:28:38.845064+00:00,12,0,12,0,0,
proxy_pool,readonly_connect,25,3,after_60s,2026-05-06T06:28:55.025100+00:00,0,0,0,0,0,
proxy_pool,readonly_connect,25,3,after_90s,2026-05-06T06:29:26.155625+00:00,0,0,0,0,0,
proxy_pool,readonly_connect,50,1,before,2026-05-06T06:29:33.732007+00:00,1,0,1,0,0,
proxy_pool,readonly_connect,50,1,during,2026-05-06T06:29:34.806474+00:00,6,0,6,0,0,
proxy_pool,readonly_connect,50,1,during,2026-05-06T06:29:36.974069+00:00,6,0,6,0,0,
proxy_pool,readonly_connect,50,1,during,2026-05-06T06:29:39.167887+00:00,8,0,8,0,0,
proxy_pool,readonly_connect,50,1,during,2026-05-06T06:29:41.331891+00:00,10,0,10,0,0,
proxy_pool,readonly_connect,50,1,during,2026-05-06T06:29:43.474472+00:00,10,0,10,0,0,
proxy_pool,readonly_connect,50,1,during,2026-05-06T06:29:45.747747+00:00,10,0,10,0,0,
proxy_pool,readonly_connect,50,1,during,2026-05-06T06:29:48.075524+00:00,10,0,10,0,0,
proxy_pool,readonly_connect,50,1,during,2026-05-06T06:29:50.342477+00:00,10,0,10,0,0,
proxy_pool,readonly_connect,50,1,during,2026-05-06T06:29:52.476746+00:00,10,0,10,0,0,
proxy_pool,readonly_connect,50,1,during,2026-05-06T06:29:54.645591+00:00,10,0,10,0,0,
proxy_pool,readonly_connect,50,1,during,2026-05-06T06:29:56.788755+00:00,10,0,10,0,0,
proxy_pool,readonly_connect,50,1,during,2026-05-06T06:29:58.949531+00:00,10,0,10,0,0,
proxy_pool,readonly_connect,50,1,during,2026-05-06T06:30:01.186398+00:00,11,0,11,0,0,
proxy_pool,readonly_connect,50,1,during,2026-05-06T06:30:03.371382+00:00,11,0,11,0,0,
proxy_pool,readonly_connect,50,1,after_15s,2026-05-06T06:30:19.608288+00:00,11,0,11,0,0,
proxy_pool,readonly_connect,50,1,after_30s,2026-05-06T06:30:35.694963+00:00,11,0,11,0,0,
proxy_pool,readonly_connect,50,1,after_45s,2026-05-06T06:30:51.779841+00:00,11,0,11,0,0,
proxy_pool,readonly_connect,50,1,after_60s,2026-05-06T06:31:07.939388+00:00,0,0,0,0,0,
proxy_pool,readonly_connect,50,1,after_90s,2026-05-06T06:31:39.075823+00:00,0,0,0,0,0,
proxy_pool,readonly_connect,50,2,before,2026-05-06T06:31:46.956324+00:00,1,0,1,0,0,
proxy_pool,readonly_connect,50,2,during,2026-05-06T06:31:48.014754+00:00,6,0,6,0,0,
proxy_pool,readonly_connect,50,2,during,2026-05-06T06:31:50.347729+00:00,6,0,6,0,0,
proxy_pool,readonly_connect,50,2,during,2026-05-06T06:31:52.598755+00:00,8,0,8,0,0,
proxy_pool,readonly_connect,50,2,during,2026-05-06T06:31:54.754713+00:00,8,0,8,0,0,
proxy_pool,readonly_connect,50,2,during,2026-05-06T06:31:56.920125+00:00,8,0,8,0,0,
proxy_pool,readonly_connect,50,2,during,2026-05-06T06:31:59.131545+00:00,9,0,9,0,0,
proxy_pool,readonly_connect,50,2,during,2026-05-06T06:32:01.299724+00:00,9,0,9,0,0,
proxy_pool,readonly_connect,50,2,during,2026-05-06T06:32:03.473175+00:00,9,0,9,0,0,
proxy_pool,readonly_connect,50,2,during,2026-05-06T06:32:05.705487+00:00,9,0,9,0,0,
proxy_pool,readonly_connect,50,2,during,2026-05-06T06:32:07.962867+00:00,9,0,9,0,0,
proxy_pool,readonly_connect,50,2,during,2026-05-06T06:32:10.155974+00:00,9,0,9,0,0,
proxy_pool,readonly_connect,50,2,during,2026-05-06T06:32:12.277938+00:00,9,0,9,0,0,
proxy_pool,readonly_connect,50,2,during,2026-05-06T06:32:14.484029+00:00,9,1,8,0,0,
proxy_pool,readonly_connect,50,2,during,2026-05-06T06:32:16.755701+00:00,9,0,9,0,0,
proxy_pool,readonly_connect,50,2,during,2026-05-06T06:32:19.008959+00:00,9,0,9,0,0,
proxy_pool,readonly_connect,50,2,during,2026-05-06T06:32:21.259436+00:00,9,0,9,0,0,
proxy_pool,readonly_connect,50,2,after_15s,2026-05-06T06:32:37.543715+00:00,9,0,9,0,0,
proxy_pool,readonly_connect,50,2,after_30s,2026-05-06T06:32:53.823443+00:00,9,0,9,0,0,
proxy_pool,readonly_connect,50,2,after_45s,2026-05-06T06:33:10.005205+00:00,9,0,9,0,0,
proxy_pool,readonly_connect,50,2,after_60s,2026-05-06T06:33:26.181492+00:00,0,0,0,0,0,
proxy_pool,readonly_connect,50,2,after_90s,2026-05-06T06:33:57.312072+00:00,0,0,0,0,0,
proxy_pool,readonly_connect,50,3,before,2026-05-06T06:34:04.890665+00:00,1,0,1,0,0,
proxy_pool,readonly_connect,50,3,during,2026-05-06T06:34:05.974426+00:00,7,0,7,0,0,
proxy_pool,readonly_connect,50,3,during,2026-05-06T06:34:08.142326+00:00,7,0,7,0,0,
proxy_pool,readonly_connect,50,3,during,2026-05-06T06:34:10.335354+00:00,7,0,7,0,0,
proxy_pool,readonly_connect,50,3,during,2026-05-06T06:34:12.547143+00:00,8,0,8,0,0,
proxy_pool,readonly_connect,50,3,during,2026-05-06T06:34:14.719776+00:00,8,0,8,0,0,
proxy_pool,readonly_connect,50,3,during,2026-05-06T06:34:16.973894+00:00,8,0,8,0,0,
proxy_pool,readonly_connect,50,3,during,2026-05-06T06:34:19.226519+00:00,8,0,8,0,0,
proxy_pool,readonly_connect,50,3,during,2026-05-06T06:34:21.495507+00:00,8,0,8,0,0,
proxy_pool,readonly_connect,50,3,during,2026-05-06T06:34:23.679798+00:00,8,0,8,0,0,
proxy_pool,readonly_connect,50,3,during,2026-05-06T06:34:25.804746+00:00,8,0,8,0,0,
proxy_pool,readonly_connect,50,3,during,2026-05-06T06:34:28.048493+00:00,8,0,8,0,0,
proxy_pool,readonly_connect,50,3,during,2026-05-06T06:34:30.307557+00:00,8,0,8,0,0,
proxy_pool,readonly_connect,50,3,during,2026-05-06T06:34:32.491902+00:00,8,0,8,0,0,
proxy_pool,readonly_connect,50,3,during,2026-05-06T06:34:34.700270+00:00,8,0,8,0,0,
proxy_pool,readonly_connect,50,3,after_15s,2026-05-06T06:34:50.967436+00:00,8,0,8,0,0,
proxy_pool,readonly_connect,50,3,after_30s,2026-05-06T06:35:07.152830+00:00,8,0,8,0,0,
proxy_pool,readonly_connect,50,3,after_45s,2026-05-06T06:35:23.329518+00:00,8,0,8,0,0,
proxy_pool,readonly_connect,50,3,after_60s,2026-05-06T06:35:39.507967+00:00,0,0,0,0,0,
proxy_pool,readonly_connect,50,3,after_90s,2026-05-06T06:36:10.741012+00:00,0,0,0,0,0,
proxy_pool,readonly_connect,100,1,before,2026-05-06T06:36:18.504762+00:00,1,0,1,0,0,
proxy_pool,readonly_connect,100,1,during,2026-05-06T06:36:19.634161+00:00,8,0,8,0,0,
proxy_pool,readonly_connect,100,1,during,2026-05-06T06:36:21.821146+00:00,8,0,8,0,0,
proxy_pool,readonly_connect,100,1,during,2026-05-06T06:36:24.032542+00:00,8,0,8,0,0,
proxy_pool,readonly_connect,100,1,during,2026-05-06T06:36:26.223947+00:00,8,0,8,0,0,
proxy_pool,readonly_connect,100,1,during,2026-05-06T06:36:28.442094+00:00,8,0,8,0,0,
proxy_pool,readonly_connect,100,1,during,2026-05-06T06:36:30.596222+00:00,8,0,8,0,0,
proxy_pool,readonly_connect,100,1,during,2026-05-06T06:36:33.004334+00:00,8,0,8,0,0,
proxy_pool,readonly_connect,100,1,during,2026-05-06T06:36:35.322482+00:00,9,0,9,0,0,
proxy_pool,readonly_connect,100,1,during,2026-05-06T06:36:37.468932+00:00,9,0,9,0,0,
proxy_pool,readonly_connect,100,1,during,2026-05-06T06:36:39.750541+00:00,9,0,9,0,0,
proxy_pool,readonly_connect,100,1,during,2026-05-06T06:36:41.965878+00:00,9,0,9,0,0,
proxy_pool,readonly_connect,100,1,during,2026-05-06T06:36:44.159899+00:00,9,0,9,0,0,
proxy_pool,readonly_connect,100,1,during,2026-05-06T06:36:46.297801+00:00,9,0,9,0,0,
proxy_pool,readonly_connect,100,1,during,2026-05-06T06:36:48.496532+00:00,9,0,9,0,0,
proxy_pool,readonly_connect,100,1,after_15s,2026-05-06T06:37:04.621534+00:00,9,0,9,0,0,
proxy_pool,readonly_connect,100,1,after_30s,2026-05-06T06:37:20.885114+00:00,9,0,9,0,0,
proxy_pool,readonly_connect,100,1,after_45s,2026-05-06T06:37:37.064955+00:00,9,0,9,0,0,
proxy_pool,readonly_connect,100,1,after_60s,2026-05-06T06:37:53.244126+00:00,0,0,0,0,0,
proxy_pool,readonly_connect,100,1,after_90s,2026-05-06T06:38:24.385089+00:00,0,0,0,0,0,
proxy_pool,readonly_connect,100,2,before,2026-05-06T06:38:32.157013+00:00,1,0,1,0,0,
proxy_pool,readonly_connect,100,2,during,2026-05-06T06:38:33.246829+00:00,6,0,6,0,0,
proxy_pool,readonly_connect,100,2,during,2026-05-06T06:38:35.457343+00:00,6,0,6,0,0,
proxy_pool,readonly_connect,100,2,during,2026-05-06T06:38:37.664366+00:00,6,0,6,0,0,
proxy_pool,readonly_connect,100,2,during,2026-05-06T06:38:39.828733+00:00,7,0,7,0,0,
proxy_pool,readonly_connect,100,2,during,2026-05-06T06:38:42.023322+00:00,10,0,10,0,0,
proxy_pool,readonly_connect,100,2,during,2026-05-06T06:38:44.205747+00:00,10,0,10,0,0,
proxy_pool,readonly_connect,100,2,during,2026-05-06T06:38:46.334737+00:00,10,0,10,0,0,
proxy_pool,readonly_connect,100,2,during,2026-05-06T06:38:48.539595+00:00,10,0,10,0,0,
proxy_pool,readonly_connect,100,2,during,2026-05-06T06:38:50.811983+00:00,10,0,10,0,0,
proxy_pool,readonly_connect,100,2,during,2026-05-06T06:38:53.073539+00:00,10,0,10,0,0,
proxy_pool,readonly_connect,100,2,during,2026-05-06T06:38:55.245728+00:00,11,0,11,0,0,
proxy_pool,readonly_connect,100,2,during,2026-05-06T06:38:57.431722+00:00,11,0,11,0,0,
proxy_pool,readonly_connect,100,2,during,2026-05-06T06:38:59.662747+00:00,11,0,11,0,0,
proxy_pool,readonly_connect,100,2,during,2026-05-06T06:39:01.875354+00:00,11,0,11,0,0,
proxy_pool,readonly_connect,100,2,after_15s,2026-05-06T06:39:18.032529+00:00,11,0,11,0,0,
proxy_pool,readonly_connect,100,2,after_30s,2026-05-06T06:39:34.210617+00:00,11,0,11,0,0,
proxy_pool,readonly_connect,100,2,after_45s,2026-05-06T06:39:50.400622+00:00,11,0,11,0,0,
proxy_pool,readonly_connect,100,2,after_60s,2026-05-06T06:40:06.560818+00:00,0,0,0,0,0,
proxy_pool,readonly_connect,100,2,after_90s,2026-05-06T06:40:37.700868+00:00,0,0,0,0,0,
proxy_pool,readonly_connect,100,3,before,2026-05-06T06:40:45.280808+00:00,1,0,1,0,0,
proxy_pool,readonly_connect,100,3,during,2026-05-06T06:40:46.410793+00:00,6,0,6,0,0,
proxy_pool,readonly_connect,100,3,during,2026-05-06T06:40:48.608865+00:00,7,0,7,0,0,
proxy_pool,readonly_connect,100,3,during,2026-05-06T06:40:50.824231+00:00,8,1,7,0,0,
proxy_pool,readonly_connect,100,3,during,2026-05-06T06:40:53.036574+00:00,8,0,8,0,0,
proxy_pool,readonly_connect,100,3,during,2026-05-06T06:40:55.216059+00:00,8,0,8,0,0,
proxy_pool,readonly_connect,100,3,during,2026-05-06T06:40:57.390876+00:00,8,0,8,0,0,
proxy_pool,readonly_connect,100,3,during,2026-05-06T06:40:59.567274+00:00,8,0,8,0,0,
proxy_pool,readonly_connect,100,3,during,2026-05-06T06:41:01.971072+00:00,8,0,8,0,0,
proxy_pool,readonly_connect,100,3,during,2026-05-06T06:41:04.118288+00:00,8,0,8,0,0,
proxy_pool,readonly_connect,100,3,during,2026-05-06T06:41:06.295539+00:00,8,0,8,0,0,
proxy_pool,readonly_connect,100,3,during,2026-05-06T06:41:08.479453+00:00,8,0,8,0,0,
proxy_pool,readonly_connect,100,3,during,2026-05-06T06:41:10.667743+00:00,8,0,8,0,0,
proxy_pool,readonly_connect,100,3,during,2026-05-06T06:41:12.874428+00:00,8,0,8,0,0,
proxy_pool,readonly_connect,100,3,during,2026-05-06T06:41:15.075369+00:00,8,0,8,0,0,
proxy_pool,readonly_connect,100,3,during,2026-05-06T06:41:17.209275+00:00,8,0,8,0,0,
proxy_pool,readonly_connect,100,3,during,2026-05-06T06:41:19.480909+00:00,8,0,8,0,0,
proxy_pool,readonly_connect,100,3,after_15s,2026-05-06T06:41:35.659510+00:00,8,0,8,0,0,
proxy_pool,readonly_connect,100,3,after_30s,2026-05-06T06:41:51.939355+00:00,8,0,8,0,0,
proxy_pool,readonly_connect,100,3,after_45s,2026-05-06T06:42:08.222161+00:00,8,0,8,0,0,
proxy_pool,readonly_connect,100,3,after_60s,2026-05-06T06:42:24.405471+00:00,0,0,0,0,0,
proxy_pool,readonly_connect,100,3,after_90s,2026-05-06T06:42:55.531823+00:00,0,0,0,0,0,
proxy_pool,tpcb_steady,10,1,before,2026-05-06T06:43:03.313872+00:00,1,0,1,0,0,
proxy_pool,tpcb_steady,10,1,during,2026-05-06T06:43:04.520035+00:00,7,3,0,4,0,
proxy_pool,tpcb_steady,10,1,during,2026-05-06T06:43:06.792173+00:00,8,0,3,5,0,
proxy_pool,tpcb_steady,10,1,during,2026-05-06T06:43:09.044987+00:00,8,4,1,3,0,
proxy_pool,tpcb_steady,10,1,during,2026-05-06T06:43:11.300064+00:00,8,4,1,3,0,
proxy_pool,tpcb_steady,10,1,during,2026-05-06T06:43:13.550748+00:00,8,4,0,4,0,
proxy_pool,tpcb_steady,10,1,during,2026-05-06T06:43:15.803911+00:00,8,6,0,2,0,
proxy_pool,tpcb_steady,10,1,during,2026-05-06T06:43:18.055742+00:00,8,4,1,3,0,
proxy_pool,tpcb_steady,10,1,during,2026-05-06T06:43:20.312146+00:00,8,1,3,4,0,
proxy_pool,tpcb_steady,10,1,during,2026-05-06T06:43:22.502301+00:00,8,4,2,2,0,
proxy_pool,tpcb_steady,10,1,during,2026-05-06T06:43:24.611767+00:00,8,3,1,4,0,
proxy_pool,tpcb_steady,10,1,during,2026-05-06T06:43:26.864305+00:00,8,6,0,2,0,
proxy_pool,tpcb_steady,10,1,during,2026-05-06T06:43:29.115570+00:00,8,3,2,3,0,
proxy_pool,tpcb_steady,10,1,during,2026-05-06T06:43:31.368415+00:00,8,2,0,6,0,
proxy_pool,tpcb_steady,10,1,during,2026-05-06T06:43:33.624112+00:00,8,5,1,2,0,
proxy_pool,tpcb_steady,10,1,during,2026-05-06T06:43:35.873635+00:00,8,0,2,6,0,
proxy_pool,tpcb_steady,10,1,during,2026-05-06T06:43:38.128282+00:00,8,5,0,3,0,
proxy_pool,tpcb_steady,10,1,during,2026-05-06T06:43:40.379377+00:00,8,5,0,3,0,
proxy_pool,tpcb_steady,10,1,during,2026-05-06T06:43:42.471265+00:00,8,1,4,3,0,
proxy_pool,tpcb_steady,10,1,during,2026-05-06T06:43:44.580588+00:00,8,3,0,5,0,
proxy_pool,tpcb_steady,10,1,during,2026-05-06T06:43:46.732529+00:00,8,0,2,6,0,
proxy_pool,tpcb_steady,10,1,during,2026-05-06T06:43:48.981324+00:00,8,2,3,3,0,
proxy_pool,tpcb_steady,10,1,during,2026-05-06T06:43:51.234331+00:00,8,3,1,4,0,
proxy_pool,tpcb_steady,10,1,during,2026-05-06T06:43:53.489216+00:00,8,2,1,5,0,
proxy_pool,tpcb_steady,10,1,during,2026-05-06T06:43:55.740033+00:00,8,2,2,4,0,
proxy_pool,tpcb_steady,10,1,during,2026-05-06T06:43:57.991568+00:00,8,4,2,2,0,
proxy_pool,tpcb_steady,10,1,during,2026-05-06T06:44:00.244934+00:00,8,7,0,1,0,
proxy_pool,tpcb_steady,10,1,during,2026-05-06T06:44:02.500869+00:00,8,3,1,4,0,
proxy_pool,tpcb_steady,10,1,after_15s,2026-05-06T06:44:18.682493+00:00,8,0,8,0,0,
proxy_pool,tpcb_steady,10,1,after_30s,2026-05-06T06:44:34.864272+00:00,8,0,8,0,0,
proxy_pool,tpcb_steady,10,1,after_45s,2026-05-06T06:44:51.039671+00:00,8,0,8,0,0,
proxy_pool,tpcb_steady,10,1,after_60s,2026-05-06T06:45:07.221950+00:00,0,0,0,0,0,
proxy_pool,tpcb_steady,10,1,after_90s,2026-05-06T06:45:38.350766+00:00,0,0,0,0,0,
proxy_pool,tpcb_steady,10,2,before,2026-05-06T06:45:46.131029+00:00,1,0,1,0,0,
proxy_pool,tpcb_steady,10,2,during,2026-05-06T06:45:47.357104+00:00,10,3,1,6,0,
proxy_pool,tpcb_steady,10,2,during,2026-05-06T06:45:49.612891+00:00,10,5,2,3,0,
proxy_pool,tpcb_steady,10,2,during,2026-05-06T06:45:51.862407+00:00,10,5,1,4,0,
proxy_pool,tpcb_steady,10,2,during,2026-05-06T06:45:54.116668+00:00,10,4,3,3,0,
proxy_pool,tpcb_steady,10,2,during,2026-05-06T06:45:56.368725+00:00,10,2,3,5,0,
proxy_pool,tpcb_steady,10,2,during,2026-05-06T06:45:58.472192+00:00,10,5,0,5,0,
proxy_pool,tpcb_steady,10,2,during,2026-05-06T06:46:00.553743+00:00,10,5,2,3,0,
proxy_pool,tpcb_steady,10,2,during,2026-05-06T06:46:02.717204+00:00,10,7,1,2,0,
proxy_pool,tpcb_steady,10,2,during,2026-05-06T06:46:04.970461+00:00,10,2,1,7,0,
proxy_pool,tpcb_steady,10,2,during,2026-05-06T06:46:07.222409+00:00,10,4,2,4,0,
proxy_pool,tpcb_steady,10,2,during,2026-05-06T06:46:09.476819+00:00,10,6,0,4,0,
proxy_pool,tpcb_steady,10,2,during,2026-05-06T06:46:11.728384+00:00,10,4,1,5,0,
proxy_pool,tpcb_steady,10,2,during,2026-05-06T06:46:13.981576+00:00,10,3,2,5,0,
proxy_pool,tpcb_steady,10,2,during,2026-05-06T06:46:16.132054+00:00,10,6,0,4,0,
proxy_pool,tpcb_steady,10,2,during,2026-05-06T06:46:18.283246+00:00,10,3,2,5,0,
proxy_pool,tpcb_steady,10,2,during,2026-05-06T06:46:20.486506+00:00,10,7,1,2,0,
proxy_pool,tpcb_steady,10,2,during,2026-05-06T06:46:22.563935+00:00,10,5,1,4,0,
proxy_pool,tpcb_steady,10,2,during,2026-05-06T06:46:24.735920+00:00,10,10,0,0,0,
proxy_pool,tpcb_steady,10,2,during,2026-05-06T06:46:26.882841+00:00,10,0,4,6,0,
proxy_pool,tpcb_steady,10,2,during,2026-05-06T06:46:29.137366+00:00,10,7,0,3,0,
proxy_pool,tpcb_steady,10,2,during,2026-05-06T06:46:31.392475+00:00,10,2,1,7,0,
proxy_pool,tpcb_steady,10,2,during,2026-05-06T06:46:33.642555+00:00,11,5,0,6,0,
proxy_pool,tpcb_steady,10,2,during,2026-05-06T06:46:35.894579+00:00,10,2,2,6,0,
proxy_pool,tpcb_steady,10,2,during,2026-05-06T06:46:38.147251+00:00,10,1,2,7,0,
proxy_pool,tpcb_steady,10,2,during,2026-05-06T06:46:40.400595+00:00,10,5,2,3,0,
proxy_pool,tpcb_steady,10,2,during,2026-05-06T06:46:42.501774+00:00,10,2,1,7,0,
proxy_pool,tpcb_steady,10,2,during,2026-05-06T06:46:44.580800+00:00,10,6,0,4,0,
proxy_pool,tpcb_steady,10,2,after_15s,2026-05-06T06:47:01.500924+00:00,10,0,10,0,0,
proxy_pool,tpcb_steady,10,2,after_30s,2026-05-06T06:47:17.678449+00:00,10,0,10,0,0,
proxy_pool,tpcb_steady,10,2,after_45s,2026-05-06T06:47:33.959448+00:00,10,0,10,0,0,
proxy_pool,tpcb_steady,10,2,after_60s,2026-05-06T06:47:50.139609+00:00,0,0,0,0,0,
proxy_pool,tpcb_steady,10,2,after_90s,2026-05-06T06:48:21.373258+00:00,0,0,0,0,0,
proxy_pool,tpcb_steady,10,3,before,2026-05-06T06:48:37.544934+00:00,1,0,1,0,0,
proxy_pool,tpcb_steady,10,3,during,2026-05-06T06:48:38.777028+00:00,10,7,1,2,0,
proxy_pool,tpcb_steady,10,3,during,2026-05-06T06:48:41.031442+00:00,10,2,1,7,0,
proxy_pool,tpcb_steady,10,3,during,2026-05-06T06:48:43.283264+00:00,10,5,0,5,0,
proxy_pool,tpcb_steady,10,3,during,2026-05-06T06:48:45.535387+00:00,10,7,0,3,0,
proxy_pool,tpcb_steady,10,3,during,2026-05-06T06:48:47.788567+00:00,10,3,1,6,0,
proxy_pool,tpcb_steady,10,3,during,2026-05-06T06:48:50.041214+00:00,10,7,1,2,0,
proxy_pool,tpcb_steady,10,3,during,2026-05-06T06:48:52.293219+00:00,10,7,1,2,0,
proxy_pool,tpcb_steady,10,3,during,2026-05-06T06:48:54.538718+00:00,10,2,3,5,0,
proxy_pool,tpcb_steady,10,3,during,2026-05-06T06:48:56.799359+00:00,10,1,3,6,0,
proxy_pool,tpcb_steady,10,3,during,2026-05-06T06:48:59.055063+00:00,10,4,2,4,0,
proxy_pool,tpcb_steady,10,3,during,2026-05-06T06:49:01.304700+00:00,10,2,3,5,0,
proxy_pool,tpcb_steady,10,3,during,2026-05-06T06:49:03.454821+00:00,10,4,1,5,0,
proxy_pool,tpcb_steady,10,3,during,2026-05-06T06:49:05.604935+00:00,10,1,3,6,0,
proxy_pool,tpcb_steady,10,3,during,2026-05-06T06:49:07.760652+00:00,10,2,2,6,0,
proxy_pool,tpcb_steady,10,3,during,2026-05-06T06:49:09.907565+00:00,10,5,1,4,0,
proxy_pool,tpcb_steady,10,3,during,2026-05-06T06:49:12.060040+00:00,10,3,3,4,0,
proxy_pool,tpcb_steady,10,3,during,2026-05-06T06:49:14.206488+00:00,10,4,1,5,0,
proxy_pool,tpcb_steady,10,3,during,2026-05-06T06:49:16.460017+00:00,10,3,3,4,0,
proxy_pool,tpcb_steady,10,3,during,2026-05-06T06:49:18.610894+00:00,10,2,3,5,0,
proxy_pool,tpcb_steady,10,3,during,2026-05-06T06:49:20.758122+00:00,10,6,1,3,0,
proxy_pool,tpcb_steady,10,3,during,2026-05-06T06:49:23.017969+00:00,10,6,0,4,0,
proxy_pool,tpcb_steady,10,3,during,2026-05-06T06:49:25.276443+00:00,10,4,0,6,0,
proxy_pool,tpcb_steady,10,3,during,2026-05-06T06:49:27.519397+00:00,10,4,2,4,0,
proxy_pool,tpcb_steady,10,3,during,2026-05-06T06:49:30.183006+00:00,10,5,0,5,0,
proxy_pool,tpcb_steady,10,3,during,2026-05-06T06:49:32.435913+00:00,11,6,1,4,0,
proxy_pool,tpcb_steady,10,3,during,2026-05-06T06:49:34.588560+00:00,11,3,2,6,0,
proxy_pool,tpcb_steady,10,3,during,2026-05-06T06:49:36.735477+00:00,11,2,2,7,0,
proxy_pool,tpcb_steady,10,3,after_15s,2026-05-06T06:49:52.918807+00:00,10,0,10,0,0,
proxy_pool,tpcb_steady,10,3,after_30s,2026-05-06T06:50:09.097118+00:00,10,0,10,0,0,
proxy_pool,tpcb_steady,10,3,after_45s,2026-05-06T06:50:25.280473+00:00,10,0,10,0,0,
proxy_pool,tpcb_steady,10,3,after_60s,2026-05-06T06:50:41.459090+00:00,0,0,0,0,0,
proxy_pool,tpcb_steady,10,3,after_90s,2026-05-06T06:51:12.580481+00:00,0,0,0,0,0,
proxy_pool,tpcb_steady,50,1,before,2026-05-06T06:51:20.163868+00:00,1,0,1,0,0,
proxy_pool,tpcb_steady,50,1,during,2026-05-06T06:51:21.389901+00:00,27,18,1,8,0,
proxy_pool,tpcb_steady,50,1,during,2026-05-06T06:51:23.642334+00:00,27,15,3,9,0,
proxy_pool,tpcb_steady,50,1,during,2026-05-06T06:51:25.896258+00:00,27,14,1,12,0,
proxy_pool,tpcb_steady,50,1,during,2026-05-06T06:51:28.149653+00:00,27,15,3,9,0,
proxy_pool,tpcb_steady,50,1,during,2026-05-06T06:51:30.400087+00:00,27,15,1,11,0,
proxy_pool,tpcb_steady,50,1,during,2026-05-06T06:51:32.488492+00:00,28,15,3,10,0,
proxy_pool,tpcb_steady,50,1,during,2026-05-06T06:51:34.601140+00:00,27,19,1,7,0,
proxy_pool,tpcb_steady,50,1,during,2026-05-06T06:51:36.751479+00:00,27,14,3,10,0,
proxy_pool,tpcb_steady,50,1,during,2026-05-06T06:51:39.003166+00:00,27,23,1,3,0,
proxy_pool,tpcb_steady,50,1,during,2026-05-06T06:51:41.256550+00:00,27,18,2,7,0,
proxy_pool,tpcb_steady,50,1,during,2026-05-06T06:51:43.509132+00:00,27,16,1,10,0,
proxy_pool,tpcb_steady,50,1,during,2026-05-06T06:51:45.770308+00:00,27,18,1,8,0,
proxy_pool,tpcb_steady,50,1,during,2026-05-06T06:51:48.014821+00:00,27,8,4,15,0,
proxy_pool,tpcb_steady,50,1,during,2026-05-06T06:51:50.267090+00:00,27,18,0,9,0,
proxy_pool,tpcb_steady,50,1,during,2026-05-06T06:51:52.456652+00:00,27,12,1,14,0,
proxy_pool,tpcb_steady,50,1,during,2026-05-06T06:51:54.673827+00:00,27,15,1,11,0,
proxy_pool,tpcb_steady,50,1,during,2026-05-06T06:51:56.925547+00:00,27,9,4,14,0,
proxy_pool,tpcb_steady,50,1,during,2026-05-06T06:51:59.073530+00:00,27,15,4,8,0,
proxy_pool,tpcb_steady,50,1,during,2026-05-06T06:52:01.326950+00:00,27,12,3,12,0,
proxy_pool,tpcb_steady,50,1,during,2026-05-06T06:52:03.581551+00:00,27,13,3,11,0,
proxy_pool,tpcb_steady,50,1,during,2026-05-06T06:52:05.733484+00:00,27,16,5,6,0,
proxy_pool,tpcb_steady,50,1,during,2026-05-06T06:52:07.881478+00:00,27,16,0,11,0,
proxy_pool,tpcb_steady,50,1,during,2026-05-06T06:52:10.132798+00:00,27,19,1,7,0,
proxy_pool,tpcb_steady,50,1,during,2026-05-06T06:52:12.389088+00:00,27,6,4,17,0,
proxy_pool,tpcb_steady,50,1,during,2026-05-06T06:52:14.631128+00:00,27,14,2,11,0,
proxy_pool,tpcb_steady,50,1,during,2026-05-06T06:52:16.892067+00:00,27,16,2,9,0,
proxy_pool,tpcb_steady,50,1,during,2026-05-06T06:52:19.145221+00:00,27,18,3,6,0,
proxy_pool,tpcb_steady,50,1,after_15s,2026-05-06T06:52:35.735548+00:00,27,0,27,0,0,
proxy_pool,tpcb_steady,50,1,after_30s,2026-05-06T06:52:51.918111+00:00,27,0,27,0,0,
proxy_pool,tpcb_steady,50,1,after_45s,2026-05-06T06:53:08.095888+00:00,27,0,27,0,0,
proxy_pool,tpcb_steady,50,1,after_60s,2026-05-06T06:53:24.274177+00:00,0,0,0,0,0,
proxy_pool,tpcb_steady,50,1,after_90s,2026-05-06T06:53:55.404210+00:00,0,0,0,0,0,
proxy_pool,tpcb_steady,50,2,before,2026-05-06T06:54:02.775659+00:00,1,0,1,0,0,
proxy_pool,tpcb_steady,50,2,during,2026-05-06T06:54:04.002799+00:00,41,33,1,7,0,
proxy_pool,tpcb_steady,50,2,during,2026-05-06T06:54:06.256613+00:00,41,25,2,14,0,
proxy_pool,tpcb_steady,50,2,during,2026-05-06T06:54:08.508590+00:00,41,30,2,9,0,
proxy_pool,tpcb_steady,50,2,during,2026-05-06T06:54:10.762507+00:00,41,26,3,12,0,
proxy_pool,tpcb_steady,50,2,during,2026-05-06T06:54:13.015480+00:00,41,31,3,7,0,
proxy_pool,tpcb_steady,50,2,during,2026-05-06T06:54:15.268972+00:00,41,22,7,12,0,
proxy_pool,tpcb_steady,50,2,during,2026-05-06T06:54:17.521483+00:00,41,28,3,10,0,
proxy_pool,tpcb_steady,50,2,during,2026-05-06T06:54:19.773966+00:00,41,31,3,7,0,
proxy_pool,tpcb_steady,50,2,during,2026-05-06T06:54:22.026708+00:00,41,29,3,9,0,
proxy_pool,tpcb_steady,50,2,during,2026-05-06T06:54:24.282784+00:00,41,21,3,17,0,
proxy_pool,tpcb_steady,50,2,during,2026-05-06T06:54:26.439530+00:00,41,29,3,9,0,
proxy_pool,tpcb_steady,50,2,during,2026-05-06T06:54:28.532133+00:00,41,29,1,11,0,
proxy_pool,tpcb_steady,50,2,during,2026-05-06T06:54:30.833790+00:00,41,25,2,14,0,
proxy_pool,tpcb_steady,50,2,during,2026-05-06T06:54:33.084945+00:00,42,30,4,8,0,
proxy_pool,tpcb_steady,50,2,during,2026-05-06T06:54:35.337981+00:00,41,32,2,7,0,
proxy_pool,tpcb_steady,50,2,during,2026-05-06T06:54:37.590523+00:00,41,21,6,14,0,
proxy_pool,tpcb_steady,50,2,during,2026-05-06T06:54:39.843844+00:00,41,24,5,12,0,
proxy_pool,tpcb_steady,50,2,during,2026-05-06T06:54:42.095942+00:00,41,29,5,7,0,
proxy_pool,tpcb_steady,50,2,during,2026-05-06T06:54:44.349404+00:00,41,31,1,9,0,
proxy_pool,tpcb_steady,50,2,during,2026-05-06T06:54:46.507161+00:00,41,26,2,13,0,
proxy_pool,tpcb_steady,50,2,during,2026-05-06T06:54:48.653068+00:00,41,31,1,9,0,
proxy_pool,tpcb_steady,50,2,during,2026-05-06T06:54:50.902555+00:00,41,28,1,12,0,
proxy_pool,tpcb_steady,50,2,during,2026-05-06T06:54:53.156345+00:00,41,26,1,14,0,
proxy_pool,tpcb_steady,50,2,during,2026-05-06T06:54:55.409225+00:00,41,27,2,12,0,
proxy_pool,tpcb_steady,50,2,during,2026-05-06T06:54:57.561638+00:00,41,26,3,12,0,
proxy_pool,tpcb_steady,50,2,during,2026-05-06T06:54:59.708962+00:00,41,27,2,12,0,
proxy_pool,tpcb_steady,50,2,during,2026-05-06T06:55:01.963694+00:00,41,25,5,11,0,
proxy_pool,tpcb_steady,50,2,after_15s,2026-05-06T06:55:18.350369+00:00,41,0,41,0,0,
proxy_pool,tpcb_steady,50,2,after_30s,2026-05-06T06:55:34.528130+00:00,42,1,41,0,0,
proxy_pool,tpcb_steady,50,2,after_45s,2026-05-06T06:55:50.707729+00:00,41,0,41,0,0,
proxy_pool,tpcb_steady,50,2,after_60s,2026-05-06T06:56:06.887903+00:00,0,0,0,0,0,
proxy_pool,tpcb_steady,50,2,after_90s,2026-05-06T06:56:38.016120+00:00,0,0,0,0,0,
proxy_pool,tpcb_steady,50,3,before,2026-05-06T06:56:45.797020+00:00,1,0,1,0,0,
proxy_pool,tpcb_steady,50,3,during,2026-05-06T06:56:46.924519+00:00,27,21,2,4,0,
proxy_pool,tpcb_steady,50,3,during,2026-05-06T06:56:49.073664+00:00,27,8,4,15,0,
proxy_pool,tpcb_steady,50,3,during,2026-05-06T06:56:51.328543+00:00,27,16,1,10,0,
proxy_pool,tpcb_steady,50,3,during,2026-05-06T06:56:53.581323+00:00,27,9,3,15,0,
proxy_pool,tpcb_steady,50,3,during,2026-05-06T06:56:55.832178+00:00,27,18,1,8,0,
proxy_pool,tpcb_steady,50,3,during,2026-05-06T06:56:58.084930+00:00,27,10,5,12,0,
proxy_pool,tpcb_steady,50,3,during,2026-05-06T06:57:00.337323+00:00,27,12,2,13,0,
proxy_pool,tpcb_steady,50,3,during,2026-05-06T06:57:02.473028+00:00,27,14,2,11,0,
proxy_pool,tpcb_steady,50,3,during,2026-05-06T06:57:04.638929+00:00,27,14,6,7,0,
proxy_pool,tpcb_steady,50,3,during,2026-05-06T06:57:06.892167+00:00,27,11,3,13,0,
proxy_pool,tpcb_steady,50,3,during,2026-05-06T06:57:09.145007+00:00,27,11,1,15,0,
proxy_pool,tpcb_steady,50,3,during,2026-05-06T06:57:11.397855+00:00,27,10,4,13,0,
proxy_pool,tpcb_steady,50,3,during,2026-05-06T06:57:13.650241+00:00,27,20,0,7,0,
proxy_pool,tpcb_steady,50,3,during,2026-05-06T06:57:15.902379+00:00,27,16,3,8,0,
proxy_pool,tpcb_steady,50,3,during,2026-05-06T06:57:18.154860+00:00,27,15,5,7,0,
proxy_pool,tpcb_steady,50,3,during,2026-05-06T06:57:20.409365+00:00,27,13,4,10,0,
proxy_pool,tpcb_steady,50,3,during,2026-05-06T06:57:22.558514+00:00,27,12,3,12,0,
proxy_pool,tpcb_steady,50,3,during,2026-05-06T06:57:24.708552+00:00,27,19,3,5,0,
proxy_pool,tpcb_steady,50,3,during,2026-05-06T06:57:26.961614+00:00,27,13,2,12,0,
proxy_pool,tpcb_steady,50,3,during,2026-05-06T06:57:29.214385+00:00,27,8,3,16,0,
proxy_pool,tpcb_steady,50,3,during,2026-05-06T06:57:31.468359+00:00,27,15,3,9,0,
proxy_pool,tpcb_steady,50,3,during,2026-05-06T06:57:33.720372+00:00,28,17,2,9,0,
proxy_pool,tpcb_steady,50,3,during,2026-05-06T06:57:35.972702+00:00,27,21,0,6,0,
proxy_pool,tpcb_steady,50,3,during,2026-05-06T06:57:38.225843+00:00,27,13,4,10,0,
proxy_pool,tpcb_steady,50,3,during,2026-05-06T06:57:40.481310+00:00,27,9,2,16,0,
proxy_pool,tpcb_steady,50,3,during,2026-05-06T06:57:42.629137+00:00,27,15,3,9,0,
proxy_pool,tpcb_steady,50,3,during,2026-05-06T06:57:44.779213+00:00,27,15,3,9,0,
proxy_pool,tpcb_steady,50,3,after_15s,2026-05-06T06:58:01.370223+00:00,27,0,27,0,0,
proxy_pool,tpcb_steady,50,3,after_30s,2026-05-06T06:58:17.550562+00:00,27,0,27,0,0,
proxy_pool,tpcb_steady,50,3,after_45s,2026-05-06T06:58:33.728415+00:00,28,1,27,0,0,
proxy_pool,tpcb_steady,50,3,after_60s,2026-05-06T06:58:49.914763+00:00,0,0,0,0,0,
proxy_pool,tpcb_steady,50,3,after_90s,2026-05-06T06:59:21.037860+00:00,0,0,0,0,0,
proxy_pool,tpcb_steady,100,1,before,2026-05-06T06:59:28.582837+00:00,1,0,1,0,0,
proxy_pool,tpcb_steady,100,1,during,2026-05-06T06:59:29.636789+00:00,31,12,5,14,0,
proxy_pool,tpcb_steady,100,1,during,2026-05-06T06:59:31.788298+00:00,31,15,3,13,0,
proxy_pool,tpcb_steady,100,1,during,2026-05-06T06:59:33.941134+00:00,31,22,1,8,0,
proxy_pool,tpcb_steady,100,1,during,2026-05-06T06:59:36.195872+00:00,31,16,2,13,0,
proxy_pool,tpcb_steady,100,1,during,2026-05-06T06:59:38.444714+00:00,31,12,3,16,0,
proxy_pool,tpcb_steady,100,1,during,2026-05-06T06:59:40.532288+00:00,31,17,6,8,0,
proxy_pool,tpcb_steady,100,1,during,2026-05-06T06:59:42.642777+00:00,31,16,2,13,0,
proxy_pool,tpcb_steady,100,1,during,2026-05-06T06:59:44.896781+00:00,31,19,1,11,0,
proxy_pool,tpcb_steady,100,1,during,2026-05-06T06:59:47.047370+00:00,31,31,0,0,0,
proxy_pool,tpcb_steady,100,1,during,2026-05-06T06:59:49.299673+00:00,31,8,5,18,0,
proxy_pool,tpcb_steady,100,1,during,2026-05-06T06:59:51.552662+00:00,31,27,0,4,0,
proxy_pool,tpcb_steady,100,1,during,2026-05-06T06:59:53.818624+00:00,31,13,3,15,0,
proxy_pool,tpcb_steady,100,1,during,2026-05-06T06:59:56.059327+00:00,31,22,1,8,0,
proxy_pool,tpcb_steady,100,1,during,2026-05-06T06:59:58.310308+00:00,31,19,3,9,0,
proxy_pool,tpcb_steady,100,1,during,2026-05-06T07:00:00.456099+00:00,31,25,1,5,0,
proxy_pool,tpcb_steady,100,1,during,2026-05-06T07:00:02.552520+00:00,31,13,4,14,0,
proxy_pool,tpcb_steady,100,1,during,2026-05-06T07:00:04.660461+00:00,31,16,2,13,0,
proxy_pool,tpcb_steady,100,1,during,2026-05-06T07:00:06.916951+00:00,31,18,1,12,0,
proxy_pool,tpcb_steady,100,1,during,2026-05-06T07:00:09.164365+00:00,31,21,3,7,0,
proxy_pool,tpcb_steady,100,1,during,2026-05-06T07:00:11.417928+00:00,31,18,2,11,0,
proxy_pool,tpcb_steady,100,1,during,2026-05-06T07:00:13.672982+00:00,31,13,6,12,0,
proxy_pool,tpcb_steady,100,1,during,2026-05-06T07:00:15.922461+00:00,31,24,1,6,0,
proxy_pool,tpcb_steady,100,1,during,2026-05-06T07:00:18.176253+00:00,31,18,3,10,0,
proxy_pool,tpcb_steady,100,1,during,2026-05-06T07:00:20.432316+00:00,31,25,1,5,0,
proxy_pool,tpcb_steady,100,1,during,2026-05-06T07:00:22.526718+00:00,31,17,3,11,0,
proxy_pool,tpcb_steady,100,1,during,2026-05-06T07:00:24.618127+00:00,31,17,4,10,0,
proxy_pool,tpcb_steady,100,1,during,2026-05-06T07:00:26.778351+00:00,31,23,1,7,0,
proxy_pool,tpcb_steady,100,1,during,2026-05-06T07:00:29.030693+00:00,31,0,31,0,0,
proxy_pool,tpcb_steady,100,1,after_15s,2026-05-06T07:00:45.211411+00:00,31,0,31,0,0,
proxy_pool,tpcb_steady,100,1,after_30s,2026-05-06T07:01:01.391903+00:00,31,0,31,0,0,
proxy_pool,tpcb_steady,100,1,after_45s,2026-05-06T07:01:17.571431+00:00,31,0,31,0,0,
proxy_pool,tpcb_steady,100,1,after_60s,2026-05-06T07:01:33.755819+00:00,0,0,0,0,0,
proxy_pool,tpcb_steady,100,1,after_90s,2026-05-06T07:02:04.880659+00:00,0,0,0,0,0,
proxy_pool,tpcb_steady,100,2,before,2026-05-06T07:02:12.550091+00:00,1,0,1,0,0,
proxy_pool,tpcb_steady,100,2,during,2026-05-06T07:02:13.683968+00:00,35,27,4,4,0,
proxy_pool,tpcb_steady,100,2,during,2026-05-06T07:02:15.953827+00:00,35,24,3,8,0,
proxy_pool,tpcb_steady,100,2,during,2026-05-06T07:02:18.192816+00:00,35,19,5,11,0,
proxy_pool,tpcb_steady,100,2,during,2026-05-06T07:02:20.443372+00:00,35,17,2,16,0,
proxy_pool,tpcb_steady,100,2,during,2026-05-06T07:02:22.598990+00:00,35,19,4,12,0,
proxy_pool,tpcb_steady,100,2,during,2026-05-06T07:02:24.744120+00:00,35,14,5,16,0,
proxy_pool,tpcb_steady,100,2,during,2026-05-06T07:02:27.000388+00:00,35,26,5,4,0,
proxy_pool,tpcb_steady,100,2,during,2026-05-06T07:02:29.249797+00:00,35,21,2,12,0,
proxy_pool,tpcb_steady,100,2,during,2026-05-06T07:02:31.505458+00:00,35,26,0,9,0,
proxy_pool,tpcb_steady,100,2,during,2026-05-06T07:02:33.758802+00:00,36,9,6,21,0,
proxy_pool,tpcb_steady,100,2,during,2026-05-06T07:02:36.009084+00:00,36,17,2,17,0,
proxy_pool,tpcb_steady,100,2,during,2026-05-06T07:02:38.159232+00:00,36,19,3,14,0,
proxy_pool,tpcb_steady,100,2,during,2026-05-06T07:02:40.309121+00:00,35,21,3,11,0,
proxy_pool,tpcb_steady,100,2,during,2026-05-06T07:02:42.505084+00:00,35,24,1,10,0,
proxy_pool,tpcb_steady,100,2,during,2026-05-06T07:02:44.609487+00:00,35,19,5,11,0,
proxy_pool,tpcb_steady,100,2,during,2026-05-06T07:02:46.872693+00:00,35,19,1,15,0,
proxy_pool,tpcb_steady,100,2,during,2026-05-06T07:02:49.115970+00:00,35,12,0,23,0,
proxy_pool,tpcb_steady,100,2,during,2026-05-06T07:02:51.369040+00:00,35,22,4,9,0,
proxy_pool,tpcb_steady,100,2,during,2026-05-06T07:02:53.621318+00:00,35,18,1,16,0,
proxy_pool,tpcb_steady,100,2,during,2026-05-06T07:02:55.983699+00:00,35,17,3,15,0,
proxy_pool,tpcb_steady,100,2,during,2026-05-06T07:02:58.126554+00:00,35,27,1,7,0,
proxy_pool,tpcb_steady,100,2,during,2026-05-06T07:03:00.379499+00:00,35,21,1,13,0,
proxy_pool,tpcb_steady,100,2,during,2026-05-06T07:03:02.521510+00:00,35,24,2,9,0,
proxy_pool,tpcb_steady,100,2,during,2026-05-06T07:03:04.680730+00:00,35,28,0,7,0,
proxy_pool,tpcb_steady,100,2,during,2026-05-06T07:03:06.936180+00:00,35,27,0,8,0,
proxy_pool,tpcb_steady,100,2,during,2026-05-06T07:03:09.186571+00:00,35,22,2,11,0,
proxy_pool,tpcb_steady,100,2,during,2026-05-06T07:03:11.438822+00:00,35,18,5,12,0,
proxy_pool,tpcb_steady,100,2,after_15s,2026-05-06T07:03:28.030994+00:00,35,0,35,0,0,
proxy_pool,tpcb_steady,100,2,after_30s,2026-05-06T07:03:44.210310+00:00,35,0,35,0,0,
proxy_pool,tpcb_steady,100,2,after_45s,2026-05-06T07:04:00.391179+00:00,35,0,35,0,0,
proxy_pool,tpcb_steady,100,2,after_60s,2026-05-06T07:04:16.483850+00:00,0,0,0,0,0,
proxy_pool,tpcb_steady,100,2,after_90s,2026-05-06T07:04:47.698489+00:00,0,0,0,0,0,
proxy_pool,tpcb_steady,100,3,before,2026-05-06T07:04:55.482371+00:00,1,0,1,0,0,
proxy_pool,tpcb_steady,100,3,during,2026-05-06T07:04:56.519744+00:00,27,13,3,11,0,
proxy_pool,tpcb_steady,100,3,during,2026-05-06T07:04:58.654108+00:00,27,18,3,6,0,
proxy_pool,tpcb_steady,100,3,during,2026-05-06T07:05:00.804462+00:00,27,15,5,7,0,
proxy_pool,tpcb_steady,100,3,during,2026-05-06T07:05:03.055167+00:00,27,20,2,5,0,
proxy_pool,tpcb_steady,100,3,during,2026-05-06T07:05:05.308382+00:00,27,21,2,4,0,
proxy_pool,tpcb_steady,100,3,during,2026-05-06T07:05:07.561016+00:00,27,11,7,9,0,
proxy_pool,tpcb_steady,100,3,during,2026-05-06T07:05:09.820643+00:00,27,20,2,5,0,
proxy_pool,tpcb_steady,100,3,during,2026-05-06T07:05:12.073382+00:00,27,11,3,13,0,
proxy_pool,tpcb_steady,100,3,during,2026-05-06T07:05:14.319545+00:00,27,12,2,13,0,
proxy_pool,tpcb_steady,100,3,during,2026-05-06T07:05:16.487386+00:00,27,10,2,15,0,
proxy_pool,tpcb_steady,100,3,during,2026-05-06T07:05:18.620636+00:00,27,14,2,11,0,
proxy_pool,tpcb_steady,100,3,during,2026-05-06T07:05:20.873890+00:00,27,8,7,12,0,
proxy_pool,tpcb_steady,100,3,during,2026-05-06T07:05:23.127640+00:00,27,14,1,12,0,
proxy_pool,tpcb_steady,100,3,during,2026-05-06T07:05:25.380071+00:00,27,11,7,9,0,
proxy_pool,tpcb_steady,100,3,during,2026-05-06T07:05:27.631541+00:00,27,17,1,9,0,
proxy_pool,tpcb_steady,100,3,during,2026-05-06T07:05:29.890084+00:00,27,10,2,15,0,
proxy_pool,tpcb_steady,100,3,during,2026-05-06T07:05:32.139813+00:00,27,21,1,5,0,
proxy_pool,tpcb_steady,100,3,during,2026-05-06T07:05:34.389660+00:00,28,12,2,14,0,
proxy_pool,tpcb_steady,100,3,during,2026-05-06T07:05:36.502085+00:00,27,15,1,11,0,
proxy_pool,tpcb_steady,100,3,during,2026-05-06T07:05:38.679621+00:00,27,13,4,10,0,
proxy_pool,tpcb_steady,100,3,during,2026-05-06T07:05:40.781277+00:00,27,15,5,7,0,
proxy_pool,tpcb_steady,100,3,during,2026-05-06T07:05:47.926254+00:00,27,9,2,16,0,
proxy_pool,tpcb_steady,100,3,during,2026-05-06T07:05:50.160215+00:00,27,9,5,13,0,
proxy_pool,tpcb_steady,100,3,during,2026-05-06T07:05:52.412624+00:00,27,11,6,10,0,
proxy_pool,tpcb_steady,100,3,during,2026-05-06T07:05:54.505232+00:00,27,18,2,7,0,
proxy_pool,tpcb_steady,100,3,after_15s,2026-05-06T07:06:10.746952+00:00,27,0,27,0,0,
proxy_pool,tpcb_steady,100,3,after_30s,2026-05-06T07:06:27.029106+00:00,27,0,27,0,0,
proxy_pool,tpcb_steady,100,3,after_45s,2026-05-06T07:06:43.208418+00:00,27,0,27,0,0,
proxy_pool,tpcb_steady,100,3,after_60s,2026-05-06T07:06:59.386965+00:00,0,0,0,0,0,
proxy_pool,tpcb_steady,100,3,after_90s,2026-05-06T07:07:30.507724+00:00,0,0,0,0,0,
proxy_pool,tpcb_steady,250,1,before,2026-05-06T07:07:38.399998+00:00,1,0,1,0,0,
proxy_pool,tpcb_steady,250,1,during,2026-05-06T07:07:39.458091+00:00,1,0,1,0,0,
proxy_pool,tpcb_steady,250,1,during,2026-05-06T07:07:41.572262+00:00,28,8,4,16,0,
proxy_pool,tpcb_steady,250,1,during,2026-05-06T07:07:43.723354+00:00,28,17,3,8,0,
proxy_pool,tpcb_steady,250,1,during,2026-05-06T07:07:45.976761+00:00,28,10,2,16,0,
proxy_pool,tpcb_steady,250,1,during,2026-05-06T07:07:48.128183+00:00,28,13,6,9,0,
proxy_pool,tpcb_steady,250,1,during,2026-05-06T07:07:50.380283+00:00,28,12,6,10,0,
proxy_pool,tpcb_steady,250,1,during,2026-05-06T07:07:52.472864+00:00,28,12,4,12,0,
proxy_pool,tpcb_steady,250,1,during,2026-05-06T07:07:54.566823+00:00,28,14,5,9,0,
proxy_pool,tpcb_steady,250,1,during,2026-05-06T07:07:56.728780+00:00,28,21,0,7,0,
proxy_pool,tpcb_steady,250,1,during,2026-05-06T07:07:58.981085+00:00,28,23,0,5,0,
proxy_pool,tpcb_steady,250,1,during,2026-05-06T07:08:01.235693+00:00,28,6,7,15,0,
proxy_pool,tpcb_steady,250,1,during,2026-05-06T07:08:03.492636+00:00,28,10,1,17,0,
proxy_pool,tpcb_steady,250,1,during,2026-05-06T07:08:05.740666+00:00,28,19,2,7,0,
proxy_pool,tpcb_steady,250,1,during,2026-05-06T07:08:07.992335+00:00,28,14,3,11,0,
proxy_pool,tpcb_steady,250,1,during,2026-05-06T07:08:10.247138+00:00,28,13,1,14,0,
proxy_pool,tpcb_steady,250,1,during,2026-05-06T07:08:12.488883+00:00,28,11,3,14,0,
proxy_pool,tpcb_steady,250,1,during,2026-05-06T07:08:14.647619+00:00,28,14,3,11,0,
proxy_pool,tpcb_steady,250,1,during,2026-05-06T07:08:16.900876+00:00,28,16,5,7,0,
proxy_pool,tpcb_steady,250,1,during,2026-05-06T07:08:19.051282+00:00,28,19,2,7,0,
proxy_pool,tpcb_steady,250,1,during,2026-05-06T07:08:21.302880+00:00,28,20,2,6,0,
proxy_pool,tpcb_steady,250,1,during,2026-05-06T07:08:23.556953+00:00,28,18,2,8,0,
proxy_pool,tpcb_steady,250,1,during,2026-05-06T07:08:25.707718+00:00,28,13,5,10,0,
proxy_pool,tpcb_steady,250,1,during,2026-05-06T07:08:27.857553+00:00,28,21,0,7,0,
proxy_pool,tpcb_steady,250,1,during,2026-05-06T07:08:30.109402+00:00,28,18,0,10,0,
proxy_pool,tpcb_steady,250,1,during,2026-05-06T07:08:32.364332+00:00,28,16,1,11,0,
proxy_pool,tpcb_steady,250,1,during,2026-05-06T07:08:34.504965+00:00,29,17,3,9,0,
proxy_pool,tpcb_steady,250,1,during,2026-05-06T07:08:36.664265+00:00,28,14,3,11,0,
proxy_pool,tpcb_steady,250,1,after_15s,2026-05-06T07:08:53.664283+00:00,28,0,28,0,0,
proxy_pool,tpcb_steady,250,1,after_30s,2026-05-06T07:09:09.947674+00:00,28,0,28,0,0,
proxy_pool,tpcb_steady,250,1,after_45s,2026-05-06T07:09:26.230237+00:00,28,0,28,0,0,
proxy_pool,tpcb_steady,250,1,after_60s,2026-05-06T07:09:42.407688+00:00,0,0,0,0,0,
proxy_pool,tpcb_steady,250,1,after_90s,2026-05-06T07:10:13.538342+00:00,0,0,0,0,0,
proxy_pool,tpcb_steady,250,2,before,2026-05-06T07:10:21.320194+00:00,1,0,1,0,0,
proxy_pool,tpcb_steady,250,2,during,2026-05-06T07:10:22.427261+00:00,1,0,1,0,0,
proxy_pool,tpcb_steady,250,2,during,2026-05-06T07:10:24.556185+00:00,36,21,5,10,0,
proxy_pool,tpcb_steady,250,2,during,2026-05-06T07:10:26.847953+00:00,36,25,1,10,0,
proxy_pool,tpcb_steady,250,2,during,2026-05-06T07:10:29.099511+00:00,36,23,3,10,0,
proxy_pool,tpcb_steady,250,2,during,2026-05-06T07:10:31.352975+00:00,36,26,1,9,0,
proxy_pool,tpcb_steady,250,2,during,2026-05-06T07:10:33.606402+00:00,37,21,3,13,0,
proxy_pool,tpcb_steady,250,2,during,2026-05-06T07:10:35.860055+00:00,36,26,2,8,0,
proxy_pool,tpcb_steady,250,2,during,2026-05-06T07:10:38.111652+00:00,36,16,5,15,0,
proxy_pool,tpcb_steady,250,2,during,2026-05-06T07:10:40.365108+00:00,36,28,1,7,0,
proxy_pool,tpcb_steady,250,2,during,2026-05-06T07:10:42.503784+00:00,36,36,0,0,0,
proxy_pool,tpcb_steady,250,2,during,2026-05-06T07:10:44.675115+00:00,36,20,1,15,0,
proxy_pool,tpcb_steady,250,2,during,2026-05-06T07:10:46.787506+00:00,36,21,1,14,0,
proxy_pool,tpcb_steady,250,2,during,2026-05-06T07:10:48.976291+00:00,36,18,4,14,0,
proxy_pool,tpcb_steady,250,2,during,2026-05-06T07:10:51.219978+00:00,36,18,5,13,0,
proxy_pool,tpcb_steady,250,2,during,2026-05-06T07:10:53.472961+00:00,36,19,2,15,0,
proxy_pool,tpcb_steady,250,2,during,2026-05-06T07:10:55.728915+00:00,36,15,5,16,0,
proxy_pool,tpcb_steady,250,2,during,2026-05-06T07:10:57.981000+00:00,36,20,5,11,0,
proxy_pool,tpcb_steady,250,2,during,2026-05-06T07:11:00.230276+00:00,36,19,4,13,0,
proxy_pool,tpcb_steady,250,2,during,2026-05-06T07:11:02.473079+00:00,36,22,2,12,0,
proxy_pool,tpcb_steady,250,2,during,2026-05-06T07:11:04.634663+00:00,36,21,2,13,0,
proxy_pool,tpcb_steady,250,2,during,2026-05-06T07:11:06.784416+00:00,36,24,6,6,0,
proxy_pool,tpcb_steady,250,2,during,2026-05-06T07:11:08.934437+00:00,36,21,3,12,0,
proxy_pool,tpcb_steady,250,2,during,2026-05-06T07:11:11.084364+00:00,36,27,1,8,0,
proxy_pool,tpcb_steady,250,2,during,2026-05-06T07:11:13.337558+00:00,36,22,1,13,0,
proxy_pool,tpcb_steady,250,2,during,2026-05-06T07:11:15.458456+00:00,36,28,3,5,0,
proxy_pool,tpcb_steady,250,2,during,2026-05-06T07:11:17.638305+00:00,36,20,2,14,0,
proxy_pool,tpcb_steady,250,2,during,2026-05-06T07:11:19.891969+00:00,36,18,4,14,0,
proxy_pool,tpcb_steady,250,2,after_15s,2026-05-06T07:11:36.889799+00:00,37,1,36,0,0,
proxy_pool,tpcb_steady,250,2,after_30s,2026-05-06T07:11:53.172930+00:00,36,0,36,0,0,
proxy_pool,tpcb_steady,250,2,after_45s,2026-05-06T07:12:09.354593+00:00,36,0,36,0,0,
proxy_pool,tpcb_steady,250,2,after_60s,2026-05-06T07:12:25.444070+00:00,0,0,0,0,0,
proxy_pool,tpcb_steady,250,2,after_90s,2026-05-06T07:12:56.654774+00:00,0,0,0,0,0,
proxy_pool,tpcb_steady,250,3,before,2026-05-06T07:13:04.519542+00:00,1,0,1,0,0,
proxy_pool,tpcb_steady,250,3,during,2026-05-06T07:13:05.583170+00:00,1,0,1,0,0,
proxy_pool,tpcb_steady,250,3,during,2026-05-06T07:13:07.821396+00:00,27,19,1,7,0,
proxy_pool,tpcb_steady,250,3,during,2026-05-06T07:13:10.073968+00:00,27,13,2,12,0,
proxy_pool,tpcb_steady,250,3,during,2026-05-06T07:13:12.327201+00:00,27,17,3,7,0,
proxy_pool,tpcb_steady,250,3,during,2026-05-06T07:13:14.505976+00:00,27,15,3,9,0,
proxy_pool,tpcb_steady,250,3,during,2026-05-06T07:13:16.731990+00:00,27,22,0,5,0,
proxy_pool,tpcb_steady,250,3,during,2026-05-06T07:13:18.880328+00:00,27,18,1,8,0,
proxy_pool,tpcb_steady,250,3,during,2026-05-06T07:13:21.134289+00:00,27,10,4,13,0,
proxy_pool,tpcb_steady,250,3,during,2026-05-06T07:13:23.387519+00:00,27,9,5,13,0,
proxy_pool,tpcb_steady,250,3,during,2026-05-06T07:13:25.639288+00:00,27,12,1,14,0,
proxy_pool,tpcb_steady,250,3,during,2026-05-06T07:13:27.776167+00:00,27,14,0,13,0,
proxy_pool,tpcb_steady,250,3,during,2026-05-06T07:13:29.940257+00:00,27,25,1,1,0,
proxy_pool,tpcb_steady,250,3,during,2026-05-06T07:13:32.193288+00:00,27,18,1,8,0,
proxy_pool,tpcb_steady,250,3,during,2026-05-06T07:13:34.447741+00:00,27,12,3,12,0,
proxy_pool,tpcb_steady,250,3,during,2026-05-06T07:13:36.596160+00:00,27,17,1,9,0,
proxy_pool,tpcb_steady,250,3,during,2026-05-06T07:13:38.748078+00:00,27,18,2,7,0,
proxy_pool,tpcb_steady,250,3,during,2026-05-06T07:13:41.000418+00:00,27,17,1,9,0,
proxy_pool,tpcb_steady,250,3,during,2026-05-06T07:13:43.252746+00:00,27,17,4,6,0,
proxy_pool,tpcb_steady,250,3,during,2026-05-06T07:13:45.507286+00:00,27,12,2,13,0,
proxy_pool,tpcb_steady,250,3,during,2026-05-06T07:13:47.759229+00:00,27,16,4,7,0,
proxy_pool,tpcb_steady,250,3,during,2026-05-06T07:13:50.010917+00:00,27,15,2,10,0,
proxy_pool,tpcb_steady,250,3,during,2026-05-06T07:13:52.266693+00:00,27,19,1,7,0,
proxy_pool,tpcb_steady,250,3,during,2026-05-06T07:13:54.508415+00:00,27,17,3,7,0,
proxy_pool,tpcb_steady,250,3,during,2026-05-06T07:13:56.771979+00:00,27,15,0,12,0,
proxy_pool,tpcb_steady,250,3,during,2026-05-06T07:13:59.021747+00:00,27,11,4,12,0,
proxy_pool,tpcb_steady,250,3,during,2026-05-06T07:14:01.274841+00:00,27,12,2,13,0,
proxy_pool,tpcb_steady,250,3,during,2026-05-06T07:14:03.527419+00:00,27,13,2,12,0,
proxy_pool,tpcb_steady,250,3,after_15s,2026-05-06T07:14:19.915822+00:00,27,0,27,0,0,
proxy_pool,tpcb_steady,250,3,after_30s,2026-05-06T07:14:36.092384+00:00,27,0,27,0,0,
proxy_pool,tpcb_steady,250,3,after_45s,2026-05-06T07:14:52.273563+00:00,27,0,27,0,0,
proxy_pool,tpcb_steady,250,3,after_60s,2026-05-06T07:15:08.451725+00:00,0,0,0,0,0,
proxy_pool,tpcb_steady,250,3,after_90s,2026-05-06T07:15:39.582661+00:00,0,0,0,0,0,
proxy_pgcat,readonly_steady,10,1,before,2026-05-06T07:15:47.160558+00:00,1,0,1,0,0,
proxy_pgcat,readonly_steady,10,1,during,2026-05-06T07:15:48.385330+00:00,11,1,10,0,0,
proxy_pgcat,readonly_steady,10,1,during,2026-05-06T07:15:50.458408+00:00,11,1,10,0,0,
proxy_pgcat,readonly_steady,10,1,during,2026-05-06T07:15:52.622142+00:00,11,1,10,0,0,
proxy_pgcat,readonly_steady,10,1,during,2026-05-06T07:15:54.699471+00:00,11,1,10,0,0,
proxy_pgcat,readonly_steady,10,1,during,2026-05-06T07:15:56.986901+00:00,11,0,11,0,0,
proxy_pgcat,readonly_steady,10,1,during,2026-05-06T07:15:59.242368+00:00,11,1,10,0,0,
proxy_pgcat,readonly_steady,10,1,during,2026-05-06T07:16:01.492014+00:00,11,2,9,0,0,
proxy_pgcat,readonly_steady,10,1,during,2026-05-06T07:16:03.746832+00:00,11,1,10,0,0,
proxy_pgcat,readonly_steady,10,1,during,2026-05-06T07:16:05.894573+00:00,11,0,11,0,0,
proxy_pgcat,readonly_steady,10,1,during,2026-05-06T07:16:08.150418+00:00,11,0,11,0,0,
proxy_pgcat,readonly_steady,10,1,during,2026-05-06T07:16:10.300215+00:00,11,4,7,0,0,
proxy_pgcat,readonly_steady,10,1,during,2026-05-06T07:16:12.445975+00:00,11,0,11,0,0,
proxy_pgcat,readonly_steady,10,1,during,2026-05-06T07:16:14.706086+00:00,11,2,9,0,0,
proxy_pgcat,readonly_steady,10,1,during,2026-05-06T07:16:16.854156+00:00,11,2,9,0,0,
proxy_pgcat,readonly_steady,10,1,during,2026-05-06T07:16:19.105480+00:00,11,0,11,0,0,
proxy_pgcat,readonly_steady,10,1,during,2026-05-06T07:16:21.255705+00:00,11,1,10,0,0,
proxy_pgcat,readonly_steady,10,1,during,2026-05-06T07:16:23.405842+00:00,11,0,11,0,0,
proxy_pgcat,readonly_steady,10,1,during,2026-05-06T07:16:25.561834+00:00,11,4,7,0,0,
proxy_pgcat,readonly_steady,10,1,during,2026-05-06T07:16:27.710416+00:00,11,0,11,0,0,
proxy_pgcat,readonly_steady,10,1,during,2026-05-06T07:16:29.959505+00:00,11,1,10,0,0,
proxy_pgcat,readonly_steady,10,1,during,2026-05-06T07:16:32.214210+00:00,11,0,11,0,0,
proxy_pgcat,readonly_steady,10,1,during,2026-05-06T07:16:34.466480+00:00,11,0,11,0,0,
proxy_pgcat,readonly_steady,10,1,during,2026-05-06T07:16:36.616586+00:00,11,2,9,0,0,
proxy_pgcat,readonly_steady,10,1,during,2026-05-06T07:16:38.764860+00:00,11,0,11,0,0,
proxy_pgcat,readonly_steady,10,1,during,2026-05-06T07:16:41.019306+00:00,11,0,11,0,0,
proxy_pgcat,readonly_steady,10,1,during,2026-05-06T07:16:43.274284+00:00,11,0,11,0,0,
proxy_pgcat,readonly_steady,10,1,during,2026-05-06T07:16:45.526458+00:00,11,4,7,0,0,
proxy_pgcat,readonly_steady,10,1,during,2026-05-06T07:16:47.895277+00:00,11,0,11,0,0,
proxy_pgcat,readonly_steady,10,1,after_15s,2026-05-06T07:17:04.165788+00:00,11,0,11,0,0,
proxy_pgcat,readonly_steady,10,1,after_30s,2026-05-06T07:17:20.343809+00:00,11,0,11,0,0,
proxy_pgcat,readonly_steady,10,1,after_45s,2026-05-06T07:17:36.618842+00:00,11,0,11,0,0,
proxy_pgcat,readonly_steady,10,1,after_60s,2026-05-06T07:17:52.807677+00:00,11,0,11,0,0,
proxy_pgcat,readonly_steady,10,1,after_90s,2026-05-06T07:18:24.038677+00:00,11,0,11,0,0,
proxy_pgcat,readonly_steady,10,2,before,2026-05-06T07:18:31.820370+00:00,1,0,1,0,0,
proxy_pgcat,readonly_steady,10,2,during,2026-05-06T07:18:32.948287+00:00,10,0,10,0,0,
proxy_pgcat,readonly_steady,10,2,during,2026-05-06T07:18:35.094656+00:00,10,0,10,0,0,
proxy_pgcat,readonly_steady,10,2,during,2026-05-06T07:18:37.345920+00:00,10,0,10,0,0,
proxy_pgcat,readonly_steady,10,2,during,2026-05-06T07:18:39.598901+00:00,10,3,7,0,0,
proxy_pgcat,readonly_steady,10,2,during,2026-05-06T07:18:41.854797+00:00,10,1,9,0,0,
proxy_pgcat,readonly_steady,10,2,during,2026-05-06T07:18:44.104704+00:00,10,0,10,0,0,
proxy_pgcat,readonly_steady,10,2,during,2026-05-06T07:18:46.357406+00:00,10,0,10,0,0,
proxy_pgcat,readonly_steady,10,2,during,2026-05-06T07:18:48.456091+00:00,10,3,7,0,0,
proxy_pgcat,readonly_steady,10,2,during,2026-05-06T07:18:50.558440+00:00,10,0,10,0,0,
proxy_pgcat,readonly_steady,10,2,during,2026-05-06T07:18:52.706685+00:00,10,5,5,0,0,
proxy_pgcat,readonly_steady,10,2,during,2026-05-06T07:18:54.858255+00:00,10,0,10,0,0,
proxy_pgcat,readonly_steady,10,2,during,2026-05-06T07:18:57.007560+00:00,10,0,10,0,0,
proxy_pgcat,readonly_steady,10,2,during,2026-05-06T07:18:59.158480+00:00,10,0,10,0,0,
proxy_pgcat,readonly_steady,10,2,during,2026-05-06T07:19:01.310676+00:00,10,0,10,0,0,
proxy_pgcat,readonly_steady,10,2,during,2026-05-06T07:19:03.561970+00:00,10,0,10,0,0,
proxy_pgcat,readonly_steady,10,2,during,2026-05-06T07:19:05.823370+00:00,10,0,10,0,0,
proxy_pgcat,readonly_steady,10,2,during,2026-05-06T07:19:08.067211+00:00,10,0,10,0,0,
proxy_pgcat,readonly_steady,10,2,during,2026-05-06T07:19:10.319371+00:00,10,0,10,0,0,
proxy_pgcat,readonly_steady,10,2,during,2026-05-06T07:19:12.520012+00:00,10,0,10,0,0,
proxy_pgcat,readonly_steady,10,2,during,2026-05-06T07:19:14.621011+00:00,10,4,6,0,0,
proxy_pgcat,readonly_steady,10,2,during,2026-05-06T07:19:16.873362+00:00,10,0,10,0,0,
proxy_pgcat,readonly_steady,10,2,during,2026-05-06T07:19:19.125531+00:00,10,0,10,0,0,
proxy_pgcat,readonly_steady,10,2,during,2026-05-06T07:19:21.382044+00:00,10,0,10,0,0,
proxy_pgcat,readonly_steady,10,2,during,2026-05-06T07:19:23.631493+00:00,10,1,9,0,0,
proxy_pgcat,readonly_steady,10,2,during,2026-05-06T07:19:25.898256+00:00,10,0,10,0,0,
proxy_pgcat,readonly_steady,10,2,during,2026-05-06T07:19:28.138018+00:00,10,1,9,0,0,
proxy_pgcat,readonly_steady,10,2,during,2026-05-06T07:19:30.393732+00:00,10,0,10,0,0,
proxy_pgcat,readonly_steady,10,2,after_15s,2026-05-06T07:19:47.596285+00:00,10,0,10,0,0,
proxy_pgcat,readonly_steady,10,2,after_30s,2026-05-06T07:20:03.777859+00:00,10,0,10,0,0,
proxy_pgcat,readonly_steady,10,2,after_45s,2026-05-06T07:20:19.955519+00:00,10,0,10,0,0,
proxy_pgcat,readonly_steady,10,2,after_60s,2026-05-06T07:20:36.135141+00:00,10,0,10,0,0,
proxy_pgcat,readonly_steady,10,2,after_90s,2026-05-06T07:21:07.369942+00:00,10,0,10,0,0,
proxy_pgcat,readonly_steady,10,3,before,2026-05-06T07:21:15.149722+00:00,1,0,1,0,0,
proxy_pgcat,readonly_steady,10,3,during,2026-05-06T07:21:16.377376+00:00,10,0,10,0,0,
proxy_pgcat,readonly_steady,10,3,during,2026-05-06T07:21:18.470807+00:00,10,0,10,0,0,
proxy_pgcat,readonly_steady,10,3,during,2026-05-06T07:21:20.573134+00:00,10,0,10,0,0,
proxy_pgcat,readonly_steady,10,3,during,2026-05-06T07:21:22.830173+00:00,10,0,10,0,0,
proxy_pgcat,readonly_steady,10,3,during,2026-05-06T07:21:25.081383+00:00,10,3,7,0,0,
proxy_pgcat,readonly_steady,10,3,during,2026-05-06T07:21:27.331841+00:00,10,1,9,0,0,
proxy_pgcat,readonly_steady,10,3,during,2026-05-06T07:21:29.585654+00:00,10,2,8,0,0,
proxy_pgcat,readonly_steady,10,3,during,2026-05-06T07:21:31.838513+00:00,10,0,10,0,0,
proxy_pgcat,readonly_steady,10,3,during,2026-05-06T07:21:34.094064+00:00,10,1,9,0,0,
proxy_pgcat,readonly_steady,10,3,during,2026-05-06T07:21:36.343437+00:00,10,2,8,0,0,
proxy_pgcat,readonly_steady,10,3,during,2026-05-06T07:21:38.587834+00:00,10,0,10,0,0,
proxy_pgcat,readonly_steady,10,3,during,2026-05-06T07:21:40.849086+00:00,10,1,9,0,0,
proxy_pgcat,readonly_steady,10,3,during,2026-05-06T07:21:43.101895+00:00,10,1,9,0,0,
proxy_pgcat,readonly_steady,10,3,during,2026-05-06T07:21:45.367640+00:00,10,2,8,0,0,
proxy_pgcat,readonly_steady,10,3,during,2026-05-06T07:21:47.607094+00:00,10,4,6,0,0,
proxy_pgcat,readonly_steady,10,3,during,2026-05-06T07:21:49.862419+00:00,10,0,10,0,0,
proxy_pgcat,readonly_steady,10,3,during,2026-05-06T07:21:52.113207+00:00,10,0,10,0,0,
proxy_pgcat,readonly_steady,10,3,during,2026-05-06T07:21:54.366878+00:00,10,0,10,0,0,
proxy_pgcat,readonly_steady,10,3,during,2026-05-06T07:21:56.492391+00:00,10,1,9,0,0,
proxy_pgcat,readonly_steady,10,3,during,2026-05-06T07:21:58.667476+00:00,10,2,8,0,0,
proxy_pgcat,readonly_steady,10,3,during,2026-05-06T07:22:00.922277+00:00,10,0,10,0,0,
proxy_pgcat,readonly_steady,10,3,during,2026-05-06T07:22:03.073226+00:00,10,1,9,0,0,
proxy_pgcat,readonly_steady,10,3,during,2026-05-06T07:22:05.220716+00:00,10,1,9,0,0,
proxy_pgcat,readonly_steady,10,3,during,2026-05-06T07:22:07.473452+00:00,10,2,8,0,0,
proxy_pgcat,readonly_steady,10,3,during,2026-05-06T07:22:09.729267+00:00,10,0,10,0,0,
proxy_pgcat,readonly_steady,10,3,during,2026-05-06T07:22:11.979483+00:00,10,1,9,0,0,
proxy_pgcat,readonly_steady,10,3,during,2026-05-06T07:22:14.232396+00:00,10,0,10,0,0,
proxy_pgcat,readonly_steady,10,3,after_15s,2026-05-06T07:22:31.030193+00:00,10,0,10,0,0,
proxy_pgcat,readonly_steady,10,3,after_30s,2026-05-06T07:22:47.311411+00:00,10,0,10,0,0,
proxy_pgcat,readonly_steady,10,3,after_45s,2026-05-06T07:23:03.591357+00:00,10,0,10,0,0,
proxy_pgcat,readonly_steady,10,3,after_60s,2026-05-06T07:23:19.772735+00:00,10,0,10,0,0,
proxy_pgcat,readonly_steady,10,3,after_90s,2026-05-06T07:23:50.900602+00:00,10,0,10,0,0,
proxy_pgcat,readonly_steady,50,1,before,2026-05-06T07:23:58.480715+00:00,1,0,1,0,0,
proxy_pgcat,readonly_steady,50,1,during,2026-05-06T07:23:59.705816+00:00,50,0,50,0,0,
proxy_pgcat,readonly_steady,50,1,during,2026-05-06T07:24:01.958597+00:00,50,1,49,0,0,
proxy_pgcat,readonly_steady,50,1,during,2026-05-06T07:24:04.212864+00:00,50,1,49,0,0,
proxy_pgcat,readonly_steady,50,1,during,2026-05-06T07:24:06.467551+00:00,50,1,49,0,0,
proxy_pgcat,readonly_steady,50,1,during,2026-05-06T07:24:08.606090+00:00,50,2,48,0,0,
proxy_pgcat,readonly_steady,50,1,during,2026-05-06T07:24:10.766590+00:00,50,1,49,0,0,
proxy_pgcat,readonly_steady,50,1,during,2026-05-06T07:24:12.916055+00:00,50,5,45,0,0,
proxy_pgcat,readonly_steady,50,1,during,2026-05-06T07:24:15.066447+00:00,50,1,49,0,0,
proxy_pgcat,readonly_steady,50,1,during,2026-05-06T07:24:17.318642+00:00,50,3,47,0,0,
proxy_pgcat,readonly_steady,50,1,during,2026-05-06T07:24:19.571955+00:00,50,3,47,0,0,
proxy_pgcat,readonly_steady,50,1,during,2026-05-06T07:24:21.828697+00:00,50,2,48,0,0,
proxy_pgcat,readonly_steady,50,1,during,2026-05-06T07:24:24.079624+00:00,50,2,48,0,0,
proxy_pgcat,readonly_steady,50,1,during,2026-05-06T07:24:26.330920+00:00,50,0,50,0,0,
proxy_pgcat,readonly_steady,50,1,during,2026-05-06T07:24:28.486826+00:00,50,1,49,0,0,
proxy_pgcat,readonly_steady,50,1,during,2026-05-06T07:24:30.629865+00:00,50,0,50,0,0,
proxy_pgcat,readonly_steady,50,1,during,2026-05-06T07:24:32.885337+00:00,50,1,49,0,0,
proxy_pgcat,readonly_steady,50,1,during,2026-05-06T07:24:35.137370+00:00,50,3,47,0,0,
proxy_pgcat,readonly_steady,50,1,during,2026-05-06T07:24:37.390715+00:00,50,3,47,0,0,
proxy_pgcat,readonly_steady,50,1,during,2026-05-06T07:24:39.642548+00:00,50,2,48,0,0,
proxy_pgcat,readonly_steady,50,1,during,2026-05-06T07:24:41.890636+00:00,50,2,48,0,0,
proxy_pgcat,readonly_steady,50,1,during,2026-05-06T07:24:44.150433+00:00,50,0,50,0,0,
proxy_pgcat,readonly_steady,50,1,during,2026-05-06T07:24:46.402723+00:00,50,5,45,0,0,
proxy_pgcat,readonly_steady,50,1,during,2026-05-06T07:24:48.543423+00:00,50,2,48,0,0,
proxy_pgcat,readonly_steady,50,1,during,2026-05-06T07:24:50.702258+00:00,50,3,47,0,0,
proxy_pgcat,readonly_steady,50,1,during,2026-05-06T07:24:52.955176+00:00,50,0,50,0,0,
proxy_pgcat,readonly_steady,50,1,during,2026-05-06T07:24:55.207093+00:00,50,0,50,0,0,
proxy_pgcat,readonly_steady,50,1,during,2026-05-06T07:24:57.358228+00:00,50,4,46,0,0,
proxy_pgcat,readonly_steady,50,1,during,2026-05-06T07:25:00.122746+00:00,50,0,50,0,0,
proxy_pgcat,readonly_steady,50,1,after_15s,2026-05-06T07:25:16.305621+00:00,50,0,50,0,0,
proxy_pgcat,readonly_steady,50,1,after_30s,2026-05-06T07:25:32.489879+00:00,50,0,50,0,0,
proxy_pgcat,readonly_steady,50,1,after_45s,2026-05-06T07:25:48.664471+00:00,50,0,50,0,0,
proxy_pgcat,readonly_steady,50,1,after_60s,2026-05-06T07:26:04.776027+00:00,50,0,50,0,0,
proxy_pgcat,readonly_steady,50,1,after_90s,2026-05-06T07:26:35.971953+00:00,50,0,50,0,0,
proxy_pgcat,readonly_steady,50,2,before,2026-05-06T07:26:43.549704+00:00,1,0,1,0,0,
proxy_pgcat,readonly_steady,50,2,during,2026-05-06T07:26:44.776855+00:00,50,0,50,0,0,
proxy_pgcat,readonly_steady,50,2,during,2026-05-06T07:26:47.028444+00:00,50,1,49,0,0,
proxy_pgcat,readonly_steady,50,2,during,2026-05-06T07:26:49.280931+00:00,50,1,49,0,0,
proxy_pgcat,readonly_steady,50,2,during,2026-05-06T07:26:51.533818+00:00,50,1,49,0,0,
proxy_pgcat,readonly_steady,50,2,during,2026-05-06T07:26:53.686059+00:00,50,5,45,0,0,
proxy_pgcat,readonly_steady,50,2,during,2026-05-06T07:26:55.938198+00:00,50,1,49,0,0,
proxy_pgcat,readonly_steady,50,2,during,2026-05-06T07:26:58.088343+00:00,50,1,49,0,0,
proxy_pgcat,readonly_steady,50,2,during,2026-05-06T07:27:00.340288+00:00,50,0,50,0,0,
proxy_pgcat,readonly_steady,50,2,during,2026-05-06T07:27:02.474774+00:00,50,3,47,0,0,
proxy_pgcat,readonly_steady,50,2,during,2026-05-06T07:27:04.642261+00:00,50,1,49,0,0,
proxy_pgcat,readonly_steady,50,2,during,2026-05-06T07:27:06.895812+00:00,50,1,49,0,0,
proxy_pgcat,readonly_steady,50,2,during,2026-05-06T07:27:09.150132+00:00,50,1,49,0,0,
proxy_pgcat,readonly_steady,50,2,during,2026-05-06T07:27:11.403034+00:00,50,2,48,0,0,
proxy_pgcat,readonly_steady,50,2,during,2026-05-06T07:27:13.654539+00:00,50,2,48,0,0,
proxy_pgcat,readonly_steady,50,2,during,2026-05-06T07:27:15.905902+00:00,50,3,47,0,0,
proxy_pgcat,readonly_steady,50,2,during,2026-05-06T07:27:18.159233+00:00,50,1,49,0,0,
proxy_pgcat,readonly_steady,50,2,during,2026-05-06T07:27:20.416177+00:00,50,3,47,0,0,
proxy_pgcat,readonly_steady,50,2,during,2026-05-06T07:27:22.561544+00:00,50,0,50,0,0,
proxy_pgcat,readonly_steady,50,2,during,2026-05-06T07:27:24.714796+00:00,50,2,48,0,0,
proxy_pgcat,readonly_steady,50,2,during,2026-05-06T07:27:26.966256+00:00,50,2,48,0,0,
proxy_pgcat,readonly_steady,50,2,during,2026-05-06T07:27:29.219189+00:00,50,0,50,0,0,
proxy_pgcat,readonly_steady,50,2,during,2026-05-06T07:27:31.470641+00:00,50,1,49,0,0,
proxy_pgcat,readonly_steady,50,2,during,2026-05-06T07:27:33.728270+00:00,50,2,48,0,0,
proxy_pgcat,readonly_steady,50,2,during,2026-05-06T07:27:35.975801+00:00,50,1,49,0,0,
proxy_pgcat,readonly_steady,50,2,during,2026-05-06T07:27:38.230145+00:00,50,1,49,0,0,
proxy_pgcat,readonly_steady,50,2,during,2026-05-06T07:27:40.481922+00:00,50,1,49,0,0,
proxy_pgcat,readonly_steady,50,2,during,2026-05-06T07:27:42.632987+00:00,50,5,45,0,0,
proxy_pgcat,readonly_steady,50,2,during,2026-05-06T07:27:45.193573+00:00,50,0,50,0,0,
proxy_pgcat,readonly_steady,50,2,after_15s,2026-05-06T07:28:01.374415+00:00,50,0,50,0,0,
proxy_pgcat,readonly_steady,50,2,after_30s,2026-05-06T07:28:17.555764+00:00,50,0,50,0,0,
proxy_pgcat,readonly_steady,50,2,after_45s,2026-05-06T07:28:33.745644+00:00,50,0,50,0,0,
proxy_pgcat,readonly_steady,50,2,after_60s,2026-05-06T07:28:49.912168+00:00,50,0,50,0,0,
proxy_pgcat,readonly_steady,50,2,after_90s,2026-05-06T07:29:21.045614+00:00,50,0,50,0,0,
proxy_pgcat,readonly_steady,50,3,before,2026-05-06T07:29:28.620970+00:00,1,0,1,0,0,
proxy_pgcat,readonly_steady,50,3,during,2026-05-06T07:29:29.849934+00:00,50,1,49,0,0,
proxy_pgcat,readonly_steady,50,3,during,2026-05-06T07:29:32.099351+00:00,50,3,47,0,0,
proxy_pgcat,readonly_steady,50,3,during,2026-05-06T07:29:34.352348+00:00,50,2,48,0,0,
proxy_pgcat,readonly_steady,50,3,during,2026-05-06T07:29:36.596937+00:00,50,3,47,0,0,
proxy_pgcat,readonly_steady,50,3,during,2026-05-06T07:29:38.859351+00:00,50,4,46,0,0,
proxy_pgcat,readonly_steady,50,3,during,2026-05-06T07:29:41.110624+00:00,50,0,50,0,0,
proxy_pgcat,readonly_steady,50,3,during,2026-05-06T07:29:43.363057+00:00,50,2,48,0,0,
proxy_pgcat,readonly_steady,50,3,during,2026-05-06T07:29:45.617842+00:00,50,2,48,0,0,
proxy_pgcat,readonly_steady,50,3,during,2026-05-06T07:29:47.870005+00:00,50,1,49,0,0,
proxy_pgcat,readonly_steady,50,3,during,2026-05-06T07:29:50.123066+00:00,50,1,49,0,0,
proxy_pgcat,readonly_steady,50,3,during,2026-05-06T07:29:52.374961+00:00,50,0,50,0,0,
proxy_pgcat,readonly_steady,50,3,during,2026-05-06T07:29:54.504577+00:00,50,4,46,0,0,
proxy_pgcat,readonly_steady,50,3,during,2026-05-06T07:29:56.681956+00:00,50,0,50,0,0,
proxy_pgcat,readonly_steady,50,3,during,2026-05-06T07:29:58.929740+00:00,50,0,50,0,0,
proxy_pgcat,readonly_steady,50,3,during,2026-05-06T07:30:01.182456+00:00,50,1,49,0,0,
proxy_pgcat,readonly_steady,50,3,during,2026-05-06T07:30:03.439216+00:00,50,2,48,0,0,
proxy_pgcat,readonly_steady,50,3,during,2026-05-06T07:30:05.687242+00:00,50,1,49,0,0,
proxy_pgcat,readonly_steady,50,3,during,2026-05-06T07:30:07.939410+00:00,50,3,47,0,0,
proxy_pgcat,readonly_steady,50,3,during,2026-05-06T07:30:10.191563+00:00,50,1,49,0,0,
proxy_pgcat,readonly_steady,50,3,during,2026-05-06T07:30:12.426561+00:00,50,0,50,0,0,
proxy_pgcat,readonly_steady,50,3,during,2026-05-06T07:30:14.597098+00:00,50,1,49,0,0,
proxy_pgcat,readonly_steady,50,3,during,2026-05-06T07:30:16.746377+00:00,50,4,46,0,0,
proxy_pgcat,readonly_steady,50,3,during,2026-05-06T07:30:19.001952+00:00,50,0,50,0,0,
proxy_pgcat,readonly_steady,50,3,during,2026-05-06T07:30:21.250657+00:00,50,1,49,0,0,
proxy_pgcat,readonly_steady,50,3,during,2026-05-06T07:30:23.504682+00:00,50,1,49,0,0,
proxy_pgcat,readonly_steady,50,3,during,2026-05-06T07:30:25.777200+00:00,50,1,49,0,0,
proxy_pgcat,readonly_steady,50,3,during,2026-05-06T07:30:28.010947+00:00,50,2,48,0,0,
proxy_pgcat,readonly_steady,50,3,during,2026-05-06T07:30:30.563289+00:00,50,0,50,0,0,
proxy_pgcat,readonly_steady,50,3,after_15s,2026-05-06T07:30:46.855476+00:00,50,0,50,0,0,
proxy_pgcat,readonly_steady,50,3,after_30s,2026-05-06T07:31:03.035426+00:00,50,0,50,0,0,
proxy_pgcat,readonly_steady,50,3,after_45s,2026-05-06T07:31:19.212617+00:00,50,0,50,0,0,
proxy_pgcat,readonly_steady,50,3,after_60s,2026-05-06T07:31:35.394288+00:00,50,0,50,0,0,
proxy_pgcat,readonly_steady,50,3,after_90s,2026-05-06T07:32:06.617196+00:00,50,0,50,0,0,
proxy_pgcat,readonly_steady,100,1,before,2026-05-06T07:32:14.305301+00:00,1,0,1,0,0,
proxy_pgcat,readonly_steady,100,1,during,2026-05-06T07:32:15.534229+00:00,50,3,47,0,0,
proxy_pgcat,readonly_steady,100,1,during,2026-05-06T07:32:17.786996+00:00,50,1,49,0,0,
proxy_pgcat,readonly_steady,100,1,during,2026-05-06T07:32:20.037363+00:00,50,2,48,0,0,
proxy_pgcat,readonly_steady,100,1,during,2026-05-06T07:32:22.290413+00:00,50,2,48,0,0,
proxy_pgcat,readonly_steady,100,1,during,2026-05-06T07:32:24.459233+00:00,50,3,47,0,0,
proxy_pgcat,readonly_steady,100,1,during,2026-05-06T07:32:26.589517+00:00,50,2,48,0,0,
proxy_pgcat,readonly_steady,100,1,during,2026-05-06T07:32:28.845052+00:00,50,0,50,0,0,
proxy_pgcat,readonly_steady,100,1,during,2026-05-06T07:32:31.098572+00:00,50,2,48,0,0,
proxy_pgcat,readonly_steady,100,1,during,2026-05-06T07:32:33.349075+00:00,50,0,50,0,0,
proxy_pgcat,readonly_steady,100,1,during,2026-05-06T07:32:35.500513+00:00,50,1,49,0,0,
proxy_pgcat,readonly_steady,100,1,during,2026-05-06T07:32:37.651625+00:00,50,1,49,0,0,
proxy_pgcat,readonly_steady,100,1,during,2026-05-06T07:32:39.906855+00:00,50,0,50,0,0,
proxy_pgcat,readonly_steady,100,1,during,2026-05-06T07:32:42.155695+00:00,50,5,45,0,0,
proxy_pgcat,readonly_steady,100,1,during,2026-05-06T07:32:44.408290+00:00,50,4,46,0,0,
proxy_pgcat,readonly_steady,100,1,during,2026-05-06T07:32:46.499548+00:00,50,5,45,0,0,
proxy_pgcat,readonly_steady,100,1,during,2026-05-06T07:32:48.607394+00:00,50,2,48,0,0,
proxy_pgcat,readonly_steady,100,1,during,2026-05-06T07:32:50.758253+00:00,50,0,50,0,0,
proxy_pgcat,readonly_steady,100,1,during,2026-05-06T07:32:53.011515+00:00,50,3,47,0,0,
proxy_pgcat,readonly_steady,100,1,during,2026-05-06T07:32:55.161625+00:00,50,1,49,0,0,
proxy_pgcat,readonly_steady,100,1,during,2026-05-06T07:32:57.310225+00:00,50,2,48,0,0,
proxy_pgcat,readonly_steady,100,1,during,2026-05-06T07:32:59.566065+00:00,50,2,48,0,0,
proxy_pgcat,readonly_steady,100,1,during,2026-05-06T07:33:01.831769+00:00,50,2,48,0,0,
proxy_pgcat,readonly_steady,100,1,during,2026-05-06T07:33:04.070499+00:00,50,1,49,0,0,
proxy_pgcat,readonly_steady,100,1,during,2026-05-06T07:33:06.324429+00:00,50,1,49,0,0,
proxy_pgcat,readonly_steady,100,1,during,2026-05-06T07:33:08.463558+00:00,50,2,48,0,0,
proxy_pgcat,readonly_steady,100,1,during,2026-05-06T07:33:10.615727+00:00,50,3,47,0,0,
proxy_pgcat,readonly_steady,100,1,during,2026-05-06T07:33:12.878437+00:00,50,5,45,0,0,
proxy_pgcat,readonly_steady,100,1,during,2026-05-06T07:33:15.129306+00:00,50,0,50,0,0,
proxy_pgcat,readonly_steady,100,1,after_15s,2026-05-06T07:33:31.311016+00:00,50,0,50,0,0,
proxy_pgcat,readonly_steady,100,1,after_30s,2026-05-06T07:33:47.488755+00:00,50,0,50,0,0,
proxy_pgcat,readonly_steady,100,1,after_45s,2026-05-06T07:34:03.772097+00:00,50,0,50,0,0,
proxy_pgcat,readonly_steady,100,1,after_60s,2026-05-06T07:34:20.053196+00:00,50,0,50,0,0,
proxy_pgcat,readonly_steady,100,1,after_90s,2026-05-06T07:34:51.184515+00:00,50,0,50,0,0,
proxy_pgcat,readonly_steady,100,2,before,2026-05-06T07:34:58.547344+00:00,1,0,1,0,0,
proxy_pgcat,readonly_steady,100,2,during,2026-05-06T07:34:59.783195+00:00,50,3,47,0,0,
proxy_pgcat,readonly_steady,100,2,during,2026-05-06T07:35:02.033932+00:00,50,3,47,0,0,
proxy_pgcat,readonly_steady,100,2,during,2026-05-06T07:35:04.287776+00:00,50,0,50,0,0,
proxy_pgcat,readonly_steady,100,2,during,2026-05-06T07:35:06.496862+00:00,50,1,49,0,0,
proxy_pgcat,readonly_steady,100,2,during,2026-05-06T07:35:08.585830+00:00,50,0,50,0,0,
proxy_pgcat,readonly_steady,100,2,during,2026-05-06T07:35:10.844975+00:00,50,5,45,0,0,
proxy_pgcat,readonly_steady,100,2,during,2026-05-06T07:35:13.097384+00:00,50,1,49,0,0,
proxy_pgcat,readonly_steady,100,2,during,2026-05-06T07:35:15.348628+00:00,50,3,47,0,0,
proxy_pgcat,readonly_steady,100,2,during,2026-05-06T07:35:17.601458+00:00,50,4,46,0,0,
proxy_pgcat,readonly_steady,100,2,during,2026-05-06T07:35:19.861994+00:00,50,1,49,0,0,
proxy_pgcat,readonly_steady,100,2,during,2026-05-06T07:35:22.106008+00:00,50,1,49,0,0,
proxy_pgcat,readonly_steady,100,2,during,2026-05-06T07:35:24.360655+00:00,50,1,49,0,0,
proxy_pgcat,readonly_steady,100,2,during,2026-05-06T07:35:26.503232+00:00,50,9,41,0,0,
proxy_pgcat,readonly_steady,100,2,during,2026-05-06T07:35:28.661666+00:00,50,3,47,0,0,
proxy_pgcat,readonly_steady,100,2,during,2026-05-06T07:35:30.902688+00:00,50,1,49,0,0,
proxy_pgcat,readonly_steady,100,2,during,2026-05-06T07:35:33.061793+00:00,50,1,49,0,0,
proxy_pgcat,readonly_steady,100,2,during,2026-05-06T07:35:35.315819+00:00,50,1,49,0,0,
proxy_pgcat,readonly_steady,100,2,during,2026-05-06T07:35:37.567340+00:00,50,2,48,0,0,
proxy_pgcat,readonly_steady,100,2,during,2026-05-06T07:35:39.718787+00:00,50,1,49,0,0,
proxy_pgcat,readonly_steady,100,2,during,2026-05-06T07:35:41.971320+00:00,50,7,43,0,0,
proxy_pgcat,readonly_steady,100,2,during,2026-05-06T07:35:44.121633+00:00,50,3,47,0,0,
proxy_pgcat,readonly_steady,100,2,during,2026-05-06T07:35:46.274866+00:00,50,0,50,0,0,
proxy_pgcat,readonly_steady,100,2,during,2026-05-06T07:35:48.516519+00:00,50,3,47,0,0,
proxy_pgcat,readonly_steady,100,2,during,2026-05-06T07:35:50.676103+00:00,50,4,46,0,0,
proxy_pgcat,readonly_steady,100,2,during,2026-05-06T07:35:52.837757+00:00,50,2,48,0,0,
proxy_pgcat,readonly_steady,100,2,during,2026-05-06T07:35:54.960562+00:00,50,0,50,0,0,
proxy_pgcat,readonly_steady,100,2,during,2026-05-06T07:35:57.126797+00:00,50,3,47,0,0,
proxy_pgcat,readonly_steady,100,2,during,2026-05-06T07:35:59.391606+00:00,50,0,50,0,0,
proxy_pgcat,readonly_steady,100,2,after_15s,2026-05-06T07:36:16.458177+00:00,50,0,50,0,0,
proxy_pgcat,readonly_steady,100,2,after_30s,2026-05-06T07:36:32.654715+00:00,50,0,50,0,0,
proxy_pgcat,readonly_steady,100,2,after_45s,2026-05-06T07:36:48.943613+00:00,50,0,50,0,0,
proxy_pgcat,readonly_steady,100,2,after_60s,2026-05-06T07:37:05.124129+00:00,50,0,50,0,0,
proxy_pgcat,readonly_steady,100,2,after_90s,2026-05-06T07:37:36.358197+00:00,50,0,50,0,0,
proxy_pgcat,readonly_steady,100,3,before,2026-05-06T07:37:44.240002+00:00,1,0,1,0,0,
proxy_pgcat,readonly_steady,100,3,during,2026-05-06T07:37:45.467277+00:00,50,3,47,0,0,
proxy_pgcat,readonly_steady,100,3,during,2026-05-06T07:37:47.721729+00:00,50,3,47,0,0,
proxy_pgcat,readonly_steady,100,3,during,2026-05-06T07:37:49.971665+00:00,50,2,48,0,0,
proxy_pgcat,readonly_steady,100,3,during,2026-05-06T07:37:52.124268+00:00,50,0,50,0,0,
proxy_pgcat,readonly_steady,100,3,during,2026-05-06T07:37:54.377311+00:00,50,0,50,0,0,
proxy_pgcat,readonly_steady,100,3,during,2026-05-06T07:37:56.469982+00:00,50,3,47,0,0,
proxy_pgcat,readonly_steady,100,3,during,2026-05-06T07:37:58.669758+00:00,50,2,48,0,0,
proxy_pgcat,readonly_steady,100,3,during,2026-05-06T07:38:00.827563+00:00,50,2,48,0,0,
proxy_pgcat,readonly_steady,100,3,during,2026-05-06T07:38:03.080793+00:00,50,2,48,0,0,
proxy_pgcat,readonly_steady,100,3,during,2026-05-06T07:38:05.332864+00:00,50,1,49,0,0,
proxy_pgcat,readonly_steady,100,3,during,2026-05-06T07:38:07.585879+00:00,50,3,47,0,0,
proxy_pgcat,readonly_steady,100,3,during,2026-05-06T07:38:09.843176+00:00,50,2,48,0,0,
proxy_pgcat,readonly_steady,100,3,during,2026-05-06T07:38:12.093188+00:00,50,2,48,0,0,
proxy_pgcat,readonly_steady,100,3,during,2026-05-06T07:38:14.363032+00:00,50,3,47,0,0,
proxy_pgcat,readonly_steady,100,3,during,2026-05-06T07:38:16.458508+00:00,50,2,48,0,0,
proxy_pgcat,readonly_steady,100,3,during,2026-05-06T07:38:18.646339+00:00,50,4,46,0,0,
proxy_pgcat,readonly_steady,100,3,during,2026-05-06T07:38:20.898612+00:00,50,2,48,0,0,
proxy_pgcat,readonly_steady,100,3,during,2026-05-06T07:38:23.151614+00:00,50,1,49,0,0,
proxy_pgcat,readonly_steady,100,3,during,2026-05-06T07:38:25.309905+00:00,50,1,49,0,0,
proxy_pgcat,readonly_steady,100,3,during,2026-05-06T07:38:27.452575+00:00,50,3,47,0,0,
proxy_pgcat,readonly_steady,100,3,during,2026-05-06T07:38:29.706830+00:00,50,4,46,0,0,
proxy_pgcat,readonly_steady,100,3,during,2026-05-06T07:38:31.957131+00:00,50,2,48,0,0,
proxy_pgcat,readonly_steady,100,3,during,2026-05-06T07:38:34.211173+00:00,50,3,47,0,0,
proxy_pgcat,readonly_steady,100,3,during,2026-05-06T07:38:36.360601+00:00,50,3,47,0,0,
proxy_pgcat,readonly_steady,100,3,during,2026-05-06T07:38:38.472156+00:00,50,2,48,0,0,
proxy_pgcat,readonly_steady,100,3,during,2026-05-06T07:38:40.661085+00:00,50,5,45,0,0,
proxy_pgcat,readonly_steady,100,3,during,2026-05-06T07:38:42.811403+00:00,50,6,44,0,0,
proxy_pgcat,readonly_steady,100,3,during,2026-05-06T07:38:45.093236+00:00,50,0,50,0,0,
proxy_pgcat,readonly_steady,100,3,after_15s,2026-05-06T07:39:01.399086+00:00,50,0,50,0,0,
proxy_pgcat,readonly_steady,100,3,after_30s,2026-05-06T07:39:17.527663+00:00,50,0,50,0,0,
proxy_pgcat,readonly_steady,100,3,after_45s,2026-05-06T07:39:33.810411+00:00,50,0,50,0,0,
proxy_pgcat,readonly_steady,100,3,after_60s,2026-05-06T07:39:50.092868+00:00,50,0,50,0,0,
proxy_pgcat,readonly_steady,100,3,after_90s,2026-05-06T07:40:21.322661+00:00,50,0,50,0,0,
proxy_pgcat,readonly_steady,250,1,before,2026-05-06T07:40:28.693212+00:00,1,0,1,0,0,
proxy_pgcat,readonly_steady,250,1,during,2026-05-06T07:40:29.772293+00:00,1,0,1,0,0,
proxy_pgcat,readonly_steady,250,1,during,2026-05-06T07:40:31.970976+00:00,50,2,48,0,0,
proxy_pgcat,readonly_steady,250,1,during,2026-05-06T07:40:34.224248+00:00,50,0,50,0,0,
proxy_pgcat,readonly_steady,250,1,during,2026-05-06T07:40:36.429999+00:00,50,1,49,0,0,
proxy_pgcat,readonly_steady,250,1,during,2026-05-06T07:40:38.628867+00:00,50,3,47,0,0,
proxy_pgcat,readonly_steady,250,1,during,2026-05-06T07:40:40.777896+00:00,50,3,47,0,0,
proxy_pgcat,readonly_steady,250,1,during,2026-05-06T07:40:42.927216+00:00,50,1,49,0,0,
proxy_pgcat,readonly_steady,250,1,during,2026-05-06T07:40:45.081422+00:00,50,2,48,0,0,
proxy_pgcat,readonly_steady,250,1,during,2026-05-06T07:40:47.335005+00:00,50,2,48,0,0,
proxy_pgcat,readonly_steady,250,1,during,2026-05-06T07:40:49.585116+00:00,50,2,48,0,0,
proxy_pgcat,readonly_steady,250,1,during,2026-05-06T07:40:51.844751+00:00,50,1,49,0,0,
proxy_pgcat,readonly_steady,250,1,during,2026-05-06T07:40:54.089817+00:00,50,2,48,0,0,
proxy_pgcat,readonly_steady,250,1,during,2026-05-06T07:40:56.343029+00:00,50,3,47,0,0,
proxy_pgcat,readonly_steady,250,1,during,2026-05-06T07:40:58.485172+00:00,50,2,48,0,0,
proxy_pgcat,readonly_steady,250,1,during,2026-05-06T07:41:00.643346+00:00,50,1,49,0,0,
proxy_pgcat,readonly_steady,250,1,during,2026-05-06T07:41:02.895866+00:00,50,2,48,0,0,
proxy_pgcat,readonly_steady,250,1,during,2026-05-06T07:41:05.149358+00:00,50,2,48,0,0,
proxy_pgcat,readonly_steady,250,1,during,2026-05-06T07:41:07.299563+00:00,50,3,47,0,0,
proxy_pgcat,readonly_steady,250,1,during,2026-05-06T07:41:09.451335+00:00,50,2,48,0,0,
proxy_pgcat,readonly_steady,250,1,during,2026-05-06T07:41:11.701252+00:00,50,2,48,0,0,
proxy_pgcat,readonly_steady,250,1,during,2026-05-06T07:41:13.956883+00:00,50,2,48,0,0,
proxy_pgcat,readonly_steady,250,1,during,2026-05-06T07:41:16.208095+00:00,50,1,49,0,0,
proxy_pgcat,readonly_steady,250,1,during,2026-05-06T07:41:18.459976+00:00,50,5,45,0,0,
proxy_pgcat,readonly_steady,250,1,during,2026-05-06T07:41:20.546844+00:00,50,3,47,0,0,
proxy_pgcat,readonly_steady,250,1,during,2026-05-06T07:41:22.659794+00:00,50,6,44,0,0,
proxy_pgcat,readonly_steady,250,1,during,2026-05-06T07:41:24.766532+00:00,50,2,48,0,0,
proxy_pgcat,readonly_steady,250,1,during,2026-05-06T07:41:26.863314+00:00,50,3,47,0,0,
proxy_pgcat,readonly_steady,250,1,during,2026-05-06T07:41:29.062749+00:00,50,0,50,0,0,
proxy_pgcat,readonly_steady,250,1,after_15s,2026-05-06T07:41:45.702559+00:00,50,0,50,0,0,
proxy_pgcat,readonly_steady,250,1,after_30s,2026-05-06T07:42:01.814804+00:00,50,0,50,0,0,
proxy_pgcat,readonly_steady,250,1,after_45s,2026-05-06T07:42:18.061882+00:00,50,0,50,0,0,
proxy_pgcat,readonly_steady,250,1,after_60s,2026-05-06T07:42:34.240161+00:00,50,0,50,0,0,
proxy_pgcat,readonly_steady,250,1,after_90s,2026-05-06T07:43:05.368913+00:00,50,0,50,0,0,
proxy_pgcat,readonly_steady,250,2,before,2026-05-06T07:43:12.948420+00:00,1,0,1,0,0,
proxy_pgcat,readonly_steady,250,2,during,2026-05-06T07:43:14.005009+00:00,1,0,1,0,0,
proxy_pgcat,readonly_steady,250,2,during,2026-05-06T07:43:16.325058+00:00,50,1,49,0,0,
proxy_pgcat,readonly_steady,250,2,during,2026-05-06T07:43:23.711244+00:00,50,2,48,0,0,
proxy_pgcat,readonly_steady,250,2,during,2026-05-06T07:43:25.849830+00:00,50,1,49,0,0,
proxy_pgcat,readonly_steady,250,2,during,2026-05-06T07:43:28.099338+00:00,50,2,48,0,0,
proxy_pgcat,readonly_steady,250,2,during,2026-05-06T07:43:30.353008+00:00,50,3,47,0,0,
proxy_pgcat,readonly_steady,250,2,during,2026-05-06T07:43:32.446872+00:00,50,1,49,0,0,
proxy_pgcat,readonly_steady,250,2,during,2026-05-06T07:43:34.539624+00:00,50,2,48,0,0,
proxy_pgcat,readonly_steady,250,2,during,2026-05-06T07:43:36.704572+00:00,50,2,48,0,0,
proxy_pgcat,readonly_steady,250,2,during,2026-05-06T07:43:38.955004+00:00,50,3,47,0,0,
proxy_pgcat,readonly_steady,250,2,during,2026-05-06T07:43:41.210468+00:00,50,0,50,0,0,
proxy_pgcat,readonly_steady,250,2,during,2026-05-06T07:43:43.460563+00:00,50,2,48,0,0,
proxy_pgcat,readonly_steady,250,2,during,2026-05-06T07:43:45.713209+00:00,50,3,47,0,0,
proxy_pgcat,readonly_steady,250,2,during,2026-05-06T07:43:47.967186+00:00,50,4,46,0,0,
proxy_pgcat,readonly_steady,250,2,during,2026-05-06T07:43:50.073482+00:00,50,0,50,0,0,
proxy_pgcat,readonly_steady,250,2,during,2026-05-06T07:43:52.266334+00:00,50,3,47,0,0,
proxy_pgcat,readonly_steady,250,2,during,2026-05-06T07:43:54.441083+00:00,50,0,50,0,0,
proxy_pgcat,readonly_steady,250,2,during,2026-05-06T07:43:56.672790+00:00,50,0,50,0,0,
proxy_pgcat,readonly_steady,250,2,during,2026-05-06T07:43:58.820761+00:00,50,0,50,0,0,
proxy_pgcat,readonly_steady,250,2,during,2026-05-06T07:44:01.076507+00:00,50,1,49,0,0,
proxy_pgcat,readonly_steady,250,2,during,2026-05-06T07:44:03.330181+00:00,50,2,48,0,0,
proxy_pgcat,readonly_steady,250,2,during,2026-05-06T07:44:05.582239+00:00,50,4,46,0,0,
proxy_pgcat,readonly_steady,250,2,during,2026-05-06T07:44:07.836680+00:00,50,1,49,0,0,
proxy_pgcat,readonly_steady,250,2,during,2026-05-06T07:44:09.984497+00:00,50,1,49,0,0,
proxy_pgcat,readonly_steady,250,2,during,2026-05-06T07:44:12.134215+00:00,50,3,47,0,0,
proxy_pgcat,readonly_steady,250,2,during,2026-05-06T07:44:15.001262+00:00,50,0,50,0,0,
proxy_pgcat,readonly_steady,250,2,after_15s,2026-05-06T07:44:31.182531+00:00,50,0,50,0,0,
proxy_pgcat,readonly_steady,250,2,after_30s,2026-05-06T07:44:47.361061+00:00,50,0,50,0,0,
proxy_pgcat,readonly_steady,250,2,after_45s,2026-05-06T07:45:03.539447+00:00,50,0,50,0,0,
proxy_pgcat,readonly_steady,250,2,after_60s,2026-05-06T07:45:19.719282+00:00,50,0,50,0,0,
proxy_pgcat,readonly_steady,250,2,after_90s,2026-05-06T07:45:50.851278+00:00,50,0,50,0,0,
proxy_pgcat,readonly_steady,250,3,before,2026-05-06T07:45:58.425842+00:00,1,0,1,0,0,
proxy_pgcat,readonly_steady,250,3,during,2026-05-06T07:45:59.474519+00:00,1,0,1,0,0,
proxy_pgcat,readonly_steady,250,3,during,2026-05-06T07:46:01.705497+00:00,50,4,46,0,0,
proxy_pgcat,readonly_steady,250,3,during,2026-05-06T07:46:03.954483+00:00,50,1,49,0,0,
proxy_pgcat,readonly_steady,250,3,during,2026-05-06T07:46:06.208761+00:00,50,1,49,0,0,
proxy_pgcat,readonly_steady,250,3,during,2026-05-06T07:46:08.402943+00:00,50,1,49,0,0,
proxy_pgcat,readonly_steady,250,3,during,2026-05-06T07:46:10.508739+00:00,50,3,47,0,0,
proxy_pgcat,readonly_steady,250,3,during,2026-05-06T07:46:12.660656+00:00,50,1,49,0,0,
proxy_pgcat,readonly_steady,250,3,during,2026-05-06T07:46:14.808438+00:00,50,1,49,0,0,
proxy_pgcat,readonly_steady,250,3,during,2026-05-06T07:46:17.061087+00:00,50,3,47,0,0,
proxy_pgcat,readonly_steady,250,3,during,2026-05-06T07:46:19.318602+00:00,50,2,48,0,0,
proxy_pgcat,readonly_steady,250,3,during,2026-05-06T07:46:21.567190+00:00,50,0,50,0,0,
proxy_pgcat,readonly_steady,250,3,during,2026-05-06T07:46:23.819433+00:00,50,3,47,0,0,
proxy_pgcat,readonly_steady,250,3,during,2026-05-06T07:46:26.078709+00:00,50,3,47,0,0,
proxy_pgcat,readonly_steady,250,3,during,2026-05-06T07:46:28.326991+00:00,50,1,49,0,0,
proxy_pgcat,readonly_steady,250,3,during,2026-05-06T07:46:30.476523+00:00,50,1,49,0,0,
proxy_pgcat,readonly_steady,250,3,during,2026-05-06T07:46:32.674386+00:00,50,2,48,0,0,
proxy_pgcat,readonly_steady,250,3,during,2026-05-06T07:46:34.787396+00:00,50,0,50,0,0,
proxy_pgcat,readonly_steady,250,3,during,2026-05-06T07:46:36.953107+00:00,50,2,48,0,0,
proxy_pgcat,readonly_steady,250,3,during,2026-05-06T07:46:39.181572+00:00,50,1,49,0,0,
proxy_pgcat,readonly_steady,250,3,during,2026-05-06T07:46:41.429249+00:00,50,1,49,0,0,
proxy_pgcat,readonly_steady,250,3,during,2026-05-06T07:46:43.689323+00:00,50,3,47,0,0,
proxy_pgcat,readonly_steady,250,3,during,2026-05-06T07:46:45.937896+00:00,50,2,48,0,0,
proxy_pgcat,readonly_steady,250,3,during,2026-05-06T07:46:48.191582+00:00,50,5,45,0,0,
proxy_pgcat,readonly_steady,250,3,during,2026-05-06T07:46:50.444425+00:00,50,4,46,0,0,
proxy_pgcat,readonly_steady,250,3,during,2026-05-06T07:46:52.534481+00:00,50,1,49,0,0,
proxy_pgcat,readonly_steady,250,3,during,2026-05-06T07:46:54.624479+00:00,50,3,47,0,0,
proxy_pgcat,readonly_steady,250,3,during,2026-05-06T07:46:56.895648+00:00,50,2,48,0,0,
proxy_pgcat,readonly_steady,250,3,during,2026-05-06T07:46:59.066136+00:00,50,0,50,0,0,
proxy_pgcat,readonly_steady,250,3,after_15s,2026-05-06T07:47:15.433506+00:00,50,0,50,0,0,
proxy_pgcat,readonly_steady,250,3,after_30s,2026-05-06T07:47:31.610908+00:00,50,0,50,0,0,
proxy_pgcat,readonly_steady,250,3,after_45s,2026-05-06T07:47:47.791034+00:00,50,0,50,0,0,
proxy_pgcat,readonly_steady,250,3,after_60s,2026-05-06T07:48:03.971811+00:00,50,0,50,0,0,
proxy_pgcat,readonly_steady,250,3,after_90s,2026-05-06T07:48:35.103419+00:00,50,0,50,0,0,
proxy_pgcat,readonly_connect,1,1,before,2026-05-06T07:48:42.679819+00:00,1,0,1,0,0,
proxy_pgcat,readonly_connect,1,1,during,2026-05-06T07:48:43.704493+00:00,1,0,1,0,0,
proxy_pgcat,readonly_connect,1,1,during,2026-05-06T07:48:45.945392+00:00,1,0,1,0,0,
proxy_pgcat,readonly_connect,1,1,during,2026-05-06T07:48:48.019407+00:00,1,0,1,0,0,
proxy_pgcat,readonly_connect,1,1,during,2026-05-06T07:48:50.087293+00:00,1,0,1,0,0,
proxy_pgcat,readonly_connect,1,1,during,2026-05-06T07:48:52.158022+00:00,1,0,1,0,0,
proxy_pgcat,readonly_connect,1,1,during,2026-05-06T07:48:54.228794+00:00,1,0,1,0,0,
proxy_pgcat,readonly_connect,1,1,during,2026-05-06T07:48:56.294608+00:00,1,0,1,0,0,
proxy_pgcat,readonly_connect,1,1,during,2026-05-06T07:48:58.362359+00:00,1,0,1,0,0,
proxy_pgcat,readonly_connect,1,1,during,2026-05-06T07:49:00.485906+00:00,1,0,1,0,0,
proxy_pgcat,readonly_connect,1,1,during,2026-05-06T07:49:02.552243+00:00,1,0,1,0,0,
proxy_pgcat,readonly_connect,1,1,during,2026-05-06T07:49:04.624512+00:00,1,0,1,0,0,
proxy_pgcat,readonly_connect,1,1,during,2026-05-06T07:49:06.692770+00:00,1,0,1,0,0,
proxy_pgcat,readonly_connect,1,1,during,2026-05-06T07:49:08.763418+00:00,1,0,1,0,0,
proxy_pgcat,readonly_connect,1,1,during,2026-05-06T07:49:10.833412+00:00,1,0,1,0,0,
proxy_pgcat,readonly_connect,1,1,during,2026-05-06T07:49:12.906033+00:00,1,0,1,0,0,
proxy_pgcat,readonly_connect,1,1,after_15s,2026-05-06T07:49:28.986697+00:00,1,0,1,0,0,
proxy_pgcat,readonly_connect,1,1,after_30s,2026-05-06T07:49:45.143552+00:00,1,0,1,0,0,
proxy_pgcat,readonly_connect,1,1,after_45s,2026-05-06T07:50:01.325116+00:00,1,0,1,0,0,
proxy_pgcat,readonly_connect,1,1,after_60s,2026-05-06T07:50:17.502568+00:00,1,0,1,0,0,
proxy_pgcat,readonly_connect,1,1,after_90s,2026-05-06T07:50:48.585024+00:00,1,0,1,0,0,
proxy_pgcat,readonly_connect,1,2,before,2026-05-06T07:50:56.414638+00:00,1,0,1,0,0,
proxy_pgcat,readonly_connect,1,2,during,2026-05-06T07:50:57.440476+00:00,1,0,1,0,0,
proxy_pgcat,readonly_connect,1,2,during,2026-05-06T07:50:59.511961+00:00,1,0,1,0,0,
proxy_pgcat,readonly_connect,1,2,during,2026-05-06T07:51:01.581946+00:00,1,0,1,0,0,
proxy_pgcat,readonly_connect,1,2,during,2026-05-06T07:51:03.652807+00:00,1,0,1,0,0,
proxy_pgcat,readonly_connect,1,2,during,2026-05-06T07:51:05.724240+00:00,1,0,1,0,0,
proxy_pgcat,readonly_connect,1,2,during,2026-05-06T07:51:07.793769+00:00,1,0,1,0,0,
proxy_pgcat,readonly_connect,1,2,during,2026-05-06T07:51:09.862483+00:00,1,0,1,0,0,
proxy_pgcat,readonly_connect,1,2,during,2026-05-06T07:51:11.930356+00:00,1,0,1,0,0,
proxy_pgcat,readonly_connect,1,2,during,2026-05-06T07:51:14.023366+00:00,1,0,1,0,0,
proxy_pgcat,readonly_connect,1,2,during,2026-05-06T07:51:16.088852+00:00,1,0,1,0,0,
proxy_pgcat,readonly_connect,1,2,during,2026-05-06T07:51:18.156462+00:00,1,0,1,0,0,
proxy_pgcat,readonly_connect,1,2,during,2026-05-06T07:51:20.227734+00:00,1,0,1,0,0,
proxy_pgcat,readonly_connect,1,2,during,2026-05-06T07:51:22.299459+00:00,1,0,1,0,0,
proxy_pgcat,readonly_connect,1,2,during,2026-05-06T07:51:24.367154+00:00,1,0,1,0,0,
proxy_pgcat,readonly_connect,1,2,during,2026-05-06T07:51:26.437653+00:00,1,0,1,0,0,
proxy_pgcat,readonly_connect,1,2,after_15s,2026-05-06T07:51:42.526973+00:00,1,0,1,0,0,
proxy_pgcat,readonly_connect,1,2,after_30s,2026-05-06T07:51:58.674250+00:00,1,0,1,0,0,
proxy_pgcat,readonly_connect,1,2,after_45s,2026-05-06T07:52:14.854456+00:00,1,0,1,0,0,
proxy_pgcat,readonly_connect,1,2,after_60s,2026-05-06T07:52:31.031520+00:00,1,0,1,0,0,
proxy_pgcat,readonly_connect,1,2,after_90s,2026-05-06T07:53:02.161915+00:00,1,0,1,0,0,
proxy_pgcat,readonly_connect,1,3,before,2026-05-06T07:53:09.947217+00:00,1,0,1,0,0,
proxy_pgcat,readonly_connect,1,3,during,2026-05-06T07:53:10.971447+00:00,1,0,1,0,0,
proxy_pgcat,readonly_connect,1,3,during,2026-05-06T07:53:13.040431+00:00,1,0,1,0,0,
proxy_pgcat,readonly_connect,1,3,during,2026-05-06T07:53:15.105710+00:00,1,0,1,0,0,
proxy_pgcat,readonly_connect,1,3,during,2026-05-06T07:53:17.173535+00:00,1,0,1,0,0,
proxy_pgcat,readonly_connect,1,3,during,2026-05-06T07:53:19.241594+00:00,1,0,1,0,0,
proxy_pgcat,readonly_connect,1,3,during,2026-05-06T07:53:21.309361+00:00,1,0,1,0,0,
proxy_pgcat,readonly_connect,1,3,during,2026-05-06T07:53:23.376032+00:00,1,0,1,0,0,
proxy_pgcat,readonly_connect,1,3,during,2026-05-06T07:53:25.445362+00:00,1,0,1,0,0,
proxy_pgcat,readonly_connect,1,3,during,2026-05-06T07:53:27.515154+00:00,1,0,1,0,0,
proxy_pgcat,readonly_connect,1,3,during,2026-05-06T07:53:29.583413+00:00,1,0,1,0,0,
proxy_pgcat,readonly_connect,1,3,during,2026-05-06T07:53:31.652012+00:00,1,0,1,0,0,
proxy_pgcat,readonly_connect,1,3,during,2026-05-06T07:53:33.719140+00:00,1,0,1,0,0,
proxy_pgcat,readonly_connect,1,3,during,2026-05-06T07:53:35.793441+00:00,1,0,1,0,0,
proxy_pgcat,readonly_connect,1,3,during,2026-05-06T07:53:37.862696+00:00,1,0,1,0,0,
proxy_pgcat,readonly_connect,1,3,during,2026-05-06T07:53:39.932713+00:00,1,0,1,0,0,
proxy_pgcat,readonly_connect,1,3,after_15s,2026-05-06T07:53:56.230580+00:00,1,0,1,0,0,
proxy_pgcat,readonly_connect,1,3,after_30s,2026-05-06T07:54:12.411743+00:00,1,0,1,0,0,
proxy_pgcat,readonly_connect,1,3,after_45s,2026-05-06T07:54:28.580304+00:00,1,0,1,0,0,
proxy_pgcat,readonly_connect,1,3,after_60s,2026-05-06T07:54:44.869854+00:00,1,0,1,0,0,
proxy_pgcat,readonly_connect,1,3,after_90s,2026-05-06T07:55:16.100798+00:00,1,0,1,0,0,
proxy_pgcat,readonly_connect,10,1,before,2026-05-06T07:55:23.884778+00:00,1,0,1,0,0,
proxy_pgcat,readonly_connect,10,1,during,2026-05-06T07:55:24.909079+00:00,8,0,8,0,0,
proxy_pgcat,readonly_connect,10,1,during,2026-05-06T07:55:26.980646+00:00,8,0,8,0,0,
proxy_pgcat,readonly_connect,10,1,during,2026-05-06T07:55:29.050884+00:00,8,0,8,0,0,
proxy_pgcat,readonly_connect,10,1,during,2026-05-06T07:55:31.122486+00:00,8,0,8,0,0,
proxy_pgcat,readonly_connect,10,1,during,2026-05-06T07:55:33.194324+00:00,8,0,8,0,0,
proxy_pgcat,readonly_connect,10,1,during,2026-05-06T07:55:35.263133+00:00,8,0,8,0,0,
proxy_pgcat,readonly_connect,10,1,during,2026-05-06T07:55:37.339868+00:00,8,0,8,0,0,
proxy_pgcat,readonly_connect,10,1,during,2026-05-06T07:55:39.414366+00:00,8,0,8,0,0,
proxy_pgcat,readonly_connect,10,1,during,2026-05-06T07:55:41.487119+00:00,8,0,8,0,0,
proxy_pgcat,readonly_connect,10,1,during,2026-05-06T07:55:43.556642+00:00,8,0,8,0,0,
proxy_pgcat,readonly_connect,10,1,during,2026-05-06T07:55:45.628384+00:00,8,0,8,0,0,
proxy_pgcat,readonly_connect,10,1,during,2026-05-06T07:55:47.698803+00:00,8,0,8,0,0,
proxy_pgcat,readonly_connect,10,1,during,2026-05-06T07:55:49.776700+00:00,8,0,8,0,0,
proxy_pgcat,readonly_connect,10,1,during,2026-05-06T07:55:51.854750+00:00,8,0,8,0,0,
proxy_pgcat,readonly_connect,10,1,during,2026-05-06T07:55:53.925941+00:00,8,0,8,0,0,
proxy_pgcat,readonly_connect,10,1,after_15s,2026-05-06T07:56:10.171441+00:00,8,0,8,0,0,
proxy_pgcat,readonly_connect,10,1,after_30s,2026-05-06T07:56:26.352052+00:00,8,0,8,0,0,
proxy_pgcat,readonly_connect,10,1,after_45s,2026-05-06T07:56:42.504552+00:00,8,0,8,0,0,
proxy_pgcat,readonly_connect,10,1,after_60s,2026-05-06T07:56:58.590462+00:00,8,0,8,0,0,
proxy_pgcat,readonly_connect,10,1,after_90s,2026-05-06T07:57:29.838353+00:00,8,0,8,0,0,
proxy_pgcat,readonly_connect,10,2,before,2026-05-06T07:57:37.621117+00:00,1,0,1,0,0,
proxy_pgcat,readonly_connect,10,2,during,2026-05-06T07:57:38.744878+00:00,8,0,8,0,0,
proxy_pgcat,readonly_connect,10,2,during,2026-05-06T07:57:40.821611+00:00,8,0,8,0,0,
proxy_pgcat,readonly_connect,10,2,during,2026-05-06T07:57:42.894020+00:00,8,0,8,0,0,
proxy_pgcat,readonly_connect,10,2,during,2026-05-06T07:57:44.970325+00:00,8,0,8,0,0,
proxy_pgcat,readonly_connect,10,2,during,2026-05-06T07:57:47.052189+00:00,8,0,8,0,0,
proxy_pgcat,readonly_connect,10,2,during,2026-05-06T07:57:49.131423+00:00,8,0,8,0,0,
proxy_pgcat,readonly_connect,10,2,during,2026-05-06T07:57:51.203581+00:00,8,0,8,0,0,
proxy_pgcat,readonly_connect,10,2,during,2026-05-06T07:57:53.277570+00:00,8,0,8,0,0,
proxy_pgcat,readonly_connect,10,2,during,2026-05-06T07:57:55.350991+00:00,8,0,8,0,0,
proxy_pgcat,readonly_connect,10,2,during,2026-05-06T07:57:57.425186+00:00,8,0,8,0,0,
proxy_pgcat,readonly_connect,10,2,during,2026-05-06T07:57:59.501063+00:00,8,0,8,0,0,
proxy_pgcat,readonly_connect,10,2,during,2026-05-06T07:58:01.573848+00:00,8,0,8,0,0,
proxy_pgcat,readonly_connect,10,2,during,2026-05-06T07:58:03.647573+00:00,8,0,8,0,0,
proxy_pgcat,readonly_connect,10,2,during,2026-05-06T07:58:05.721366+00:00,8,0,8,0,0,
proxy_pgcat,readonly_connect,10,2,during,2026-05-06T07:58:07.801099+00:00,8,0,8,0,0,
proxy_pgcat,readonly_connect,10,2,after_15s,2026-05-06T07:58:23.906711+00:00,8,0,8,0,0,
proxy_pgcat,readonly_connect,10,2,after_30s,2026-05-06T07:58:40.138652+00:00,8,0,8,0,0,
proxy_pgcat,readonly_connect,10,2,after_45s,2026-05-06T07:58:56.264619+00:00,8,0,8,0,0,
proxy_pgcat,readonly_connect,10,2,after_60s,2026-05-06T07:59:12.446924+00:00,8,0,8,0,0,
proxy_pgcat,readonly_connect,10,2,after_90s,2026-05-06T07:59:43.573483+00:00,8,0,8,0,0,
proxy_pgcat,readonly_connect,10,3,before,2026-05-06T07:59:51.357842+00:00,1,0,1,0,0,
proxy_pgcat,readonly_connect,10,3,during,2026-05-06T07:59:52.456523+00:00,9,0,9,0,0,
proxy_pgcat,readonly_connect,10,3,during,2026-05-06T07:59:54.528061+00:00,9,0,9,0,0,
proxy_pgcat,readonly_connect,10,3,during,2026-05-06T07:59:56.603435+00:00,9,0,9,0,0,
proxy_pgcat,readonly_connect,10,3,during,2026-05-06T07:59:58.676085+00:00,9,0,9,0,0,
proxy_pgcat,readonly_connect,10,3,during,2026-05-06T08:00:00.881447+00:00,9,0,9,0,0,
proxy_pgcat,readonly_connect,10,3,during,2026-05-06T08:00:02.957940+00:00,9,0,9,0,0,
proxy_pgcat,readonly_connect,10,3,during,2026-05-06T08:00:05.032034+00:00,9,0,9,0,0,
proxy_pgcat,readonly_connect,10,3,during,2026-05-06T08:00:07.108913+00:00,9,0,9,0,0,
proxy_pgcat,readonly_connect,10,3,during,2026-05-06T08:00:09.179688+00:00,9,0,9,0,0,
proxy_pgcat,readonly_connect,10,3,during,2026-05-06T08:00:11.252845+00:00,9,0,9,0,0,
proxy_pgcat,readonly_connect,10,3,during,2026-05-06T08:00:13.327059+00:00,9,0,9,0,0,
proxy_pgcat,readonly_connect,10,3,during,2026-05-06T08:00:15.401227+00:00,9,0,9,0,0,
proxy_pgcat,readonly_connect,10,3,during,2026-05-06T08:00:17.477504+00:00,9,0,9,0,0,
proxy_pgcat,readonly_connect,10,3,during,2026-05-06T08:00:19.553944+00:00,9,0,9,0,0,
proxy_pgcat,readonly_connect,10,3,after_15s,2026-05-06T08:00:36.821806+00:00,9,0,9,0,0,
proxy_pgcat,readonly_connect,10,3,after_30s,2026-05-06T08:00:53.001843+00:00,9,0,9,0,0,
proxy_pgcat,readonly_connect,10,3,after_45s,2026-05-06T08:01:09.180503+00:00,9,0,9,0,0,
proxy_pgcat,readonly_connect,10,3,after_60s,2026-05-06T08:01:25.363682+00:00,9,0,9,0,0,
proxy_pgcat,readonly_connect,10,3,after_90s,2026-05-06T08:01:56.490804+00:00,9,0,9,0,0,
proxy_pgcat,readonly_connect,25,1,before,2026-05-06T08:02:04.271513+00:00,1,0,1,0,0,
proxy_pgcat,readonly_connect,25,1,during,2026-05-06T08:02:05.301509+00:00,6,0,6,0,0,
proxy_pgcat,readonly_connect,25,1,during,2026-05-06T08:02:07.446485+00:00,9,0,9,0,0,
proxy_pgcat,readonly_connect,25,1,during,2026-05-06T08:02:09.702101+00:00,9,0,9,0,0,
proxy_pgcat,readonly_connect,25,1,during,2026-05-06T08:02:11.853459+00:00,9,0,9,0,0,
proxy_pgcat,readonly_connect,25,1,during,2026-05-06T08:02:14.104242+00:00,9,0,9,0,0,
proxy_pgcat,readonly_connect,25,1,during,2026-05-06T08:02:16.254729+00:00,9,0,9,0,0,
proxy_pgcat,readonly_connect,25,1,during,2026-05-06T08:02:18.513992+00:00,9,0,9,0,0,
proxy_pgcat,readonly_connect,25,1,during,2026-05-06T08:02:20.656687+00:00,9,0,9,0,0,
proxy_pgcat,readonly_connect,25,1,during,2026-05-06T08:02:24.541555+00:00,9,0,9,0,0,
proxy_pgcat,readonly_connect,25,1,during,2026-05-06T08:02:26.802454+00:00,9,0,9,0,0,
proxy_pgcat,readonly_connect,25,1,during,2026-05-06T08:02:29.055105+00:00,9,0,9,0,0,
proxy_pgcat,readonly_connect,25,1,during,2026-05-06T08:02:31.307850+00:00,9,0,9,0,0,
proxy_pgcat,readonly_connect,25,1,during,2026-05-06T08:02:33.456035+00:00,9,0,9,0,0,
proxy_pgcat,readonly_connect,25,1,after_15s,2026-05-06T08:02:49.741052+00:00,9,0,9,0,0,
proxy_pgcat,readonly_connect,25,1,after_30s,2026-05-06T08:03:05.917874+00:00,9,0,9,0,0,
proxy_pgcat,readonly_connect,25,1,after_45s,2026-05-06T08:03:22.097659+00:00,9,0,9,0,0,
proxy_pgcat,readonly_connect,25,1,after_60s,2026-05-06T08:03:38.277436+00:00,9,0,9,0,0,
proxy_pgcat,readonly_connect,25,1,after_90s,2026-05-06T08:04:09.409838+00:00,9,0,9,0,0,
proxy_pgcat,readonly_connect,25,2,before,2026-05-06T08:04:16.929905+00:00,1,0,1,0,0,
proxy_pgcat,readonly_connect,25,2,during,2026-05-06T08:04:18.013230+00:00,20,0,20,0,0,
proxy_pgcat,readonly_connect,25,2,during,2026-05-06T08:04:20.262887+00:00,20,0,20,0,0,
proxy_pgcat,readonly_connect,25,2,during,2026-05-06T08:04:22.410005+00:00,20,0,20,0,0,
proxy_pgcat,readonly_connect,25,2,during,2026-05-06T08:04:24.490376+00:00,20,0,20,0,0,
proxy_pgcat,readonly_connect,25,2,during,2026-05-06T08:04:26.579439+00:00,20,0,20,0,0,
proxy_pgcat,readonly_connect,25,2,during,2026-05-06T08:04:28.675715+00:00,20,0,20,0,0,
proxy_pgcat,readonly_connect,25,2,during,2026-05-06T08:04:30.809065+00:00,20,0,20,0,0,
proxy_pgcat,readonly_connect,25,2,during,2026-05-06T08:04:32.959979+00:00,20,0,20,0,0,
proxy_pgcat,readonly_connect,25,2,during,2026-05-06T08:04:35.215440+00:00,20,0,20,0,0,
proxy_pgcat,readonly_connect,25,2,during,2026-05-06T08:04:37.471022+00:00,20,0,20,0,0,
proxy_pgcat,readonly_connect,25,2,during,2026-05-06T08:04:39.563353+00:00,20,0,20,0,0,
proxy_pgcat,readonly_connect,25,2,during,2026-05-06T08:04:41.646287+00:00,20,0,20,0,0,
proxy_pgcat,readonly_connect,25,2,during,2026-05-06T08:04:43.738080+00:00,20,0,20,0,0,
proxy_pgcat,readonly_connect,25,2,during,2026-05-06T08:04:45.863500+00:00,20,0,20,0,0,
proxy_pgcat,readonly_connect,25,2,after_15s,2026-05-06T08:05:02.145606+00:00,20,0,20,0,0,
proxy_pgcat,readonly_connect,25,2,after_30s,2026-05-06T08:05:18.425901+00:00,20,0,20,0,0,
proxy_pgcat,readonly_connect,25,2,after_45s,2026-05-06T08:05:34.707745+00:00,20,0,20,0,0,
proxy_pgcat,readonly_connect,25,2,after_60s,2026-05-06T08:05:50.989532+00:00,20,0,20,0,0,
proxy_pgcat,readonly_connect,25,2,after_90s,2026-05-06T08:06:22.118451+00:00,20,0,20,0,0,
proxy_pgcat,readonly_connect,25,3,before,2026-05-06T08:06:29.901576+00:00,1,0,1,0,0,
proxy_pgcat,readonly_connect,25,3,during,2026-05-06T08:06:30.934667+00:00,14,0,14,0,0,
proxy_pgcat,readonly_connect,25,3,during,2026-05-06T08:06:33.076132+00:00,14,0,14,0,0,
proxy_pgcat,readonly_connect,25,3,during,2026-05-06T08:06:35.230649+00:00,14,0,14,0,0,
proxy_pgcat,readonly_connect,25,3,during,2026-05-06T08:06:37.483207+00:00,14,0,14,0,0,
proxy_pgcat,readonly_connect,25,3,during,2026-05-06T08:06:39.628848+00:00,14,0,14,0,0,
proxy_pgcat,readonly_connect,25,3,during,2026-05-06T08:06:41.782994+00:00,14,0,14,0,0,
proxy_pgcat,readonly_connect,25,3,during,2026-05-06T08:06:44.034082+00:00,14,0,14,0,0,
proxy_pgcat,readonly_connect,25,3,during,2026-05-06T08:06:46.286664+00:00,14,0,14,0,0,
proxy_pgcat,readonly_connect,25,3,during,2026-05-06T08:06:48.437131+00:00,14,0,14,0,0,
proxy_pgcat,readonly_connect,25,3,during,2026-05-06T08:06:50.588253+00:00,14,0,14,0,0,
proxy_pgcat,readonly_connect,25,3,during,2026-05-06T08:06:52.738571+00:00,14,0,14,0,0,
proxy_pgcat,readonly_connect,25,3,during,2026-05-06T08:06:54.888520+00:00,14,0,14,0,0,
proxy_pgcat,readonly_connect,25,3,during,2026-05-06T08:06:57.141617+00:00,14,0,14,0,0,
proxy_pgcat,readonly_connect,25,3,during,2026-05-06T08:06:59.284592+00:00,14,0,14,0,0,
proxy_pgcat,readonly_connect,25,3,after_15s,2026-05-06T08:07:15.574713+00:00,14,0,14,0,0,
proxy_pgcat,readonly_connect,25,3,after_30s,2026-05-06T08:07:31.754355+00:00,14,0,14,0,0,
proxy_pgcat,readonly_connect,25,3,after_45s,2026-05-06T08:07:47.929124+00:00,14,0,14,0,0,
proxy_pgcat,readonly_connect,25,3,after_60s,2026-05-06T08:08:04.111156+00:00,14,0,14,0,0,
proxy_pgcat,readonly_connect,25,3,after_90s,2026-05-06T08:08:35.239523+00:00,14,0,14,0,0,
proxy_pgcat,readonly_connect,50,1,before,2026-05-06T08:08:42.592357+00:00,1,0,1,0,0,
proxy_pgcat,readonly_connect,50,1,during,2026-05-06T08:08:43.648940+00:00,36,0,36,0,0,
proxy_pgcat,readonly_connect,50,1,during,2026-05-06T08:08:45.906760+00:00,36,0,36,0,0,
proxy_pgcat,readonly_connect,50,1,during,2026-05-06T08:08:48.058910+00:00,36,0,36,0,0,
proxy_pgcat,readonly_connect,50,1,during,2026-05-06T08:08:50.210997+00:00,36,0,36,0,0,
proxy_pgcat,readonly_connect,50,1,during,2026-05-06T08:08:52.455067+00:00,36,0,36,0,0,
proxy_pgcat,readonly_connect,50,1,during,2026-05-06T08:08:54.616737+00:00,36,0,36,0,0,
proxy_pgcat,readonly_connect,50,1,during,2026-05-06T08:08:56.779168+00:00,36,0,36,0,0,
proxy_pgcat,readonly_connect,50,1,during,2026-05-06T08:08:58.947412+00:00,36,0,36,0,0,
proxy_pgcat,readonly_connect,50,1,during,2026-05-06T08:09:01.054788+00:00,36,0,36,0,0,
proxy_pgcat,readonly_connect,50,1,during,2026-05-06T08:09:03.236403+00:00,36,0,36,0,0,
proxy_pgcat,readonly_connect,50,1,during,2026-05-06T08:09:05.369463+00:00,36,0,36,0,0,
proxy_pgcat,readonly_connect,50,1,during,2026-05-06T08:09:07.513800+00:00,36,0,36,0,0,
proxy_pgcat,readonly_connect,50,1,during,2026-05-06T08:09:09.657723+00:00,36,0,36,0,0,
proxy_pgcat,readonly_connect,50,1,during,2026-05-06T08:09:11.811798+00:00,36,0,36,0,0,
proxy_pgcat,readonly_connect,50,1,after_15s,2026-05-06T08:09:28.079055+00:00,36,0,36,0,0,
proxy_pgcat,readonly_connect,50,1,after_30s,2026-05-06T08:09:44.258606+00:00,36,0,36,0,0,
proxy_pgcat,readonly_connect,50,1,after_45s,2026-05-06T08:10:00.438158+00:00,36,0,36,0,0,
proxy_pgcat,readonly_connect,50,1,after_60s,2026-05-06T08:10:16.614030+00:00,36,0,36,0,0,
proxy_pgcat,readonly_connect,50,1,after_90s,2026-05-06T08:10:47.750376+00:00,36,0,36,0,0,
proxy_pgcat,readonly_connect,50,2,before,2026-05-06T08:10:55.530922+00:00,1,0,1,0,0,
proxy_pgcat,readonly_connect,50,2,during,2026-05-06T08:10:56.683762+00:00,37,0,37,0,0,
proxy_pgcat,readonly_connect,50,2,during,2026-05-06T08:10:58.821247+00:00,37,0,37,0,0,
proxy_pgcat,readonly_connect,50,2,during,2026-05-06T08:11:01.070582+00:00,37,0,37,0,0,
proxy_pgcat,readonly_connect,50,2,during,2026-05-06T08:11:03.222461+00:00,37,0,37,0,0,
proxy_pgcat,readonly_connect,50,2,during,2026-05-06T08:11:05.399017+00:00,37,0,37,0,0,
proxy_pgcat,readonly_connect,50,2,during,2026-05-06T08:11:07.553516+00:00,37,0,37,0,0,
proxy_pgcat,readonly_connect,50,2,during,2026-05-06T08:11:09.687815+00:00,37,0,37,0,0,
proxy_pgcat,readonly_connect,50,2,during,2026-05-06T08:11:11.926746+00:00,37,0,37,0,0,
proxy_pgcat,readonly_connect,50,2,during,2026-05-06T08:11:14.077373+00:00,37,0,37,0,0,
proxy_pgcat,readonly_connect,50,2,during,2026-05-06T08:11:16.332726+00:00,37,0,37,0,0,
proxy_pgcat,readonly_connect,50,2,during,2026-05-06T08:11:18.501734+00:00,37,0,37,0,0,
proxy_pgcat,readonly_connect,50,2,during,2026-05-06T08:11:20.636721+00:00,37,0,37,0,0,
proxy_pgcat,readonly_connect,50,2,during,2026-05-06T08:11:22.784416+00:00,37,0,37,0,0,
proxy_pgcat,readonly_connect,50,2,during,2026-05-06T08:11:24.951754+00:00,37,1,36,0,0,
proxy_pgcat,readonly_connect,50,2,after_15s,2026-05-06T08:11:41.200777+00:00,37,0,37,0,0,
proxy_pgcat,readonly_connect,50,2,after_30s,2026-05-06T08:11:57.379240+00:00,37,0,37,0,0,
proxy_pgcat,readonly_connect,50,2,after_45s,2026-05-06T08:12:13.560402+00:00,37,0,37,0,0,
proxy_pgcat,readonly_connect,50,2,after_60s,2026-05-06T08:12:29.741795+00:00,37,0,37,0,0,
proxy_pgcat,readonly_connect,50,2,after_90s,2026-05-06T08:13:00.870042+00:00,37,0,37,0,0,
proxy_pgcat,readonly_connect,50,3,before,2026-05-06T08:13:08.443510+00:00,1,0,1,0,0,
proxy_pgcat,readonly_connect,50,3,during,2026-05-06T08:13:09.493817+00:00,30,0,30,0,0,
proxy_pgcat,readonly_connect,50,3,during,2026-05-06T08:13:11.743750+00:00,30,0,30,0,0,
proxy_pgcat,readonly_connect,50,3,during,2026-05-06T08:13:13.994714+00:00,30,0,30,0,0,
proxy_pgcat,readonly_connect,50,3,during,2026-05-06T08:13:16.243730+00:00,30,0,30,0,0,
proxy_pgcat,readonly_connect,50,3,during,2026-05-06T08:13:18.387928+00:00,30,0,30,0,0,
proxy_pgcat,readonly_connect,50,3,during,2026-05-06T08:13:20.608894+00:00,30,0,30,0,0,
proxy_pgcat,readonly_connect,50,3,during,2026-05-06T08:13:22.780383+00:00,30,0,30,0,0,
proxy_pgcat,readonly_connect,50,3,during,2026-05-06T08:13:24.949591+00:00,30,0,30,0,0,
proxy_pgcat,readonly_connect,50,3,during,2026-05-06T08:13:27.110285+00:00,30,0,30,0,0,
proxy_pgcat,readonly_connect,50,3,during,2026-05-06T08:13:29.243755+00:00,30,0,30,0,0,
proxy_pgcat,readonly_connect,50,3,during,2026-05-06T08:13:31.489202+00:00,30,0,30,0,0,
proxy_pgcat,readonly_connect,50,3,during,2026-05-06T08:13:33.744686+00:00,30,0,30,0,0,
proxy_pgcat,readonly_connect,50,3,during,2026-05-06T08:13:36.000556+00:00,30,0,30,0,0,
proxy_pgcat,readonly_connect,50,3,during,2026-05-06T08:13:38.160696+00:00,30,0,30,0,0,
proxy_pgcat,readonly_connect,50,3,after_15s,2026-05-06T08:13:54.320006+00:00,30,0,30,0,0,
proxy_pgcat,readonly_connect,50,3,after_30s,2026-05-06T08:14:10.500036+00:00,30,0,30,0,0,
proxy_pgcat,readonly_connect,50,3,after_45s,2026-05-06T08:14:26.679984+00:00,30,0,30,0,0,
proxy_pgcat,readonly_connect,50,3,after_60s,2026-05-06T08:14:42.859353+00:00,30,0,30,0,0,
proxy_pgcat,readonly_connect,50,3,after_90s,2026-05-06T08:15:13.991419+00:00,30,0,30,0,0,
proxy_pgcat,readonly_connect,100,1,before,2026-05-06T08:15:21.772791+00:00,1,0,1,0,0,
proxy_pgcat,readonly_connect,100,1,during,2026-05-06T08:15:22.828101+00:00,6,0,6,0,0,
proxy_pgcat,readonly_connect,100,1,during,2026-05-06T08:15:25.287614+00:00,6,0,6,0,0,
proxy_pgcat,readonly_connect,100,1,during,2026-05-06T08:15:27.566711+00:00,6,0,6,0,0,
proxy_pgcat,readonly_connect,100,1,during,2026-05-06T08:15:29.787528+00:00,8,0,8,0,0,
proxy_pgcat,readonly_connect,100,1,during,2026-05-06T08:15:31.966234+00:00,8,0,8,0,0,
proxy_pgcat,readonly_connect,100,1,during,2026-05-06T08:15:34.184974+00:00,8,0,8,0,0,
proxy_pgcat,readonly_connect,100,1,during,2026-05-06T08:15:36.393517+00:00,8,0,8,0,0,
proxy_pgcat,readonly_connect,100,1,during,2026-05-06T08:15:38.608307+00:00,8,0,8,0,0,
proxy_pgcat,readonly_connect,100,1,during,2026-05-06T08:15:40.797895+00:00,8,0,8,0,0,
proxy_pgcat,readonly_connect,100,1,during,2026-05-06T08:15:42.951747+00:00,9,0,9,0,0,
proxy_pgcat,readonly_connect,100,1,during,2026-05-06T08:15:45.150820+00:00,9,0,9,0,0,
proxy_pgcat,readonly_connect,100,1,during,2026-05-06T08:15:47.348831+00:00,9,0,9,0,0,
proxy_pgcat,readonly_connect,100,1,during,2026-05-06T08:15:49.524800+00:00,9,0,9,0,0,
proxy_pgcat,readonly_connect,100,1,during,2026-05-06T08:15:51.691363+00:00,9,0,9,0,0,
proxy_pgcat,readonly_connect,100,1,after_15s,2026-05-06T08:16:07.853110+00:00,10,0,10,0,0,
proxy_pgcat,readonly_connect,100,1,after_30s,2026-05-06T08:16:24.031710+00:00,10,0,10,0,0,
proxy_pgcat,readonly_connect,100,1,after_45s,2026-05-06T08:16:40.213127+00:00,10,0,10,0,0,
proxy_pgcat,readonly_connect,100,1,after_60s,2026-05-06T08:16:56.388425+00:00,10,0,10,0,0,
proxy_pgcat,readonly_connect,100,1,after_90s,2026-05-06T08:17:27.518828+00:00,10,0,10,0,0,
proxy_pgcat,readonly_connect,100,2,before,2026-05-06T08:17:35.304653+00:00,1,0,1,0,0,
proxy_pgcat,readonly_connect,100,2,during,2026-05-06T08:17:36.381672+00:00,3,0,3,0,0,
proxy_pgcat,readonly_connect,100,2,during,2026-05-06T08:17:38.580879+00:00,8,0,8,0,0,
proxy_pgcat,readonly_connect,100,2,during,2026-05-06T08:17:40.736090+00:00,8,0,8,0,0,
proxy_pgcat,readonly_connect,100,2,during,2026-05-06T08:17:42.940512+00:00,8,0,8,0,0,
proxy_pgcat,readonly_connect,100,2,during,2026-05-06T08:17:45.173476+00:00,8,0,8,0,0,
proxy_pgcat,readonly_connect,100,2,during,2026-05-06T08:17:47.323764+00:00,8,0,8,0,0,
proxy_pgcat,readonly_connect,100,2,during,2026-05-06T08:17:49.485714+00:00,8,0,8,0,0,
proxy_pgcat,readonly_connect,100,2,during,2026-05-06T08:17:51.688672+00:00,8,0,8,0,0,
proxy_pgcat,readonly_connect,100,2,during,2026-05-06T08:17:53.940127+00:00,8,0,8,0,0,
proxy_pgcat,readonly_connect,100,2,during,2026-05-06T08:17:56.082722+00:00,8,0,8,0,0,
proxy_pgcat,readonly_connect,100,2,during,2026-05-06T08:17:58.266276+00:00,9,0,9,0,0,
proxy_pgcat,readonly_connect,100,2,during,2026-05-06T08:18:00.409720+00:00,9,0,9,0,0,
proxy_pgcat,readonly_connect,100,2,during,2026-05-06T08:18:02.743852+00:00,9,0,9,0,0,
proxy_pgcat,readonly_connect,100,2,during,2026-05-06T08:18:04.998532+00:00,9,0,9,0,0,
proxy_pgcat,readonly_connect,100,2,during,2026-05-06T08:18:07.252447+00:00,9,0,9,0,0,
proxy_pgcat,readonly_connect,100,2,after_15s,2026-05-06T08:18:23.436318+00:00,9,0,9,0,0,
proxy_pgcat,readonly_connect,100,2,after_30s,2026-05-06T08:18:39.611878+00:00,9,0,9,0,0,
proxy_pgcat,readonly_connect,100,2,after_45s,2026-05-06T08:18:55.792345+00:00,9,0,9,0,0,
proxy_pgcat,readonly_connect,100,2,after_60s,2026-05-06T08:19:12.073318+00:00,9,0,9,0,0,
proxy_pgcat,readonly_connect,100,2,after_90s,2026-05-06T08:19:43.308042+00:00,9,0,9,0,0,
proxy_pgcat,readonly_connect,100,3,before,2026-05-06T08:19:50.677555+00:00,1,0,1,0,0,
proxy_pgcat,readonly_connect,100,3,during,2026-05-06T08:19:51.759593+00:00,5,0,5,0,0,
proxy_pgcat,readonly_connect,100,3,during,2026-05-06T08:19:53.992790+00:00,6,0,6,0,0,
proxy_pgcat,readonly_connect,100,3,during,2026-05-06T08:19:56.309128+00:00,6,0,6,0,0,
proxy_pgcat,readonly_connect,100,3,during,2026-05-06T08:19:58.459788+00:00,6,0,6,0,0,
proxy_pgcat,readonly_connect,100,3,during,2026-05-06T08:20:00.631496+00:00,6,0,6,0,0,
proxy_pgcat,readonly_connect,100,3,during,2026-05-06T08:20:02.810305+00:00,8,0,8,0,0,
proxy_pgcat,readonly_connect,100,3,during,2026-05-06T08:20:04.989730+00:00,8,0,8,0,0,
proxy_pgcat,readonly_connect,100,3,during,2026-05-06T08:20:07.218708+00:00,8,0,8,0,0,
proxy_pgcat,readonly_connect,100,3,during,2026-05-06T08:20:09.413522+00:00,8,0,8,0,0,
proxy_pgcat,readonly_connect,100,3,during,2026-05-06T08:20:11.620430+00:00,8,0,8,0,0,
proxy_pgcat,readonly_connect,100,3,during,2026-05-06T08:20:13.854831+00:00,8,0,8,0,0,
proxy_pgcat,readonly_connect,100,3,during,2026-05-06T08:20:16.039544+00:00,8,0,8,0,0,
proxy_pgcat,readonly_connect,100,3,during,2026-05-06T08:20:18.341336+00:00,8,0,8,0,0,
proxy_pgcat,readonly_connect,100,3,during,2026-05-06T08:20:20.527495+00:00,9,0,9,0,0,
proxy_pgcat,readonly_connect,100,3,after_15s,2026-05-06T08:20:36.761550+00:00,9,0,9,0,0,
proxy_pgcat,readonly_connect,100,3,after_30s,2026-05-06T08:20:52.938262+00:00,9,0,9,0,0,
proxy_pgcat,readonly_connect,100,3,after_45s,2026-05-06T08:21:09.117647+00:00,9,0,9,0,0,
proxy_pgcat,readonly_connect,100,3,after_60s,2026-05-06T08:21:25.304690+00:00,9,0,9,0,0,
proxy_pgcat,readonly_connect,100,3,after_90s,2026-05-06T08:21:56.440004+00:00,9,0,9,0,0,
proxy_pgcat,tpcb_steady,10,1,before,2026-05-06T08:22:04.017977+00:00,1,0,1,0,0,
proxy_pgcat,tpcb_steady,10,1,during,2026-05-06T08:22:05.242978+00:00,10,5,2,3,0,
proxy_pgcat,tpcb_steady,10,1,during,2026-05-06T08:22:07.438164+00:00,10,2,0,8,0,
proxy_pgcat,tpcb_steady,10,1,during,2026-05-06T08:22:09.546056+00:00,10,2,1,7,0,
proxy_pgcat,tpcb_steady,10,1,during,2026-05-06T08:22:11.802562+00:00,10,3,1,6,0,
proxy_pgcat,tpcb_steady,10,1,during,2026-05-06T08:22:14.051688+00:00,10,6,1,3,0,
proxy_pgcat,tpcb_steady,10,1,during,2026-05-06T08:22:16.202757+00:00,10,4,0,6,0,
proxy_pgcat,tpcb_steady,10,1,during,2026-05-06T08:22:18.284269+00:00,10,3,1,6,0,
proxy_pgcat,tpcb_steady,10,1,during,2026-05-06T08:22:20.375405+00:00,10,5,1,4,0,
proxy_pgcat,tpcb_steady,10,1,during,2026-05-06T08:22:22.489244+00:00,10,2,3,5,0,
proxy_pgcat,tpcb_steady,10,1,during,2026-05-06T08:22:24.653365+00:00,10,4,0,6,0,
proxy_pgcat,tpcb_steady,10,1,during,2026-05-06T08:22:26.753251+00:00,10,4,0,6,0,
proxy_pgcat,tpcb_steady,10,1,during,2026-05-06T08:22:29.005078+00:00,10,2,0,8,0,
proxy_pgcat,tpcb_steady,10,1,during,2026-05-06T08:22:31.259080+00:00,10,5,1,4,0,
proxy_pgcat,tpcb_steady,10,1,during,2026-05-06T08:22:33.511665+00:00,10,2,2,6,0,
proxy_pgcat,tpcb_steady,10,1,during,2026-05-06T08:22:35.767666+00:00,11,2,0,9,0,
proxy_pgcat,tpcb_steady,10,1,during,2026-05-06T08:22:38.019193+00:00,11,4,1,6,0,
proxy_pgcat,tpcb_steady,10,1,during,2026-05-06T08:22:40.271858+00:00,11,3,2,6,0,
proxy_pgcat,tpcb_steady,10,1,during,2026-05-06T08:22:42.519303+00:00,10,0,2,8,0,
proxy_pgcat,tpcb_steady,10,1,during,2026-05-06T08:22:44.677037+00:00,10,4,1,5,0,
proxy_pgcat,tpcb_steady,10,1,during,2026-05-06T08:22:46.826731+00:00,10,7,0,3,0,
proxy_pgcat,tpcb_steady,10,1,during,2026-05-06T08:22:49.079818+00:00,10,7,1,2,0,
proxy_pgcat,tpcb_steady,10,1,during,2026-05-06T08:22:51.334009+00:00,10,3,1,6,0,
proxy_pgcat,tpcb_steady,10,1,during,2026-05-06T08:22:53.586087+00:00,10,2,1,7,0,
proxy_pgcat,tpcb_steady,10,1,during,2026-05-06T08:22:55.839221+00:00,10,5,1,4,0,
proxy_pgcat,tpcb_steady,10,1,during,2026-05-06T08:22:57.990174+00:00,10,2,1,7,0,
proxy_pgcat,tpcb_steady,10,1,during,2026-05-06T08:23:00.142344+00:00,10,6,1,3,0,
proxy_pgcat,tpcb_steady,10,1,during,2026-05-06T08:23:02.395902+00:00,10,2,1,7,0,
proxy_pgcat,tpcb_steady,10,1,after_15s,2026-05-06T08:23:19.193059+00:00,10,0,10,0,0,
proxy_pgcat,tpcb_steady,10,1,after_30s,2026-05-06T08:23:35.376321+00:00,11,1,10,0,0,
proxy_pgcat,tpcb_steady,10,1,after_45s,2026-05-06T08:23:51.558291+00:00,10,0,10,0,0,
proxy_pgcat,tpcb_steady,10,1,after_60s,2026-05-06T08:24:07.727819+00:00,10,0,10,0,0,
proxy_pgcat,tpcb_steady,10,1,after_90s,2026-05-06T08:24:38.869263+00:00,10,0,10,0,0,
proxy_pgcat,tpcb_steady,10,2,before,2026-05-06T08:24:46.473126+00:00,1,0,1,0,0,
proxy_pgcat,tpcb_steady,10,2,during,2026-05-06T08:24:47.674580+00:00,10,6,1,3,0,
proxy_pgcat,tpcb_steady,10,2,during,2026-05-06T08:24:49.842101+00:00,10,5,0,5,0,
proxy_pgcat,tpcb_steady,10,2,during,2026-05-06T08:24:51.975652+00:00,10,0,3,7,0,
proxy_pgcat,tpcb_steady,10,2,during,2026-05-06T08:24:54.227926+00:00,10,5,1,4,0,
proxy_pgcat,tpcb_steady,10,2,during,2026-05-06T08:24:56.482402+00:00,10,1,3,6,0,
proxy_pgcat,tpcb_steady,10,2,during,2026-05-06T08:24:58.631893+00:00,10,7,1,2,0,
proxy_pgcat,tpcb_steady,10,2,during,2026-05-06T08:25:00.781092+00:00,10,3,1,6,0,
proxy_pgcat,tpcb_steady,10,2,during,2026-05-06T08:25:03.035296+00:00,10,5,1,4,0,
proxy_pgcat,tpcb_steady,10,2,during,2026-05-06T08:25:05.287659+00:00,10,2,0,8,0,
proxy_pgcat,tpcb_steady,10,2,during,2026-05-06T08:25:07.540436+00:00,10,4,1,5,0,
proxy_pgcat,tpcb_steady,10,2,during,2026-05-06T08:25:09.804992+00:00,10,2,1,7,0,
proxy_pgcat,tpcb_steady,10,2,during,2026-05-06T08:25:12.046597+00:00,10,6,1,3,0,
proxy_pgcat,tpcb_steady,10,2,during,2026-05-06T08:25:14.300032+00:00,10,3,1,6,0,
proxy_pgcat,tpcb_steady,10,2,during,2026-05-06T08:25:16.486086+00:00,10,1,1,8,0,
proxy_pgcat,tpcb_steady,10,2,during,2026-05-06T08:25:18.703552+00:00,10,2,3,5,0,
proxy_pgcat,tpcb_steady,10,2,during,2026-05-06T08:25:20.853969+00:00,10,4,3,3,0,
proxy_pgcat,tpcb_steady,10,2,during,2026-05-06T08:25:23.109441+00:00,10,3,1,6,0,
proxy_pgcat,tpcb_steady,10,2,during,2026-05-06T08:25:25.359818+00:00,10,3,0,7,0,
proxy_pgcat,tpcb_steady,10,2,during,2026-05-06T08:25:27.510242+00:00,10,3,2,5,0,
proxy_pgcat,tpcb_steady,10,2,during,2026-05-06T08:25:29.662675+00:00,10,3,2,5,0,
proxy_pgcat,tpcb_steady,10,2,during,2026-05-06T08:25:31.917902+00:00,10,5,1,4,0,
proxy_pgcat,tpcb_steady,10,2,during,2026-05-06T08:25:34.166819+00:00,10,2,1,7,0,
proxy_pgcat,tpcb_steady,10,2,during,2026-05-06T08:25:36.419239+00:00,11,3,1,7,0,
proxy_pgcat,tpcb_steady,10,2,during,2026-05-06T08:25:38.501944+00:00,11,11,0,0,0,
proxy_pgcat,tpcb_steady,10,2,during,2026-05-06T08:25:40.618223+00:00,11,4,2,5,0,
proxy_pgcat,tpcb_steady,10,2,during,2026-05-06T08:25:42.770773+00:00,10,3,1,6,0,
proxy_pgcat,tpcb_steady,10,2,during,2026-05-06T08:25:45.022924+00:00,10,3,2,5,0,
proxy_pgcat,tpcb_steady,10,2,after_15s,2026-05-06T08:26:01.820210+00:00,10,0,10,0,0,
proxy_pgcat,tpcb_steady,10,2,after_30s,2026-05-06T08:26:17.999487+00:00,10,0,10,0,0,
proxy_pgcat,tpcb_steady,10,2,after_45s,2026-05-06T08:26:34.181845+00:00,10,0,10,0,0,
proxy_pgcat,tpcb_steady,10,2,after_60s,2026-05-06T08:26:50.362052+00:00,10,0,10,0,0,
proxy_pgcat,tpcb_steady,10,2,after_90s,2026-05-06T08:27:21.493915+00:00,10,0,10,0,0,
proxy_pgcat,tpcb_steady,10,3,before,2026-05-06T08:27:28.984542+00:00,1,0,1,0,0,
proxy_pgcat,tpcb_steady,10,3,during,2026-05-06T08:27:30.088422+00:00,10,6,1,3,0,
proxy_pgcat,tpcb_steady,10,3,during,2026-05-06T08:27:32.216548+00:00,10,5,1,4,0,
proxy_pgcat,tpcb_steady,10,3,during,2026-05-06T08:27:34.391805+00:00,10,8,1,1,0,
proxy_pgcat,tpcb_steady,10,3,during,2026-05-06T08:27:36.467562+00:00,10,2,1,7,0,
proxy_pgcat,tpcb_steady,10,3,during,2026-05-06T08:27:38.541439+00:00,10,3,0,7,0,
proxy_pgcat,tpcb_steady,10,3,during,2026-05-06T08:27:40.741237+00:00,10,4,1,5,0,
proxy_pgcat,tpcb_steady,10,3,during,2026-05-06T08:27:42.995245+00:00,10,5,1,4,0,
proxy_pgcat,tpcb_steady,10,3,during,2026-05-06T08:27:45.248834+00:00,10,2,0,8,0,
proxy_pgcat,tpcb_steady,10,3,during,2026-05-06T08:27:47.500859+00:00,10,1,2,7,0,
proxy_pgcat,tpcb_steady,10,3,during,2026-05-06T08:27:49.753223+00:00,10,3,1,6,0,
proxy_pgcat,tpcb_steady,10,3,during,2026-05-06T08:27:52.007704+00:00,10,3,1,6,0,
proxy_pgcat,tpcb_steady,10,3,during,2026-05-06T08:27:54.081710+00:00,10,1,2,7,0,
proxy_pgcat,tpcb_steady,10,3,during,2026-05-06T08:27:56.267676+00:00,10,5,2,3,0,
proxy_pgcat,tpcb_steady,10,3,during,2026-05-06T08:27:58.355110+00:00,10,5,1,4,0,
proxy_pgcat,tpcb_steady,10,3,during,2026-05-06T08:28:00.455170+00:00,10,4,0,6,0,
proxy_pgcat,tpcb_steady,10,3,during,2026-05-06T08:28:02.531506+00:00,10,5,1,4,0,
proxy_pgcat,tpcb_steady,10,3,during,2026-05-06T08:28:04.704620+00:00,10,5,1,4,0,
proxy_pgcat,tpcb_steady,10,3,during,2026-05-06T08:28:06.958301+00:00,10,4,1,5,0,
proxy_pgcat,tpcb_steady,10,3,during,2026-05-06T08:28:09.203249+00:00,10,4,3,3,0,
proxy_pgcat,tpcb_steady,10,3,during,2026-05-06T08:28:11.463833+00:00,10,3,1,6,0,
proxy_pgcat,tpcb_steady,10,3,during,2026-05-06T08:28:13.716279+00:00,10,1,1,8,0,
proxy_pgcat,tpcb_steady,10,3,during,2026-05-06T08:28:15.872368+00:00,10,5,0,5,0,
proxy_pgcat,tpcb_steady,10,3,during,2026-05-06T08:28:18.017228+00:00,10,0,1,9,0,
proxy_pgcat,tpcb_steady,10,3,during,2026-05-06T08:28:20.270006+00:00,10,2,2,6,0,
proxy_pgcat,tpcb_steady,10,3,during,2026-05-06T08:28:22.407709+00:00,10,3,1,6,0,
proxy_pgcat,tpcb_steady,10,3,during,2026-05-06T08:28:24.666426+00:00,10,0,2,8,0,
proxy_pgcat,tpcb_steady,10,3,during,2026-05-06T08:28:26.824444+00:00,10,1,1,8,0,
proxy_pgcat,tpcb_steady,10,3,during,2026-05-06T08:28:29.084763+00:00,10,0,10,0,0,
proxy_pgcat,tpcb_steady,10,3,after_15s,2026-05-06T08:28:45.261670+00:00,10,0,10,0,0,
proxy_pgcat,tpcb_steady,10,3,after_30s,2026-05-06T08:29:01.441349+00:00,10,0,10,0,0,
proxy_pgcat,tpcb_steady,10,3,after_45s,2026-05-06T08:29:17.621067+00:00,10,0,10,0,0,
proxy_pgcat,tpcb_steady,10,3,after_60s,2026-05-06T08:29:33.802533+00:00,10,0,10,0,0,
proxy_pgcat,tpcb_steady,10,3,after_90s,2026-05-06T08:30:04.933197+00:00,10,0,10,0,0,
proxy_pgcat,tpcb_steady,50,1,before,2026-05-06T08:30:12.612827+00:00,1,0,1,0,0,
proxy_pgcat,tpcb_steady,50,1,during,2026-05-06T08:30:13.736358+00:00,50,35,1,14,0,
proxy_pgcat,tpcb_steady,50,1,during,2026-05-06T08:30:15.988538+00:00,50,37,1,12,0,
proxy_pgcat,tpcb_steady,50,1,during,2026-05-06T08:30:18.243278+00:00,50,35,2,13,0,
proxy_pgcat,tpcb_steady,50,1,during,2026-05-06T08:30:20.489201+00:00,50,31,3,16,0,
proxy_pgcat,tpcb_steady,50,1,during,2026-05-06T08:30:22.646102+00:00,50,36,2,12,0,
proxy_pgcat,tpcb_steady,50,1,during,2026-05-06T08:30:24.899011+00:00,50,40,1,9,0,
proxy_pgcat,tpcb_steady,50,1,during,2026-05-06T08:30:27.048618+00:00,50,39,1,10,0,
proxy_pgcat,tpcb_steady,50,1,during,2026-05-06T08:30:29.303896+00:00,50,33,2,15,0,
proxy_pgcat,tpcb_steady,50,1,during,2026-05-06T08:30:31.556936+00:00,50,34,3,13,0,
proxy_pgcat,tpcb_steady,50,1,during,2026-05-06T08:30:33.708020+00:00,50,36,1,13,0,
proxy_pgcat,tpcb_steady,50,1,during,2026-05-06T08:30:35.877817+00:00,51,38,2,11,0,
proxy_pgcat,tpcb_steady,50,1,during,2026-05-06T08:30:38.109015+00:00,50,37,1,12,0,
proxy_pgcat,tpcb_steady,50,1,during,2026-05-06T08:30:40.361695+00:00,50,35,1,14,0,
proxy_pgcat,tpcb_steady,50,1,during,2026-05-06T08:30:42.504559+00:00,50,31,5,14,0,
proxy_pgcat,tpcb_steady,50,1,during,2026-05-06T08:30:44.663343+00:00,50,32,2,16,0,
proxy_pgcat,tpcb_steady,50,1,during,2026-05-06T08:30:46.917524+00:00,50,30,6,14,0,
proxy_pgcat,tpcb_steady,50,1,during,2026-05-06T08:30:49.169974+00:00,50,33,2,15,0,
proxy_pgcat,tpcb_steady,50,1,during,2026-05-06T08:30:51.421982+00:00,50,23,6,21,0,
proxy_pgcat,tpcb_steady,50,1,during,2026-05-06T08:30:53.674566+00:00,50,27,5,18,0,
proxy_pgcat,tpcb_steady,50,1,during,2026-05-06T08:30:55.927012+00:00,50,38,0,12,0,
proxy_pgcat,tpcb_steady,50,1,during,2026-05-06T08:30:58.180255+00:00,50,25,7,18,0,
proxy_pgcat,tpcb_steady,50,1,during,2026-05-06T08:31:00.432220+00:00,50,37,0,13,0,
proxy_pgcat,tpcb_steady,50,1,during,2026-05-06T08:31:02.518942+00:00,50,31,3,16,0,
proxy_pgcat,tpcb_steady,50,1,during,2026-05-06T08:31:04.631518+00:00,50,32,4,14,0,
proxy_pgcat,tpcb_steady,50,1,during,2026-05-06T08:31:06.782288+00:00,50,36,2,12,0,
proxy_pgcat,tpcb_steady,50,1,during,2026-05-06T08:31:09.035132+00:00,50,34,3,13,0,
proxy_pgcat,tpcb_steady,50,1,during,2026-05-06T08:31:11.288767+00:00,50,28,7,15,0,
proxy_pgcat,tpcb_steady,50,1,after_15s,2026-05-06T08:31:28.083787+00:00,50,0,50,0,0,
proxy_pgcat,tpcb_steady,50,1,after_30s,2026-05-06T08:31:44.264572+00:00,50,0,50,0,0,
proxy_pgcat,tpcb_steady,50,1,after_45s,2026-05-06T08:32:00.524259+00:00,50,0,50,0,0,
proxy_pgcat,tpcb_steady,50,1,after_60s,2026-05-06T08:32:16.623639+00:00,50,0,50,0,0,
proxy_pgcat,tpcb_steady,50,1,after_90s,2026-05-06T08:32:47.755700+00:00,50,0,50,0,0,
proxy_pgcat,tpcb_steady,50,2,before,2026-05-06T08:32:55.333073+00:00,1,0,1,0,0,
proxy_pgcat,tpcb_steady,50,2,during,2026-05-06T08:32:56.554845+00:00,50,36,1,13,0,
proxy_pgcat,tpcb_steady,50,2,during,2026-05-06T08:32:58.709423+00:00,50,40,1,9,0,
proxy_pgcat,tpcb_steady,50,2,during,2026-05-06T08:33:00.863643+00:00,50,28,3,19,0,
proxy_pgcat,tpcb_steady,50,2,during,2026-05-06T08:33:03.003437+00:00,50,36,2,12,0,
proxy_pgcat,tpcb_steady,50,2,during,2026-05-06T08:33:05.163404+00:00,50,29,5,16,0,
proxy_pgcat,tpcb_steady,50,2,during,2026-05-06T08:33:07.414742+00:00,50,35,2,13,0,
proxy_pgcat,tpcb_steady,50,2,during,2026-05-06T08:33:09.668034+00:00,50,36,3,11,0,
proxy_pgcat,tpcb_steady,50,2,during,2026-05-06T08:33:11.921455+00:00,50,31,5,14,0,
proxy_pgcat,tpcb_steady,50,2,during,2026-05-06T08:33:14.173900+00:00,50,35,4,11,0,
proxy_pgcat,tpcb_steady,50,2,during,2026-05-06T08:33:16.427282+00:00,50,36,2,12,0,
proxy_pgcat,tpcb_steady,50,2,during,2026-05-06T08:33:18.512245+00:00,50,32,3,15,0,
proxy_pgcat,tpcb_steady,50,2,during,2026-05-06T08:33:20.598167+00:00,50,28,6,16,0,
proxy_pgcat,tpcb_steady,50,2,during,2026-05-06T08:33:22.774793+00:00,50,49,1,0,0,
proxy_pgcat,tpcb_steady,50,2,during,2026-05-06T08:33:25.028244+00:00,50,44,0,6,0,
proxy_pgcat,tpcb_steady,50,2,during,2026-05-06T08:33:27.281381+00:00,50,41,1,8,0,
proxy_pgcat,tpcb_steady,50,2,during,2026-05-06T08:33:29.534141+00:00,50,37,2,11,0,
proxy_pgcat,tpcb_steady,50,2,during,2026-05-06T08:33:31.787644+00:00,50,32,6,12,0,
proxy_pgcat,tpcb_steady,50,2,during,2026-05-06T08:33:34.040447+00:00,50,36,2,12,0,
proxy_pgcat,tpcb_steady,50,2,during,2026-05-06T08:33:36.295844+00:00,51,33,5,13,0,
proxy_pgcat,tpcb_steady,50,2,during,2026-05-06T08:33:38.504558+00:00,50,29,4,17,0,
proxy_pgcat,tpcb_steady,50,2,during,2026-05-06T08:33:40.798586+00:00,50,37,1,12,0,
proxy_pgcat,tpcb_steady,50,2,during,2026-05-06T08:33:43.051969+00:00,50,41,1,8,0,
proxy_pgcat,tpcb_steady,50,2,during,2026-05-06T08:33:45.304787+00:00,50,28,5,17,0,
proxy_pgcat,tpcb_steady,50,2,during,2026-05-06T08:33:47.558243+00:00,50,36,3,11,0,
proxy_pgcat,tpcb_steady,50,2,during,2026-05-06T08:33:49.818040+00:00,50,28,3,19,0,
proxy_pgcat,tpcb_steady,50,2,during,2026-05-06T08:33:52.064131+00:00,50,26,2,22,0,
proxy_pgcat,tpcb_steady,50,2,during,2026-05-06T08:33:54.316295+00:00,50,34,1,15,0,
proxy_pgcat,tpcb_steady,50,2,after_15s,2026-05-06T08:34:10.908333+00:00,50,0,50,0,0,
proxy_pgcat,tpcb_steady,50,2,after_30s,2026-05-06T08:34:27.089665+00:00,50,0,50,0,0,
proxy_pgcat,tpcb_steady,50,2,after_45s,2026-05-06T08:34:43.267533+00:00,50,0,50,0,0,
proxy_pgcat,tpcb_steady,50,2,after_60s,2026-05-06T08:34:59.548840+00:00,50,0,50,0,0,
proxy_pgcat,tpcb_steady,50,2,after_90s,2026-05-06T08:35:30.681345+00:00,50,0,50,0,0,
proxy_pgcat,tpcb_steady,50,3,before,2026-05-06T08:35:38.362418+00:00,1,0,1,0,0,
proxy_pgcat,tpcb_steady,50,3,during,2026-05-06T08:35:39.587276+00:00,50,41,1,8,0,
proxy_pgcat,tpcb_steady,50,3,during,2026-05-06T08:35:41.841417+00:00,50,33,3,14,0,
proxy_pgcat,tpcb_steady,50,3,during,2026-05-06T08:35:44.093537+00:00,50,33,3,14,0,
proxy_pgcat,tpcb_steady,50,3,during,2026-05-06T08:35:46.348913+00:00,50,30,4,16,0,
proxy_pgcat,tpcb_steady,50,3,during,2026-05-06T08:35:48.487440+00:00,50,34,0,16,0,
proxy_pgcat,tpcb_steady,50,3,during,2026-05-06T08:35:50.648042+00:00,50,30,7,13,0,
proxy_pgcat,tpcb_steady,50,3,during,2026-05-06T08:35:52.900814+00:00,50,33,1,16,0,
proxy_pgcat,tpcb_steady,50,3,during,2026-05-06T08:35:55.154571+00:00,50,40,1,9,0,
proxy_pgcat,tpcb_steady,50,3,during,2026-05-06T08:35:57.406976+00:00,50,37,1,12,0,
proxy_pgcat,tpcb_steady,50,3,during,2026-05-06T08:35:59.661083+00:00,50,40,1,9,0,
proxy_pgcat,tpcb_steady,50,3,during,2026-05-06T08:36:01.913724+00:00,50,23,6,21,0,
proxy_pgcat,tpcb_steady,50,3,during,2026-05-06T08:36:04.164859+00:00,50,37,2,11,0,
proxy_pgcat,tpcb_steady,50,3,during,2026-05-06T08:36:06.421399+00:00,50,37,1,12,0,
proxy_pgcat,tpcb_steady,50,3,during,2026-05-06T08:36:08.520140+00:00,50,29,6,15,0,
proxy_pgcat,tpcb_steady,50,3,during,2026-05-06T08:36:10.616587+00:00,50,39,2,9,0,
proxy_pgcat,tpcb_steady,50,3,during,2026-05-06T08:36:12.869679+00:00,50,36,3,11,0,
proxy_pgcat,tpcb_steady,50,3,during,2026-05-06T08:36:15.020788+00:00,50,36,3,11,0,
proxy_pgcat,tpcb_steady,50,3,during,2026-05-06T08:36:17.273773+00:00,50,35,4,11,0,
proxy_pgcat,tpcb_steady,50,3,during,2026-05-06T08:36:19.530243+00:00,50,27,3,20,0,
proxy_pgcat,tpcb_steady,50,3,during,2026-05-06T08:36:21.782085+00:00,50,40,2,8,0,
proxy_pgcat,tpcb_steady,50,3,during,2026-05-06T08:36:24.034143+00:00,50,31,2,17,0,
proxy_pgcat,tpcb_steady,50,3,during,2026-05-06T08:36:26.287035+00:00,50,37,1,12,0,
proxy_pgcat,tpcb_steady,50,3,during,2026-05-06T08:36:28.530775+00:00,50,32,3,15,0,
proxy_pgcat,tpcb_steady,50,3,during,2026-05-06T08:36:30.622322+00:00,50,27,4,19,0,
proxy_pgcat,tpcb_steady,50,3,during,2026-05-06T08:36:32.838910+00:00,50,29,5,16,0,
proxy_pgcat,tpcb_steady,50,3,during,2026-05-06T08:36:35.092096+00:00,51,31,5,15,0,
proxy_pgcat,tpcb_steady,50,3,during,2026-05-06T08:36:37.345361+00:00,51,34,3,14,0,
proxy_pgcat,tpcb_steady,50,3,after_15s,2026-05-06T08:36:53.731831+00:00,50,0,50,0,0,
proxy_pgcat,tpcb_steady,50,3,after_30s,2026-05-06T08:37:09.917281+00:00,50,0,50,0,0,
proxy_pgcat,tpcb_steady,50,3,after_45s,2026-05-06T08:37:26.095953+00:00,50,0,50,0,0,
proxy_pgcat,tpcb_steady,50,3,after_60s,2026-05-06T08:37:42.283276+00:00,50,0,50,0,0,
proxy_pgcat,tpcb_steady,50,3,after_90s,2026-05-06T08:38:13.402096+00:00,50,0,50,0,0,
proxy_pgcat,tpcb_steady,100,1,before,2026-05-06T08:38:20.775739+00:00,1,0,1,0,0,
proxy_pgcat,tpcb_steady,100,1,during,2026-05-06T08:38:22.001598+00:00,50,29,2,19,0,
proxy_pgcat,tpcb_steady,100,1,during,2026-05-06T08:38:24.255595+00:00,50,41,0,9,0,
proxy_pgcat,tpcb_steady,100,1,during,2026-05-06T08:38:26.602660+00:00,50,27,3,20,0,
proxy_pgcat,tpcb_steady,100,1,during,2026-05-06T08:38:28.761037+00:00,50,31,0,19,0,
proxy_pgcat,tpcb_steady,100,1,during,2026-05-06T08:38:31.013407+00:00,50,38,2,10,0,
proxy_pgcat,tpcb_steady,100,1,during,2026-05-06T08:38:33.166204+00:00,50,29,2,19,0,
proxy_pgcat,tpcb_steady,100,1,during,2026-05-06T08:38:35.315185+00:00,51,34,1,16,0,
proxy_pgcat,tpcb_steady,100,1,during,2026-05-06T08:38:37.570805+00:00,50,32,4,14,0,
proxy_pgcat,tpcb_steady,100,1,during,2026-05-06T08:38:39.719379+00:00,50,36,0,14,0,
proxy_pgcat,tpcb_steady,100,1,during,2026-05-06T08:38:42.065774+00:00,50,34,3,13,0,
proxy_pgcat,tpcb_steady,100,1,during,2026-05-06T08:38:44.327094+00:00,50,35,0,15,0,
proxy_pgcat,tpcb_steady,100,1,during,2026-05-06T08:38:46.573052+00:00,50,37,0,13,0,
proxy_pgcat,tpcb_steady,100,1,during,2026-05-06T08:38:48.730523+00:00,50,37,0,13,0,
proxy_pgcat,tpcb_steady,100,1,during,2026-05-06T08:38:50.880202+00:00,50,36,0,14,0,
proxy_pgcat,tpcb_steady,100,1,during,2026-05-06T08:38:53.132231+00:00,50,28,0,22,0,
proxy_pgcat,tpcb_steady,100,1,during,2026-05-06T08:38:55.387332+00:00,50,34,1,15,0,
proxy_pgcat,tpcb_steady,100,1,during,2026-05-06T08:38:57.639377+00:00,50,38,0,12,0,
proxy_pgcat,tpcb_steady,100,1,during,2026-05-06T08:38:59.891101+00:00,50,36,0,14,0,
proxy_pgcat,tpcb_steady,100,1,during,2026-05-06T08:39:02.145389+00:00,50,36,2,12,0,
proxy_pgcat,tpcb_steady,100,1,during,2026-05-06T08:39:04.397163+00:00,50,46,0,4,0,
proxy_pgcat,tpcb_steady,100,1,during,2026-05-06T08:39:06.485184+00:00,50,38,1,11,0,
proxy_pgcat,tpcb_steady,100,1,during,2026-05-06T08:39:08.572349+00:00,50,37,1,12,0,
proxy_pgcat,tpcb_steady,100,1,during,2026-05-06T08:39:10.748581+00:00,50,35,2,13,0,
proxy_pgcat,tpcb_steady,100,1,during,2026-05-06T08:39:13.000539+00:00,50,41,0,9,0,
proxy_pgcat,tpcb_steady,100,1,during,2026-05-06T08:39:15.251944+00:00,50,39,0,11,0,
proxy_pgcat,tpcb_steady,100,1,during,2026-05-06T08:39:17.506063+00:00,50,38,1,11,0,
proxy_pgcat,tpcb_steady,100,1,during,2026-05-06T08:39:19.759169+00:00,50,25,0,25,0,
proxy_pgcat,tpcb_steady,100,1,after_15s,2026-05-06T08:39:36.349273+00:00,51,1,50,0,0,
proxy_pgcat,tpcb_steady,100,1,after_30s,2026-05-06T08:39:52.456144+00:00,50,0,50,0,0,
proxy_pgcat,tpcb_steady,100,1,after_45s,2026-05-06T08:40:08.601598+00:00,50,0,50,0,0,
proxy_pgcat,tpcb_steady,100,1,after_60s,2026-05-06T08:40:24.889420+00:00,50,0,50,0,0,
proxy_pgcat,tpcb_steady,100,1,after_90s,2026-05-06T08:40:56.022604+00:00,50,0,50,0,0,
proxy_pgcat,tpcb_steady,100,2,before,2026-05-06T08:41:03.601931+00:00,1,0,1,0,0,
proxy_pgcat,tpcb_steady,100,2,during,2026-05-06T08:41:04.821578+00:00,37,0,29,8,0,
proxy_pgcat,tpcb_steady,100,2,during,2026-05-06T08:41:07.078057+00:00,50,45,0,5,0,
proxy_pgcat,tpcb_steady,100,2,during,2026-05-06T08:41:09.332385+00:00,50,26,0,24,0,
proxy_pgcat,tpcb_steady,100,2,during,2026-05-06T08:41:11.584154+00:00,50,26,6,18,0,
proxy_pgcat,tpcb_steady,100,2,during,2026-05-06T08:41:14.034724+00:00,50,36,0,14,0,
proxy_pgcat,tpcb_steady,100,2,during,2026-05-06T08:41:16.198180+00:00,50,39,0,11,0,
proxy_pgcat,tpcb_steady,100,2,during,2026-05-06T08:41:18.344752+00:00,50,39,0,11,0,
proxy_pgcat,tpcb_steady,100,2,during,2026-05-06T08:41:20.521327+00:00,50,34,1,15,0,
proxy_pgcat,tpcb_steady,100,2,during,2026-05-06T08:41:22.644515+00:00,50,39,1,10,0,
proxy_pgcat,tpcb_steady,100,2,during,2026-05-06T08:41:24.897038+00:00,50,38,0,12,0,
proxy_pgcat,tpcb_steady,100,2,during,2026-05-06T08:41:27.150130+00:00,50,31,0,19,0,
proxy_pgcat,tpcb_steady,100,2,during,2026-05-06T08:41:29.402994+00:00,50,36,0,14,0,
proxy_pgcat,tpcb_steady,100,2,during,2026-05-06T08:41:31.655873+00:00,50,35,0,15,0,
proxy_pgcat,tpcb_steady,100,2,during,2026-05-06T08:41:33.918152+00:00,50,35,0,15,0,
proxy_pgcat,tpcb_steady,100,2,during,2026-05-06T08:41:36.161740+00:00,51,31,4,16,0,
proxy_pgcat,tpcb_steady,100,2,during,2026-05-06T08:41:38.414409+00:00,50,35,1,14,0,
proxy_pgcat,tpcb_steady,100,2,during,2026-05-06T08:41:40.563563+00:00,50,35,0,15,0,
proxy_pgcat,tpcb_steady,100,2,during,2026-05-06T08:41:42.715330+00:00,50,38,1,11,0,
proxy_pgcat,tpcb_steady,100,2,during,2026-05-06T08:41:44.967885+00:00,50,32,4,14,0,
proxy_pgcat,tpcb_steady,100,2,during,2026-05-06T08:41:47.220924+00:00,50,42,0,8,0,
proxy_pgcat,tpcb_steady,100,2,during,2026-05-06T08:41:49.476235+00:00,50,39,0,11,0,
proxy_pgcat,tpcb_steady,100,2,during,2026-05-06T08:41:51.726008+00:00,50,40,0,10,0,
proxy_pgcat,tpcb_steady,100,2,during,2026-05-06T08:41:53.979472+00:00,50,33,2,15,0,
proxy_pgcat,tpcb_steady,100,2,during,2026-05-06T08:41:56.233708+00:00,50,41,0,9,0,
proxy_pgcat,tpcb_steady,100,2,during,2026-05-06T08:41:58.581168+00:00,50,37,0,13,0,
proxy_pgcat,tpcb_steady,100,2,during,2026-05-06T08:42:00.738458+00:00,50,35,1,14,0,
proxy_pgcat,tpcb_steady,100,2,during,2026-05-06T08:42:02.993698+00:00,50,37,0,13,0,
proxy_pgcat,tpcb_steady,100,2,after_15s,2026-05-06T08:42:19.174176+00:00,50,0,50,0,0,
proxy_pgcat,tpcb_steady,100,2,after_30s,2026-05-06T08:42:35.352170+00:00,51,1,50,0,0,
proxy_pgcat,tpcb_steady,100,2,after_45s,2026-05-06T08:42:51.460075+00:00,50,0,50,0,0,
proxy_pgcat,tpcb_steady,100,2,after_60s,2026-05-06T08:43:07.545524+00:00,50,0,50,0,0,
proxy_pgcat,tpcb_steady,100,2,after_90s,2026-05-06T08:43:38.859830+00:00,50,0,50,0,0,
proxy_pgcat,tpcb_steady,100,3,before,2026-05-06T08:43:46.216513+00:00,1,0,1,0,0,
proxy_pgcat,tpcb_steady,100,3,during,2026-05-06T08:43:47.445099+00:00,50,40,0,10,0,
proxy_pgcat,tpcb_steady,100,3,during,2026-05-06T08:43:49.696756+00:00,50,42,0,8,0,
proxy_pgcat,tpcb_steady,100,3,during,2026-05-06T08:43:51.949207+00:00,50,36,0,14,0,
proxy_pgcat,tpcb_steady,100,3,during,2026-05-06T08:43:54.203002+00:00,50,38,1,11,0,
proxy_pgcat,tpcb_steady,100,3,during,2026-05-06T08:43:56.455498+00:00,50,50,0,0,0,
proxy_pgcat,tpcb_steady,100,3,during,2026-05-06T08:43:58.598455+00:00,50,35,0,15,0,
proxy_pgcat,tpcb_steady,100,3,during,2026-05-06T08:44:00.755743+00:00,50,40,0,10,0,
proxy_pgcat,tpcb_steady,100,3,during,2026-05-06T08:44:03.009695+00:00,50,34,0,16,0,
proxy_pgcat,tpcb_steady,100,3,during,2026-05-06T08:44:05.262095+00:00,50,34,0,16,0,
proxy_pgcat,tpcb_steady,100,3,during,2026-05-06T08:44:07.515322+00:00,50,39,0,11,0,
proxy_pgcat,tpcb_steady,100,3,during,2026-05-06T08:44:09.769253+00:00,50,38,0,12,0,
proxy_pgcat,tpcb_steady,100,3,during,2026-05-06T08:44:12.020525+00:00,50,40,0,10,0,
proxy_pgcat,tpcb_steady,100,3,during,2026-05-06T08:44:14.273750+00:00,50,35,0,15,0,
proxy_pgcat,tpcb_steady,100,3,during,2026-05-06T08:44:16.455806+00:00,50,31,4,15,0,
proxy_pgcat,tpcb_steady,100,3,during,2026-05-06T08:44:18.574576+00:00,50,36,3,11,0,
proxy_pgcat,tpcb_steady,100,3,during,2026-05-06T08:44:20.831239+00:00,50,39,0,11,0,
proxy_pgcat,tpcb_steady,100,3,during,2026-05-06T08:44:23.080444+00:00,50,26,1,23,0,
proxy_pgcat,tpcb_steady,100,3,during,2026-05-06T08:44:25.334579+00:00,50,38,0,12,0,
proxy_pgcat,tpcb_steady,100,3,during,2026-05-06T08:44:27.586953+00:00,50,38,0,12,0,
proxy_pgcat,tpcb_steady,100,3,during,2026-05-06T08:44:29.853876+00:00,50,37,3,10,0,
proxy_pgcat,tpcb_steady,100,3,during,2026-05-06T08:44:32.092724+00:00,50,41,0,9,0,
proxy_pgcat,tpcb_steady,100,3,during,2026-05-06T08:44:34.345530+00:00,50,40,0,10,0,
proxy_pgcat,tpcb_steady,100,3,during,2026-05-06T08:44:36.434573+00:00,51,36,0,15,0,
proxy_pgcat,tpcb_steady,100,3,during,2026-05-06T08:44:38.521691+00:00,50,39,2,9,0,
proxy_pgcat,tpcb_steady,100,3,during,2026-05-06T08:44:40.684566+00:00,50,39,1,10,0,
proxy_pgcat,tpcb_steady,100,3,during,2026-05-06T08:44:42.947695+00:00,50,35,1,14,0,
proxy_pgcat,tpcb_steady,100,3,during,2026-05-06T08:44:45.200677+00:00,50,40,0,10,0,
proxy_pgcat,tpcb_steady,100,3,after_15s,2026-05-06T08:45:01.590545+00:00,50,0,50,0,0,
proxy_pgcat,tpcb_steady,100,3,after_30s,2026-05-06T08:45:17.767342+00:00,50,0,50,0,0,
proxy_pgcat,tpcb_steady,100,3,after_45s,2026-05-06T08:45:33.948110+00:00,50,0,50,0,0,
proxy_pgcat,tpcb_steady,100,3,after_60s,2026-05-06T08:45:50.128150+00:00,50,0,50,0,0,
proxy_pgcat,tpcb_steady,100,3,after_90s,2026-05-06T08:46:21.261313+00:00,50,0,50,0,0,
proxy_pgcat,tpcb_steady,250,1,before,2026-05-06T08:46:28.834788+00:00,1,0,1,0,0,
proxy_pgcat,tpcb_steady,250,1,during,2026-05-06T08:46:29.921438+00:00,1,0,1,0,0,
proxy_pgcat,tpcb_steady,250,1,during,2026-05-06T08:46:32.110655+00:00,50,28,6,16,0,
proxy_pgcat,tpcb_steady,250,1,during,2026-05-06T08:46:34.362459+00:00,50,40,0,10,0,
proxy_pgcat,tpcb_steady,250,1,during,2026-05-06T08:46:36.523763+00:00,51,37,0,14,0,
proxy_pgcat,tpcb_steady,250,1,during,2026-05-06T08:46:38.664237+00:00,50,38,2,10,0,
proxy_pgcat,tpcb_steady,250,1,during,2026-05-06T08:46:40.917598+00:00,50,33,2,15,0,
proxy_pgcat,tpcb_steady,250,1,during,2026-05-06T08:46:43.170029+00:00,50,33,0,17,0,
proxy_pgcat,tpcb_steady,250,1,during,2026-05-06T08:46:45.523997+00:00,50,33,0,17,0,
proxy_pgcat,tpcb_steady,250,1,during,2026-05-06T08:46:48.096678+00:00,50,30,4,16,0,
proxy_pgcat,tpcb_steady,250,1,during,2026-05-06T08:46:50.366996+00:00,50,38,0,12,0,
proxy_pgcat,tpcb_steady,250,1,during,2026-05-06T08:46:52.481435+00:00,50,38,0,12,0,
proxy_pgcat,tpcb_steady,250,1,during,2026-05-06T08:46:54.648249+00:00,50,34,1,15,0,
proxy_pgcat,tpcb_steady,250,1,during,2026-05-06T08:46:56.892003+00:00,50,31,0,19,0,
proxy_pgcat,tpcb_steady,250,1,during,2026-05-06T08:46:59.023718+00:00,50,39,2,9,0,
proxy_pgcat,tpcb_steady,250,1,during,2026-05-06T08:47:01.194137+00:00,50,41,0,9,0,
proxy_pgcat,tpcb_steady,250,1,during,2026-05-06T08:47:03.449485+00:00,50,35,1,14,0,
proxy_pgcat,tpcb_steady,250,1,during,2026-05-06T08:47:05.699119+00:00,50,32,4,14,0,
proxy_pgcat,tpcb_steady,250,1,during,2026-05-06T08:47:07.954911+00:00,50,41,0,9,0,
proxy_pgcat,tpcb_steady,250,1,during,2026-05-06T08:47:10.205538+00:00,50,37,2,11,0,
proxy_pgcat,tpcb_steady,250,1,during,2026-05-06T08:47:12.457548+00:00,50,33,3,14,0,
proxy_pgcat,tpcb_steady,250,1,during,2026-05-06T08:47:14.545704+00:00,50,31,2,17,0,
proxy_pgcat,tpcb_steady,250,1,during,2026-05-06T08:47:16.656615+00:00,50,42,1,7,0,
proxy_pgcat,tpcb_steady,250,1,during,2026-05-06T08:47:18.807325+00:00,50,38,0,12,0,
proxy_pgcat,tpcb_steady,250,1,during,2026-05-06T08:47:21.060719+00:00,50,40,1,9,0,
proxy_pgcat,tpcb_steady,250,1,during,2026-05-06T08:47:23.312982+00:00,50,37,1,12,0,
proxy_pgcat,tpcb_steady,250,1,during,2026-05-06T08:47:25.462971+00:00,50,27,3,20,0,
proxy_pgcat,tpcb_steady,250,1,during,2026-05-06T08:47:27.613700+00:00,50,33,4,13,0,
proxy_pgcat,tpcb_steady,250,1,after_15s,2026-05-06T08:47:44.206115+00:00,50,0,50,0,0,
proxy_pgcat,tpcb_steady,250,1,after_30s,2026-05-06T08:48:00.385740+00:00,50,0,50,0,0,
proxy_pgcat,tpcb_steady,250,1,after_45s,2026-05-06T08:48:16.522937+00:00,50,0,50,0,0,
proxy_pgcat,tpcb_steady,250,1,after_60s,2026-05-06T08:48:32.743969+00:00,50,0,50,0,0,
proxy_pgcat,tpcb_steady,250,1,after_90s,2026-05-06T08:49:03.877687+00:00,50,0,50,0,0,
proxy_pgcat,tpcb_steady,250,2,before,2026-05-06T08:49:11.322817+00:00,1,0,1,0,0,
proxy_pgcat,tpcb_steady,250,2,during,2026-05-06T08:49:12.419367+00:00,1,0,1,0,0,
proxy_pgcat,tpcb_steady,250,2,during,2026-05-06T08:49:14.626150+00:00,50,34,0,16,0,
proxy_pgcat,tpcb_steady,250,2,during,2026-05-06T08:49:16.776215+00:00,50,37,0,13,0,
proxy_pgcat,tpcb_steady,250,2,during,2026-05-06T08:49:19.029221+00:00,50,37,1,12,0,
proxy_pgcat,tpcb_steady,250,2,during,2026-05-06T08:49:21.282778+00:00,50,39,0,11,0,
proxy_pgcat,tpcb_steady,250,2,during,2026-05-06T08:49:23.537469+00:00,50,34,3,13,0,
proxy_pgcat,tpcb_steady,250,2,during,2026-05-06T08:49:25.788541+00:00,50,35,2,13,0,
proxy_pgcat,tpcb_steady,250,2,during,2026-05-06T08:49:28.049104+00:00,50,36,1,13,0,
proxy_pgcat,tpcb_steady,250,2,during,2026-05-06T08:49:30.297102+00:00,50,35,1,14,0,
proxy_pgcat,tpcb_steady,250,2,during,2026-05-06T08:49:32.489292+00:00,50,31,5,14,0,
proxy_pgcat,tpcb_steady,250,2,during,2026-05-06T08:49:34.697457+00:00,50,36,0,14,0,
proxy_pgcat,tpcb_steady,250,2,during,2026-05-06T08:49:36.953610+00:00,51,41,1,9,0,
proxy_pgcat,tpcb_steady,250,2,during,2026-05-06T08:49:39.101512+00:00,51,42,0,9,0,
proxy_pgcat,tpcb_steady,250,2,during,2026-05-06T08:49:41.358622+00:00,51,37,3,11,0,
proxy_pgcat,tpcb_steady,250,2,during,2026-05-06T08:49:43.606936+00:00,50,30,2,18,0,
proxy_pgcat,tpcb_steady,250,2,during,2026-05-06T08:49:45.871716+00:00,50,38,0,12,0,
proxy_pgcat,tpcb_steady,250,2,during,2026-05-06T08:49:48.111759+00:00,50,36,2,12,0,
proxy_pgcat,tpcb_steady,250,2,during,2026-05-06T08:49:50.366224+00:00,50,34,4,12,0,
proxy_pgcat,tpcb_steady,250,2,during,2026-05-06T08:49:52.610948+00:00,50,32,2,16,0,
proxy_pgcat,tpcb_steady,250,2,during,2026-05-06T08:49:54.873843+00:00,50,42,0,8,0,
proxy_pgcat,tpcb_steady,250,2,during,2026-05-06T08:49:57.124780+00:00,50,32,4,14,0,
proxy_pgcat,tpcb_steady,250,2,during,2026-05-06T08:49:59.377609+00:00,50,35,1,14,0,
proxy_pgcat,tpcb_steady,250,2,during,2026-05-06T08:50:01.630521+00:00,50,30,3,17,0,
proxy_pgcat,tpcb_steady,250,2,during,2026-05-06T08:50:03.723322+00:00,50,40,1,9,0,
proxy_pgcat,tpcb_steady,250,2,during,2026-05-06T08:50:05.935970+00:00,50,41,0,9,0,
proxy_pgcat,tpcb_steady,250,2,during,2026-05-06T08:50:08.184423+00:00,50,39,2,9,0,
proxy_pgcat,tpcb_steady,250,2,during,2026-05-06T08:50:10.436906+00:00,50,35,2,13,0,
proxy_pgcat,tpcb_steady,250,2,after_15s,2026-05-06T08:50:26.722576+00:00,50,0,50,0,0,
proxy_pgcat,tpcb_steady,250,2,after_30s,2026-05-06T08:50:43.005387+00:00,50,0,50,0,0,
proxy_pgcat,tpcb_steady,250,2,after_45s,2026-05-06T08:50:59.183583+00:00,50,0,50,0,0,
proxy_pgcat,tpcb_steady,250,2,after_60s,2026-05-06T08:51:15.365693+00:00,50,0,50,0,0,
proxy_pgcat,tpcb_steady,250,2,after_90s,2026-05-06T08:51:46.495639+00:00,50,0,50,0,0,
proxy_pgcat,tpcb_steady,250,3,before,2026-05-06T08:51:54.072600+00:00,1,0,1,0,0,
proxy_pgcat,tpcb_steady,250,3,during,2026-05-06T08:51:55.135496+00:00,1,0,1,0,0,
proxy_pgcat,tpcb_steady,250,3,during,2026-05-06T08:51:57.347086+00:00,50,38,0,12,0,
proxy_pgcat,tpcb_steady,250,3,during,2026-05-06T08:51:59.599796+00:00,50,35,0,15,0,
proxy_pgcat,tpcb_steady,250,3,during,2026-05-06T08:52:01.856027+00:00,50,28,2,20,0,
proxy_pgcat,tpcb_steady,250,3,during,2026-05-06T08:52:04.106260+00:00,50,30,0,20,0,
proxy_pgcat,tpcb_steady,250,3,during,2026-05-06T08:52:06.359042+00:00,50,42,0,8,0,
proxy_pgcat,tpcb_steady,250,3,during,2026-05-06T08:52:08.603544+00:00,50,36,1,13,0,
proxy_pgcat,tpcb_steady,250,3,during,2026-05-06T08:52:10.866745+00:00,50,33,0,17,0,
proxy_pgcat,tpcb_steady,250,3,during,2026-05-06T08:52:13.118769+00:00,50,34,0,16,0,
proxy_pgcat,tpcb_steady,250,3,during,2026-05-06T08:52:15.371266+00:00,50,41,0,9,0,
proxy_pgcat,tpcb_steady,250,3,during,2026-05-06T08:52:17.626105+00:00,50,33,1,16,0,
proxy_pgcat,tpcb_steady,250,3,during,2026-05-06T08:52:19.877028+00:00,50,34,2,14,0,
proxy_pgcat,tpcb_steady,250,3,during,2026-05-06T08:52:22.132332+00:00,50,37,1,12,0,
proxy_pgcat,tpcb_steady,250,3,during,2026-05-06T08:52:24.387329+00:00,50,26,6,18,0,
proxy_pgcat,tpcb_steady,250,3,during,2026-05-06T08:52:26.502805+00:00,50,33,0,17,0,
proxy_pgcat,tpcb_steady,250,3,during,2026-05-06T08:52:28.684905+00:00,50,29,0,21,0,
proxy_pgcat,tpcb_steady,250,3,during,2026-05-06T08:52:30.935747+00:00,50,45,1,4,0,
proxy_pgcat,tpcb_steady,250,3,during,2026-05-06T08:52:33.191374+00:00,50,36,2,12,0,
proxy_pgcat,tpcb_steady,250,3,during,2026-05-06T08:52:35.441799+00:00,51,37,0,14,0,
proxy_pgcat,tpcb_steady,250,3,during,2026-05-06T08:52:37.695660+00:00,51,39,0,12,0,
proxy_pgcat,tpcb_steady,250,3,during,2026-05-06T08:52:39.949394+00:00,51,34,1,16,0,
proxy_pgcat,tpcb_steady,250,3,during,2026-05-06T08:52:42.203923+00:00,50,32,0,18,0,
proxy_pgcat,tpcb_steady,250,3,during,2026-05-06T08:52:44.424270+00:00,50,38,0,12,0,
proxy_pgcat,tpcb_steady,250,3,during,2026-05-06T08:52:46.604346+00:00,50,34,1,15,0,
proxy_pgcat,tpcb_steady,250,3,during,2026-05-06T08:52:48.753715+00:00,50,35,1,14,0,
proxy_pgcat,tpcb_steady,250,3,during,2026-05-06T08:52:51.008872+00:00,50,36,0,14,0,
proxy_pgcat,tpcb_steady,250,3,during,2026-05-06T08:52:53.261814+00:00,50,29,0,21,0,
proxy_pgcat,tpcb_steady,250,3,after_15s,2026-05-06T08:53:09.442134+00:00,50,0,50,0,0,
proxy_pgcat,tpcb_steady,250,3,after_30s,2026-05-06T08:53:25.622601+00:00,50,0,50,0,0,
proxy_pgcat,tpcb_steady,250,3,after_45s,2026-05-06T08:53:41.802487+00:00,50,0,50,0,0,
proxy_pgcat,tpcb_steady,250,3,after_60s,2026-05-06T08:53:58.085159+00:00,50,0,50,0,0,
proxy_pgcat,tpcb_steady,250,3,after_90s,2026-05-06T08:54:29.319392+00:00,50,0,50,0,0,
proxy_passthrough,readonly_steady,10,1,before,2026-05-06T08:54:36.795318+00:00,0,0,0,0,0,
proxy_passthrough,readonly_steady,10,1,during,2026-05-06T08:54:37.917040+00:00,10,1,9,0,0,
proxy_passthrough,readonly_steady,10,1,during,2026-05-06T08:54:40.169277+00:00,10,1,9,0,0,
proxy_passthrough,readonly_steady,10,1,during,2026-05-06T08:54:42.423106+00:00,10,1,9,0,0,
proxy_passthrough,readonly_steady,10,1,during,2026-05-06T08:54:44.564924+00:00,10,2,8,0,0,
proxy_passthrough,readonly_steady,10,1,during,2026-05-06T08:54:46.723274+00:00,10,1,9,0,0,
proxy_passthrough,readonly_steady,10,1,during,2026-05-06T08:54:48.976202+00:00,10,1,9,0,0,
proxy_passthrough,readonly_steady,10,1,during,2026-05-06T08:54:51.229165+00:00,10,3,7,0,0,
proxy_passthrough,readonly_steady,10,1,during,2026-05-06T08:54:53.483580+00:00,10,0,10,0,0,
proxy_passthrough,readonly_steady,10,1,during,2026-05-06T08:54:55.736157+00:00,10,1,9,0,0,
proxy_passthrough,readonly_steady,10,1,during,2026-05-06T08:54:57.988837+00:00,10,2,8,0,0,
proxy_passthrough,readonly_steady,10,1,during,2026-05-06T08:55:00.143863+00:00,10,0,10,0,0,
proxy_passthrough,readonly_steady,10,1,during,2026-05-06T08:55:02.288936+00:00,10,0,10,0,0,
proxy_passthrough,readonly_steady,10,1,during,2026-05-06T08:55:04.534261+00:00,10,0,10,0,0,
proxy_passthrough,readonly_steady,10,1,during,2026-05-06T08:55:06.691993+00:00,10,2,8,0,0,
proxy_passthrough,readonly_steady,10,1,during,2026-05-06T08:55:08.842878+00:00,10,1,9,0,0,
proxy_passthrough,readonly_steady,10,1,during,2026-05-06T08:55:11.096484+00:00,10,0,10,0,0,
proxy_passthrough,readonly_steady,10,1,during,2026-05-06T08:55:13.349751+00:00,10,3,7,0,0,
proxy_passthrough,readonly_steady,10,1,during,2026-05-06T08:55:15.601884+00:00,10,0,10,0,0,
proxy_passthrough,readonly_steady,10,1,during,2026-05-06T08:55:17.857387+00:00,10,1,9,0,0,
proxy_passthrough,readonly_steady,10,1,during,2026-05-06T08:55:20.108332+00:00,10,1,9,0,0,
proxy_passthrough,readonly_steady,10,1,during,2026-05-06T08:55:22.361209+00:00,10,0,10,0,0,
proxy_passthrough,readonly_steady,10,1,during,2026-05-06T08:55:24.486099+00:00,10,0,10,0,0,
proxy_passthrough,readonly_steady,10,1,during,2026-05-06T08:55:26.661839+00:00,10,2,8,0,0,
proxy_passthrough,readonly_steady,10,1,during,2026-05-06T08:55:28.914419+00:00,10,0,10,0,0,
proxy_passthrough,readonly_steady,10,1,during,2026-05-06T08:55:31.167436+00:00,10,3,7,0,0,
proxy_passthrough,readonly_steady,10,1,during,2026-05-06T08:55:33.420753+00:00,10,1,9,0,0,
proxy_passthrough,readonly_steady,10,1,during,2026-05-06T08:55:35.673736+00:00,10,2,8,0,0,
proxy_passthrough,readonly_steady,10,1,during,2026-05-06T08:55:37.945761+00:00,0,0,0,0,0,
proxy_passthrough,readonly_steady,10,1,after_15s,2026-05-06T08:55:54.111181+00:00,0,0,0,0,0,
proxy_passthrough,readonly_steady,10,1,after_30s,2026-05-06T08:56:10.393176+00:00,0,0,0,0,0,
proxy_passthrough,readonly_steady,10,1,after_45s,2026-05-06T08:56:26.506085+00:00,0,0,0,0,0,
proxy_passthrough,readonly_steady,10,1,after_60s,2026-05-06T08:56:42.755570+00:00,0,0,0,0,0,
proxy_passthrough,readonly_steady,10,1,after_90s,2026-05-06T08:57:13.989387+00:00,0,0,0,0,0,
proxy_passthrough,readonly_steady,10,2,before,2026-05-06T08:57:21.766369+00:00,0,0,0,0,0,
proxy_passthrough,readonly_steady,10,2,during,2026-05-06T08:57:22.992511+00:00,10,0,10,0,0,
proxy_passthrough,readonly_steady,10,2,during,2026-05-06T08:57:25.246772+00:00,10,0,10,0,0,
proxy_passthrough,readonly_steady,10,2,during,2026-05-06T08:57:27.498522+00:00,10,2,8,0,0,
proxy_passthrough,readonly_steady,10,2,during,2026-05-06T08:57:29.751766+00:00,10,0,10,0,0,
proxy_passthrough,readonly_steady,10,2,during,2026-05-06T08:57:31.906967+00:00,10,2,8,0,0,
proxy_passthrough,readonly_steady,10,2,during,2026-05-06T08:57:34.157184+00:00,10,5,5,0,0,
proxy_passthrough,readonly_steady,10,2,during,2026-05-06T08:57:36.305428+00:00,10,1,9,0,0,
proxy_passthrough,readonly_steady,10,2,during,2026-05-06T08:57:38.438931+00:00,10,2,8,0,0,
proxy_passthrough,readonly_steady,10,2,during,2026-05-06T08:57:40.605990+00:00,10,1,9,0,0,
proxy_passthrough,readonly_steady,10,2,during,2026-05-06T08:57:42.860084+00:00,10,2,8,0,0,
proxy_passthrough,readonly_steady,10,2,during,2026-05-06T08:57:45.112025+00:00,10,1,9,0,0,
proxy_passthrough,readonly_steady,10,2,during,2026-05-06T08:57:47.365317+00:00,10,3,7,0,0,
proxy_passthrough,readonly_steady,10,2,during,2026-05-06T08:57:49.618343+00:00,10,1,9,0,0,
proxy_passthrough,readonly_steady,10,2,during,2026-05-06T08:57:51.881595+00:00,10,2,8,0,0,
proxy_passthrough,readonly_steady,10,2,during,2026-05-06T08:57:54.123760+00:00,10,0,10,0,0,
proxy_passthrough,readonly_steady,10,2,during,2026-05-06T08:57:56.376521+00:00,10,1,9,0,0,
proxy_passthrough,readonly_steady,10,2,during,2026-05-06T08:57:58.520963+00:00,10,1,9,0,0,
proxy_passthrough,readonly_steady,10,2,during,2026-05-06T08:58:00.678086+00:00,10,0,10,0,0,
proxy_passthrough,readonly_steady,10,2,during,2026-05-06T08:58:02.931431+00:00,10,2,8,0,0,
proxy_passthrough,readonly_steady,10,2,during,2026-05-06T08:58:05.183719+00:00,10,1,9,0,0,
proxy_passthrough,readonly_steady,10,2,during,2026-05-06T08:58:07.282156+00:00,10,1,9,0,0,
proxy_passthrough,readonly_steady,10,2,during,2026-05-06T08:58:09.382475+00:00,10,0,10,0,0,
proxy_passthrough,readonly_steady,10,2,during,2026-05-06T08:58:11.568236+00:00,10,4,6,0,0,
proxy_passthrough,readonly_steady,10,2,during,2026-05-06T08:58:13.786692+00:00,10,3,7,0,0,
proxy_passthrough,readonly_steady,10,2,during,2026-05-06T08:58:16.039516+00:00,10,0,10,0,0,
proxy_passthrough,readonly_steady,10,2,during,2026-05-06T08:58:18.291427+00:00,10,2,8,0,0,
proxy_passthrough,readonly_steady,10,2,during,2026-05-06T08:58:20.486296+00:00,10,0,10,0,0,
proxy_passthrough,readonly_steady,10,2,during,2026-05-06T08:58:22.896084+00:00,0,0,0,0,0,
proxy_passthrough,readonly_steady,10,2,after_15s,2026-05-06T08:58:39.184431+00:00,0,0,0,0,0,
proxy_passthrough,readonly_steady,10,2,after_30s,2026-05-06T08:58:55.366565+00:00,0,0,0,0,0,
proxy_passthrough,readonly_steady,10,2,after_45s,2026-05-06T08:59:11.546000+00:00,0,0,0,0,0,
proxy_passthrough,readonly_steady,10,2,after_60s,2026-05-06T08:59:27.729646+00:00,0,0,0,0,0,
proxy_passthrough,readonly_steady,10,2,after_90s,2026-05-06T08:59:58.856675+00:00,0,0,0,0,0,
proxy_passthrough,readonly_steady,10,3,before,2026-05-06T09:00:06.631316+00:00,0,0,0,0,0,
proxy_passthrough,readonly_steady,10,3,during,2026-05-06T09:00:07.867441+00:00,10,2,8,0,0,
proxy_passthrough,readonly_steady,10,3,during,2026-05-06T09:00:10.117092+00:00,10,0,10,0,0,
proxy_passthrough,readonly_steady,10,3,during,2026-05-06T09:00:12.370181+00:00,10,1,9,0,0,
proxy_passthrough,readonly_steady,10,3,during,2026-05-06T09:00:14.513206+00:00,10,1,9,0,0,
proxy_passthrough,readonly_steady,10,3,during,2026-05-06T09:00:16.671963+00:00,10,0,10,0,0,
proxy_passthrough,readonly_steady,10,3,during,2026-05-06T09:00:18.876481+00:00,10,6,4,0,0,
proxy_passthrough,readonly_steady,10,3,during,2026-05-06T09:00:20.974713+00:00,10,0,10,0,0,
proxy_passthrough,readonly_steady,10,3,during,2026-05-06T09:00:23.123440+00:00,10,0,10,0,0,
proxy_passthrough,readonly_steady,10,3,during,2026-05-06T09:00:25.273261+00:00,10,1,9,0,0,
proxy_passthrough,readonly_steady,10,3,during,2026-05-06T09:00:27.526274+00:00,10,5,5,0,0,
proxy_passthrough,readonly_steady,10,3,during,2026-05-06T09:00:29.779247+00:00,10,0,10,0,0,
proxy_passthrough,readonly_steady,10,3,during,2026-05-06T09:00:32.032321+00:00,10,0,10,0,0,
proxy_passthrough,readonly_steady,10,3,during,2026-05-06T09:00:34.284929+00:00,10,0,10,0,0,
proxy_passthrough,readonly_steady,10,3,during,2026-05-06T09:00:36.487488+00:00,10,2,8,0,0,
proxy_passthrough,readonly_steady,10,3,during,2026-05-06T09:00:38.587409+00:00,10,2,8,0,0,
proxy_passthrough,readonly_steady,10,3,during,2026-05-06T09:00:40.839918+00:00,10,0,10,0,0,
proxy_passthrough,readonly_steady,10,3,during,2026-05-06T09:00:42.935992+00:00,10,1,9,0,0,
proxy_passthrough,readonly_steady,10,3,during,2026-05-06T09:00:45.139527+00:00,10,3,7,0,0,
proxy_passthrough,readonly_steady,10,3,during,2026-05-06T09:00:47.396974+00:00,10,2,8,0,0,
proxy_passthrough,readonly_steady,10,3,during,2026-05-06T09:00:49.645093+00:00,10,3,7,0,0,
proxy_passthrough,readonly_steady,10,3,during,2026-05-06T09:00:51.907145+00:00,10,0,10,0,0,
proxy_passthrough,readonly_steady,10,3,during,2026-05-06T09:00:54.144852+00:00,10,0,10,0,0,
proxy_passthrough,readonly_steady,10,3,during,2026-05-06T09:00:56.404184+00:00,10,1,9,0,0,
proxy_passthrough,readonly_steady,10,3,during,2026-05-06T09:00:58.502992+00:00,10,0,10,0,0,
proxy_passthrough,readonly_steady,10,3,during,2026-05-06T09:01:00.602995+00:00,10,0,10,0,0,
proxy_passthrough,readonly_steady,10,3,during,2026-05-06T09:01:02.753362+00:00,10,0,10,0,0,
proxy_passthrough,readonly_steady,10,3,during,2026-05-06T09:01:04.904459+00:00,10,0,10,0,0,
proxy_passthrough,readonly_steady,10,3,during,2026-05-06T09:01:07.120741+00:00,0,0,0,0,0,
proxy_passthrough,readonly_steady,10,3,after_15s,2026-05-06T09:01:23.756702+00:00,0,0,0,0,0,
proxy_passthrough,readonly_steady,10,3,after_30s,2026-05-06T09:01:40.033048+00:00,0,0,0,0,0,
proxy_passthrough,readonly_steady,10,3,after_45s,2026-05-06T09:01:56.211534+00:00,0,0,0,0,0,
proxy_passthrough,readonly_steady,10,3,after_60s,2026-05-06T09:02:12.395617+00:00,0,0,0,0,0,
proxy_passthrough,readonly_steady,10,3,after_90s,2026-05-06T09:02:43.523281+00:00,0,0,0,0,0,
proxy_passthrough,readonly_steady,50,1,before,2026-05-06T09:02:51.305750+00:00,0,0,0,0,0,
proxy_passthrough,readonly_steady,50,1,during,2026-05-06T09:02:52.489835+00:00,50,0,50,0,0,
proxy_passthrough,readonly_steady,50,1,during,2026-05-06T09:02:54.688297+00:00,50,6,44,0,0,
proxy_passthrough,readonly_steady,50,1,during,2026-05-06T09:02:56.835589+00:00,50,1,49,0,0,
proxy_passthrough,readonly_steady,50,1,during,2026-05-06T09:02:59.088235+00:00,50,3,47,0,0,
proxy_passthrough,readonly_steady,50,1,during,2026-05-06T09:03:01.276230+00:00,50,3,47,0,0,
proxy_passthrough,readonly_steady,50,1,during,2026-05-06T09:03:03.389213+00:00,50,4,46,0,0,
proxy_passthrough,readonly_steady,50,1,during,2026-05-06T09:03:05.641950+00:00,50,0,50,0,0,
proxy_passthrough,readonly_steady,50,1,during,2026-05-06T09:03:07.897417+00:00,50,6,44,0,0,
proxy_passthrough,readonly_steady,50,1,during,2026-05-06T09:03:10.158673+00:00,50,6,44,0,0,
proxy_passthrough,readonly_steady,50,1,during,2026-05-06T09:03:12.401267+00:00,50,4,46,0,0,
proxy_passthrough,readonly_steady,50,1,during,2026-05-06T09:03:14.569644+00:00,50,0,50,0,0,
proxy_passthrough,readonly_steady,50,1,during,2026-05-06T09:03:16.685829+00:00,50,0,50,0,0,
proxy_passthrough,readonly_steady,50,1,during,2026-05-06T09:03:18.870421+00:00,50,0,50,0,0,
proxy_passthrough,readonly_steady,50,1,during,2026-05-06T09:03:21.003664+00:00,50,1,49,0,0,
proxy_passthrough,readonly_steady,50,1,during,2026-05-06T09:03:23.157176+00:00,50,1,49,0,0,
proxy_passthrough,readonly_steady,50,1,during,2026-05-06T09:03:25.306322+00:00,50,6,44,0,0,
proxy_passthrough,readonly_steady,50,1,during,2026-05-06T09:03:27.560890+00:00,50,6,44,0,0,
proxy_passthrough,readonly_steady,50,1,during,2026-05-06T09:03:29.812066+00:00,50,2,48,0,0,
proxy_passthrough,readonly_steady,50,1,during,2026-05-06T09:03:31.961548+00:00,50,0,50,0,0,
proxy_passthrough,readonly_steady,50,1,during,2026-05-06T09:03:34.110762+00:00,50,4,46,0,0,
proxy_passthrough,readonly_steady,50,1,during,2026-05-06T09:03:36.364098+00:00,50,3,47,0,0,
proxy_passthrough,readonly_steady,50,1,during,2026-05-06T09:03:38.609668+00:00,50,0,50,0,0,
proxy_passthrough,readonly_steady,50,1,during,2026-05-06T09:03:40.869827+00:00,50,0,50,0,0,
proxy_passthrough,readonly_steady,50,1,during,2026-05-06T09:03:43.123462+00:00,50,9,41,0,0,
proxy_passthrough,readonly_steady,50,1,during,2026-05-06T09:03:45.375685+00:00,50,1,49,0,0,
proxy_passthrough,readonly_steady,50,1,during,2026-05-06T09:03:47.629143+00:00,50,7,43,0,0,
proxy_passthrough,readonly_steady,50,1,during,2026-05-06T09:03:49.896127+00:00,50,0,50,0,0,
proxy_passthrough,readonly_steady,50,1,during,2026-05-06T09:03:52.136904+00:00,0,0,0,0,0,
proxy_passthrough,readonly_steady,50,1,after_15s,2026-05-06T09:04:08.612281+00:00,0,0,0,0,0,
proxy_passthrough,readonly_steady,50,1,after_30s,2026-05-06T09:04:24.902917+00:00,0,0,0,0,0,
proxy_passthrough,readonly_steady,50,1,after_45s,2026-05-06T09:04:41.081985+00:00,0,0,0,0,0,
proxy_passthrough,readonly_steady,50,1,after_60s,2026-05-06T09:04:57.367014+00:00,0,0,0,0,0,
proxy_passthrough,readonly_steady,50,1,after_90s,2026-05-06T09:05:28.520117+00:00,0,0,0,0,0,
proxy_passthrough,readonly_steady,50,2,before,2026-05-06T09:05:36.390176+00:00,0,0,0,0,0,
proxy_passthrough,readonly_steady,50,2,during,2026-05-06T09:05:37.609406+00:00,50,6,44,0,0,
proxy_passthrough,readonly_steady,50,2,during,2026-05-06T09:05:39.865088+00:00,50,0,50,0,0,
proxy_passthrough,readonly_steady,50,2,during,2026-05-06T09:05:42.116744+00:00,50,2,48,0,0,
proxy_passthrough,readonly_steady,50,2,during,2026-05-06T09:05:44.369466+00:00,50,0,50,0,0,
proxy_passthrough,readonly_steady,50,2,during,2026-05-06T09:05:46.506491+00:00,50,2,48,0,0,
proxy_passthrough,readonly_steady,50,2,during,2026-05-06T09:05:48.670410+00:00,50,2,48,0,0,
proxy_passthrough,readonly_steady,50,2,during,2026-05-06T09:05:50.925054+00:00,50,2,48,0,0,
proxy_passthrough,readonly_steady,50,2,during,2026-05-06T09:05:53.175298+00:00,50,0,50,0,0,
proxy_passthrough,readonly_steady,50,2,during,2026-05-06T09:05:55.430914+00:00,50,2,48,0,0,
proxy_passthrough,readonly_steady,50,2,during,2026-05-06T09:05:57.681151+00:00,50,3,47,0,0,
proxy_passthrough,readonly_steady,50,2,during,2026-05-06T09:05:59.937792+00:00,50,0,50,0,0,
proxy_passthrough,readonly_steady,50,2,during,2026-05-06T09:06:02.187620+00:00,50,3,47,0,0,
proxy_passthrough,readonly_steady,50,2,during,2026-05-06T09:06:04.440274+00:00,50,0,50,0,0,
proxy_passthrough,readonly_steady,50,2,during,2026-05-06T09:06:06.538859+00:00,50,1,49,0,0,
proxy_passthrough,readonly_steady,50,2,during,2026-05-06T09:06:08.639527+00:00,50,0,50,0,0,
proxy_passthrough,readonly_steady,50,2,during,2026-05-06T09:06:10.789123+00:00,50,0,50,0,0,
proxy_passthrough,readonly_steady,50,2,during,2026-05-06T09:06:13.042813+00:00,50,1,49,0,0,
proxy_passthrough,readonly_steady,50,2,during,2026-05-06T09:06:15.295737+00:00,50,1,49,0,0,
proxy_passthrough,readonly_steady,50,2,during,2026-05-06T09:06:17.547702+00:00,50,1,49,0,0,
proxy_passthrough,readonly_steady,50,2,during,2026-05-06T09:06:19.730804+00:00,50,0,50,0,0,
proxy_passthrough,readonly_steady,50,2,during,2026-05-06T09:06:21.955865+00:00,50,0,50,0,0,
proxy_passthrough,readonly_steady,50,2,during,2026-05-06T09:06:24.102184+00:00,50,5,45,0,0,
proxy_passthrough,readonly_steady,50,2,during,2026-05-06T09:06:26.360122+00:00,50,1,49,0,0,
proxy_passthrough,readonly_steady,50,2,during,2026-05-06T09:06:28.489975+00:00,50,7,43,0,0,
proxy_passthrough,readonly_steady,50,2,during,2026-05-06T09:06:30.657080+00:00,50,0,50,0,0,
proxy_passthrough,readonly_steady,50,2,during,2026-05-06T09:06:32.908084+00:00,50,2,48,0,0,
proxy_passthrough,readonly_steady,50,2,during,2026-05-06T09:06:35.161304+00:00,50,2,48,0,0,
proxy_passthrough,readonly_steady,50,2,during,2026-05-06T09:06:37.412738+00:00,0,0,0,0,0,
proxy_passthrough,readonly_steady,50,2,after_15s,2026-05-06T09:06:54.586261+00:00,0,0,0,0,0,
proxy_passthrough,readonly_steady,50,2,after_30s,2026-05-06T09:07:10.696937+00:00,0,0,0,0,0,
proxy_passthrough,readonly_steady,50,2,after_45s,2026-05-06T09:07:26.980815+00:00,0,0,0,0,0,
proxy_passthrough,readonly_steady,50,2,after_60s,2026-05-06T09:07:43.158469+00:00,0,0,0,0,0,
proxy_passthrough,readonly_steady,50,2,after_90s,2026-05-06T09:08:14.289498+00:00,0,0,0,0,0,
proxy_passthrough,readonly_steady,50,3,before,2026-05-06T09:08:21.868457+00:00,0,0,0,0,0,
proxy_passthrough,readonly_steady,50,3,during,2026-05-06T09:08:22.999823+00:00,50,4,46,0,0,
proxy_passthrough,readonly_steady,50,3,during,2026-05-06T09:08:25.091622+00:00,50,1,49,0,0,
proxy_passthrough,readonly_steady,50,3,during,2026-05-06T09:08:27.194637+00:00,50,0,50,0,0,
proxy_passthrough,readonly_steady,50,3,during,2026-05-06T09:08:29.459461+00:00,50,0,50,0,0,
proxy_passthrough,readonly_steady,50,3,during,2026-05-06T09:08:31.702420+00:00,50,1,49,0,0,
proxy_passthrough,readonly_steady,50,3,during,2026-05-06T09:08:33.950694+00:00,50,0,50,0,0,
proxy_passthrough,readonly_steady,50,3,during,2026-05-06T09:08:36.202943+00:00,50,6,44,0,0,
proxy_passthrough,readonly_steady,50,3,during,2026-05-06T09:08:38.456702+00:00,50,1,49,0,0,
proxy_passthrough,readonly_steady,50,3,during,2026-05-06T09:08:40.555082+00:00,50,0,50,0,0,
proxy_passthrough,readonly_steady,50,3,during,2026-05-06T09:08:42.658000+00:00,50,1,49,0,0,
proxy_passthrough,readonly_steady,50,3,during,2026-05-06T09:08:44.806489+00:00,50,0,50,0,0,
proxy_passthrough,readonly_steady,50,3,during,2026-05-06T09:08:47.064453+00:00,50,0,50,0,0,
proxy_passthrough,readonly_steady,50,3,during,2026-05-06T09:08:49.311844+00:00,50,1,49,0,0,
proxy_passthrough,readonly_steady,50,3,during,2026-05-06T09:08:51.564731+00:00,50,3,47,0,0,
proxy_passthrough,readonly_steady,50,3,during,2026-05-06T09:08:53.817829+00:00,50,0,50,0,0,
proxy_passthrough,readonly_steady,50,3,during,2026-05-06T09:08:56.069873+00:00,50,1,49,0,0,
proxy_passthrough,readonly_steady,50,3,during,2026-05-06T09:08:58.324073+00:00,50,3,47,0,0,
proxy_passthrough,readonly_steady,50,3,during,2026-05-06T09:09:00.465579+00:00,50,0,50,0,0,
proxy_passthrough,readonly_steady,50,3,during,2026-05-06T09:09:02.623480+00:00,50,0,50,0,0,
proxy_passthrough,readonly_steady,50,3,during,2026-05-06T09:09:04.878017+00:00,50,6,44,0,0,
proxy_passthrough,readonly_steady,50,3,during,2026-05-06T09:09:07.130127+00:00,50,2,48,0,0,
proxy_passthrough,readonly_steady,50,3,during,2026-05-06T09:09:09.280827+00:00,50,2,48,0,0,
proxy_passthrough,readonly_steady,50,3,during,2026-05-06T09:09:11.534170+00:00,50,3,47,0,0,
proxy_passthrough,readonly_steady,50,3,during,2026-05-06T09:09:13.683608+00:00,50,3,47,0,0,
proxy_passthrough,readonly_steady,50,3,during,2026-05-06T09:09:15.937134+00:00,50,7,43,0,0,
proxy_passthrough,readonly_steady,50,3,during,2026-05-06T09:09:18.089810+00:00,50,0,50,0,0,
proxy_passthrough,readonly_steady,50,3,during,2026-05-06T09:09:20.340355+00:00,50,3,47,0,0,
proxy_passthrough,readonly_steady,50,3,during,2026-05-06T09:09:22.440087+00:00,0,0,0,0,0,
proxy_passthrough,readonly_steady,50,3,after_15s,2026-05-06T09:09:39.079599+00:00,0,0,0,0,0,
proxy_passthrough,readonly_steady,50,3,after_30s,2026-05-06T09:09:55.260686+00:00,0,0,0,0,0,
proxy_passthrough,readonly_steady,50,3,after_45s,2026-05-06T09:10:11.541920+00:00,0,0,0,0,0,
proxy_passthrough,readonly_steady,50,3,after_60s,2026-05-06T09:10:27.825419+00:00,0,0,0,0,0,
proxy_passthrough,readonly_steady,50,3,after_90s,2026-05-06T09:10:58.957335+00:00,0,0,0,0,0,
proxy_passthrough,readonly_steady,100,1,before,2026-05-06T09:11:06.638881+00:00,0,0,0,0,0,
proxy_passthrough,readonly_steady,100,1,during,2026-05-06T09:11:07.760813+00:00,0,0,0,0,0,"psql: error: connection to server at ""comp1.local.neon.build"" (127.0.0.1), port 4432 failed: ERROR:  sorry, too many clients already"
proxy_passthrough,readonly_steady,100,1,during,2026-05-06T09:11:10.016031+00:00,0,0,0,0,0,"psql: error: connection to server at ""comp1.local.neon.build"" (127.0.0.1), port 4432 failed: ERROR:  sorry, too many clients already"
proxy_passthrough,readonly_steady,100,1,during,2026-05-06T09:11:12.266585+00:00,0,0,0,0,0,"psql: error: connection to server at ""comp1.local.neon.build"" (127.0.0.1), port 4432 failed: ERROR:  sorry, too many clients already"
proxy_passthrough,readonly_steady,100,1,during,2026-05-06T09:11:14.415927+00:00,0,0,0,0,0,"psql: error: connection to server at ""comp1.local.neon.build"" (127.0.0.1), port 4432 failed: ERROR:  sorry, too many clients already"
proxy_passthrough,readonly_steady,100,1,during,2026-05-06T09:11:16.568603+00:00,0,0,0,0,0,"psql: error: connection to server at ""comp1.local.neon.build"" (127.0.0.1), port 4432 failed: ERROR:  sorry, too many clients already"
proxy_passthrough,readonly_steady,100,1,during,2026-05-06T09:11:18.821417+00:00,0,0,0,0,0,"psql: error: connection to server at ""comp1.local.neon.build"" (127.0.0.1), port 4432 failed: ERROR:  sorry, too many clients already"
proxy_passthrough,readonly_steady,100,1,during,2026-05-06T09:11:21.072881+00:00,0,0,0,0,0,"psql: error: connection to server at ""comp1.local.neon.build"" (127.0.0.1), port 4432 failed: ERROR:  sorry, too many clients already"
proxy_passthrough,readonly_steady,100,1,during,2026-05-06T09:11:23.326292+00:00,0,0,0,0,0,"psql: error: connection to server at ""comp1.local.neon.build"" (127.0.0.1), port 4432 failed: ERROR:  sorry, too many clients already"
proxy_passthrough,readonly_steady,100,1,during,2026-05-06T09:11:25.578852+00:00,0,0,0,0,0,"psql: error: connection to server at ""comp1.local.neon.build"" (127.0.0.1), port 4432 failed: ERROR:  sorry, too many clients already"
proxy_passthrough,readonly_steady,100,1,during,2026-05-06T09:11:27.838823+00:00,0,0,0,0,0,"psql: error: connection to server at ""comp1.local.neon.build"" (127.0.0.1), port 4432 failed: ERROR:  sorry, too many clients already"
proxy_passthrough,readonly_steady,100,1,during,2026-05-06T09:11:30.085019+00:00,0,0,0,0,0,"psql: error: connection to server at ""comp1.local.neon.build"" (127.0.0.1), port 4432 failed: ERROR:  sorry, too many clients already"
proxy_passthrough,readonly_steady,100,1,during,2026-05-06T09:11:32.339716+00:00,0,0,0,0,0,"psql: error: connection to server at ""comp1.local.neon.build"" (127.0.0.1), port 4432 failed: ERROR:  sorry, too many clients already"
proxy_passthrough,readonly_steady,100,1,during,2026-05-06T09:11:34.471848+00:00,0,0,0,0,0,"psql: error: connection to server at ""comp1.local.neon.build"" (127.0.0.1), port 4432 failed: ERROR:  sorry, too many clients already"
proxy_passthrough,readonly_steady,100,1,during,2026-05-06T09:11:36.741540+00:00,0,0,0,0,0,"psql: error: connection to server at ""comp1.local.neon.build"" (127.0.0.1), port 4432 failed: ERROR:  sorry, too many clients already"
proxy_passthrough,readonly_steady,100,1,during,2026-05-06T09:11:38.891889+00:00,0,0,0,0,0,"psql: error: connection to server at ""comp1.local.neon.build"" (127.0.0.1), port 4432 failed: ERROR:  sorry, too many clients already"
proxy_passthrough,readonly_steady,100,1,during,2026-05-06T09:11:41.144209+00:00,0,0,0,0,0,"psql: error: connection to server at ""comp1.local.neon.build"" (127.0.0.1), port 4432 failed: ERROR:  sorry, too many clients already"
proxy_passthrough,readonly_steady,100,1,during,2026-05-06T09:11:43.396663+00:00,0,0,0,0,0,"psql: error: connection to server at ""comp1.local.neon.build"" (127.0.0.1), port 4432 failed: ERROR:  sorry, too many clients already"
proxy_passthrough,readonly_steady,100,1,during,2026-05-06T09:11:45.650045+00:00,0,0,0,0,0,"psql: error: connection to server at ""comp1.local.neon.build"" (127.0.0.1), port 4432 failed: ERROR:  sorry, too many clients already"
proxy_passthrough,readonly_steady,100,1,during,2026-05-06T09:11:47.909949+00:00,0,0,0,0,0,"psql: error: connection to server at ""comp1.local.neon.build"" (127.0.0.1), port 4432 failed: ERROR:  sorry, too many clients already"
proxy_passthrough,readonly_steady,100,1,during,2026-05-06T09:11:50.161525+00:00,0,0,0,0,0,"psql: error: connection to server at ""comp1.local.neon.build"" (127.0.0.1), port 4432 failed: ERROR:  sorry, too many clients already"
proxy_passthrough,readonly_steady,100,1,during,2026-05-06T09:11:52.412221+00:00,0,0,0,0,0,"psql: error: connection to server at ""comp1.local.neon.build"" (127.0.0.1), port 4432 failed: ERROR:  sorry, too many clients already"
proxy_passthrough,readonly_steady,100,1,during,2026-05-06T09:11:54.558920+00:00,0,0,0,0,0,"psql: error: connection to server at ""comp1.local.neon.build"" (127.0.0.1), port 4432 failed: ERROR:  sorry, too many clients already"
proxy_passthrough,readonly_steady,100,1,during,2026-05-06T09:11:56.709436+00:00,0,0,0,0,0,"psql: error: connection to server at ""comp1.local.neon.build"" (127.0.0.1), port 4432 failed: ERROR:  sorry, too many clients already"
proxy_passthrough,readonly_steady,100,1,during,2026-05-06T09:11:58.964362+00:00,0,0,0,0,0,"psql: error: connection to server at ""comp1.local.neon.build"" (127.0.0.1), port 4432 failed: ERROR:  sorry, too many clients already"
proxy_passthrough,readonly_steady,100,1,during,2026-05-06T09:12:01.216533+00:00,0,0,0,0,0,"psql: error: connection to server at ""comp1.local.neon.build"" (127.0.0.1), port 4432 failed: ERROR:  sorry, too many clients already"
proxy_passthrough,readonly_steady,100,1,during,2026-05-06T09:12:03.474850+00:00,0,0,0,0,0,"psql: error: connection to server at ""comp1.local.neon.build"" (127.0.0.1), port 4432 failed: ERROR:  sorry, too many clients already"
proxy_passthrough,readonly_steady,100,1,during,2026-05-06T09:12:05.722388+00:00,0,0,0,0,0,"psql: error: connection to server at ""comp1.local.neon.build"" (127.0.0.1), port 4432 failed: ERROR:  sorry, too many clients already"
proxy_passthrough,readonly_steady,100,1,during,2026-05-06T09:12:09.322501+00:00,0,0,0,0,0,
proxy_passthrough,readonly_steady,100,1,after_15s,2026-05-06T09:12:25.592007+00:00,0,0,0,0,0,
proxy_passthrough,readonly_steady,100,1,after_30s,2026-05-06T09:12:41.770326+00:00,0,0,0,0,0,
proxy_passthrough,readonly_steady,100,1,after_45s,2026-05-06T09:12:57.964124+00:00,0,0,0,0,0,
proxy_passthrough,readonly_steady,100,1,after_60s,2026-05-06T09:13:14.136665+00:00,0,0,0,0,0,
proxy_passthrough,readonly_steady,100,1,after_90s,2026-05-06T09:13:45.266068+00:00,0,0,0,0,0,
proxy_passthrough,readonly_steady,100,2,before,2026-05-06T09:13:52.631834+00:00,0,0,0,0,0,
proxy_passthrough,readonly_steady,100,2,during,2026-05-06T09:13:53.861225+00:00,0,0,0,0,0,"psql: error: connection to server at ""comp1.local.neon.build"" (127.0.0.1), port 4432 failed: ERROR:  sorry, too many clients already"
proxy_passthrough,readonly_steady,100,2,during,2026-05-06T09:13:56.113606+00:00,0,0,0,0,0,"psql: error: connection to server at ""comp1.local.neon.build"" (127.0.0.1), port 4432 failed: ERROR:  sorry, too many clients already"
proxy_passthrough,readonly_steady,100,2,during,2026-05-06T09:13:58.366466+00:00,0,0,0,0,0,"psql: error: connection to server at ""comp1.local.neon.build"" (127.0.0.1), port 4432 failed: ERROR:  sorry, too many clients already"
proxy_passthrough,readonly_steady,100,2,during,2026-05-06T09:14:00.509528+00:00,0,0,0,0,0,"psql: error: connection to server at ""comp1.local.neon.build"" (127.0.0.1), port 4432 failed: ERROR:  sorry, too many clients already"
proxy_passthrough,readonly_steady,100,2,during,2026-05-06T09:14:02.668612+00:00,0,0,0,0,0,"psql: error: connection to server at ""comp1.local.neon.build"" (127.0.0.1), port 4432 failed: ERROR:  sorry, too many clients already"
proxy_passthrough,readonly_steady,100,2,during,2026-05-06T09:14:04.922144+00:00,0,0,0,0,0,"psql: error: connection to server at ""comp1.local.neon.build"" (127.0.0.1), port 4432 failed: ERROR:  sorry, too many clients already"
proxy_passthrough,readonly_steady,100,2,during,2026-05-06T09:14:07.173660+00:00,0,0,0,0,0,"psql: error: connection to server at ""comp1.local.neon.build"" (127.0.0.1), port 4432 failed: ERROR:  sorry, too many clients already"
proxy_passthrough,readonly_steady,100,2,during,2026-05-06T09:14:09.425552+00:00,0,0,0,0,0,"psql: error: connection to server at ""comp1.local.neon.build"" (127.0.0.1), port 4432 failed: ERROR:  sorry, too many clients already"
proxy_passthrough,readonly_steady,100,2,during,2026-05-06T09:14:11.679348+00:00,0,0,0,0,0,"psql: error: connection to server at ""comp1.local.neon.build"" (127.0.0.1), port 4432 failed: ERROR:  sorry, too many clients already"
proxy_passthrough,readonly_steady,100,2,during,2026-05-06T09:14:13.932164+00:00,0,0,0,0,0,"psql: error: connection to server at ""comp1.local.neon.build"" (127.0.0.1), port 4432 failed: ERROR:  sorry, too many clients already"
proxy_passthrough,readonly_steady,100,2,during,2026-05-06T09:14:16.453834+00:00,0,0,0,0,0,"psql: error: connection to server at ""comp1.local.neon.build"" (127.0.0.1), port 4432 failed: ERROR:  sorry, too many clients already"
proxy_passthrough,readonly_steady,100,2,during,2026-05-06T09:14:18.646184+00:00,0,0,0,0,0,"psql: error: connection to server at ""comp1.local.neon.build"" (127.0.0.1), port 4432 failed: ERROR:  sorry, too many clients already"
proxy_passthrough,readonly_steady,100,2,during,2026-05-06T09:14:20.833921+00:00,0,0,0,0,0,"psql: error: connection to server at ""comp1.local.neon.build"" (127.0.0.1), port 4432 failed: ERROR:  sorry, too many clients already"
proxy_passthrough,readonly_steady,100,2,during,2026-05-06T09:14:22.945469+00:00,0,0,0,0,0,"psql: error: connection to server at ""comp1.local.neon.build"" (127.0.0.1), port 4432 failed: ERROR:  sorry, too many clients already"
proxy_passthrough,readonly_steady,100,2,during,2026-05-06T09:14:25.198556+00:00,0,0,0,0,0,"psql: error: connection to server at ""comp1.local.neon.build"" (127.0.0.1), port 4432 failed: ERROR:  sorry, too many clients already"
proxy_passthrough,readonly_steady,100,2,during,2026-05-06T09:14:27.453200+00:00,0,0,0,0,0,"psql: error: connection to server at ""comp1.local.neon.build"" (127.0.0.1), port 4432 failed: ERROR:  sorry, too many clients already"
proxy_passthrough,readonly_steady,100,2,during,2026-05-06T09:14:29.725206+00:00,0,0,0,0,0,"psql: error: connection to server at ""comp1.local.neon.build"" (127.0.0.1), port 4432 failed: ERROR:  sorry, too many clients already"
proxy_passthrough,readonly_steady,100,2,during,2026-05-06T09:14:32.185066+00:00,0,0,0,0,0,"psql: error: connection to server at ""comp1.local.neon.build"" (127.0.0.1), port 4432 failed: ERROR:  sorry, too many clients already"
proxy_passthrough,readonly_steady,100,2,during,2026-05-06T09:14:34.339256+00:00,0,0,0,0,0,"psql: error: connection to server at ""comp1.local.neon.build"" (127.0.0.1), port 4432 failed: ERROR:  sorry, too many clients already"
proxy_passthrough,readonly_steady,100,2,during,2026-05-06T09:14:36.566192+00:00,0,0,0,0,0,"psql: error: connection to server at ""comp1.local.neon.build"" (127.0.0.1), port 4432 failed: ERROR:  sorry, too many clients already"
proxy_passthrough,readonly_steady,100,2,during,2026-05-06T09:14:38.713440+00:00,0,0,0,0,0,"psql: error: connection to server at ""comp1.local.neon.build"" (127.0.0.1), port 4432 failed: ERROR:  sorry, too many clients already"
proxy_passthrough,readonly_steady,100,2,during,2026-05-06T09:14:40.969790+00:00,0,0,0,0,0,"psql: error: connection to server at ""comp1.local.neon.build"" (127.0.0.1), port 4432 failed: ERROR:  sorry, too many clients already"
proxy_passthrough,readonly_steady,100,2,during,2026-05-06T09:14:43.220182+00:00,0,0,0,0,0,"psql: error: connection to server at ""comp1.local.neon.build"" (127.0.0.1), port 4432 failed: ERROR:  sorry, too many clients already"
proxy_passthrough,readonly_steady,100,2,during,2026-05-06T09:14:45.473946+00:00,0,0,0,0,0,"psql: error: connection to server at ""comp1.local.neon.build"" (127.0.0.1), port 4432 failed: ERROR:  sorry, too many clients already"
proxy_passthrough,readonly_steady,100,2,during,2026-05-06T09:14:47.725419+00:00,0,0,0,0,0,"psql: error: connection to server at ""comp1.local.neon.build"" (127.0.0.1), port 4432 failed: ERROR:  sorry, too many clients already"
proxy_passthrough,readonly_steady,100,2,during,2026-05-06T09:14:49.978044+00:00,0,0,0,0,0,"psql: error: connection to server at ""comp1.local.neon.build"" (127.0.0.1), port 4432 failed: ERROR:  sorry, too many clients already"
proxy_passthrough,readonly_steady,100,2,during,2026-05-06T09:14:52.234329+00:00,0,0,0,0,0,"psql: error: connection to server at ""comp1.local.neon.build"" (127.0.0.1), port 4432 failed: ERROR:  sorry, too many clients already"
proxy_passthrough,readonly_steady,100,2,during,2026-05-06T09:14:55.510422+00:00,0,0,0,0,0,
proxy_passthrough,readonly_steady,100,2,after_15s,2026-05-06T09:15:11.793379+00:00,0,0,0,0,0,
proxy_passthrough,readonly_steady,100,2,after_30s,2026-05-06T09:15:28.074968+00:00,0,0,0,0,0,
proxy_passthrough,readonly_steady,100,2,after_45s,2026-05-06T09:15:44.259154+00:00,0,0,0,0,0,
proxy_passthrough,readonly_steady,100,2,after_60s,2026-05-06T09:16:00.434974+00:00,0,0,0,0,0,
proxy_passthrough,readonly_steady,100,2,after_90s,2026-05-06T09:16:31.569510+00:00,0,0,0,0,0,
proxy_passthrough,readonly_steady,100,3,before,2026-05-06T09:16:39.349533+00:00,0,0,0,0,0,
proxy_passthrough,readonly_steady,100,3,during,2026-05-06T09:16:40.455905+00:00,0,0,0,0,0,"psql: error: connection to server at ""comp1.local.neon.build"" (127.0.0.1), port 4432 failed: ERROR:  sorry, too many clients already"
proxy_passthrough,readonly_steady,100,3,during,2026-05-06T09:16:42.727834+00:00,0,0,0,0,0,"psql: error: connection to server at ""comp1.local.neon.build"" (127.0.0.1), port 4432 failed: ERROR:  sorry, too many clients already"
proxy_passthrough,readonly_steady,100,3,during,2026-05-06T09:16:44.878433+00:00,0,0,0,0,0,"psql: error: connection to server at ""comp1.local.neon.build"" (127.0.0.1), port 4432 failed: ERROR:  sorry, too many clients already"
proxy_passthrough,readonly_steady,100,3,during,2026-05-06T09:16:47.131294+00:00,0,0,0,0,0,"psql: error: connection to server at ""comp1.local.neon.build"" (127.0.0.1), port 4432 failed: ERROR:  sorry, too many clients already"
proxy_passthrough,readonly_steady,100,3,during,2026-05-06T09:16:49.382423+00:00,0,0,0,0,0,"psql: error: connection to server at ""comp1.local.neon.build"" (127.0.0.1), port 4432 failed: ERROR:  sorry, too many clients already"
proxy_passthrough,readonly_steady,100,3,during,2026-05-06T09:16:51.634678+00:00,0,0,0,0,0,"psql: error: connection to server at ""comp1.local.neon.build"" (127.0.0.1), port 4432 failed: ERROR:  sorry, too many clients already"
proxy_passthrough,readonly_steady,100,3,during,2026-05-06T09:16:53.891556+00:00,0,0,0,0,0,"psql: error: connection to server at ""comp1.local.neon.build"" (127.0.0.1), port 4432 failed: ERROR:  sorry, too many clients already"
proxy_passthrough,readonly_steady,100,3,during,2026-05-06T09:16:56.142035+00:00,0,0,0,0,0,"psql: error: connection to server at ""comp1.local.neon.build"" (127.0.0.1), port 4432 failed: ERROR:  sorry, too many clients already"
proxy_passthrough,readonly_steady,100,3,during,2026-05-06T09:16:58.394137+00:00,0,0,0,0,0,"psql: error: connection to server at ""comp1.local.neon.build"" (127.0.0.1), port 4432 failed: ERROR:  sorry, too many clients already"
proxy_passthrough,readonly_steady,100,3,during,2026-05-06T09:17:00.544537+00:00,0,0,0,0,0,"psql: error: connection to server at ""comp1.local.neon.build"" (127.0.0.1), port 4432 failed: ERROR:  sorry, too many clients already"
proxy_passthrough,readonly_steady,100,3,during,2026-05-06T09:17:02.695919+00:00,0,0,0,0,0,"psql: error: connection to server at ""comp1.local.neon.build"" (127.0.0.1), port 4432 failed: ERROR:  sorry, too many clients already"
proxy_passthrough,readonly_steady,100,3,during,2026-05-06T09:17:04.947568+00:00,0,0,0,0,0,"psql: error: connection to server at ""comp1.local.neon.build"" (127.0.0.1), port 4432 failed: ERROR:  sorry, too many clients already"
proxy_passthrough,readonly_steady,100,3,during,2026-05-06T09:17:07.201058+00:00,0,0,0,0,0,"psql: error: connection to server at ""comp1.local.neon.build"" (127.0.0.1), port 4432 failed: ERROR:  sorry, too many clients already"
proxy_passthrough,readonly_steady,100,3,during,2026-05-06T09:17:09.453660+00:00,0,0,0,0,0,"psql: error: connection to server at ""comp1.local.neon.build"" (127.0.0.1), port 4432 failed: ERROR:  sorry, too many clients already"
proxy_passthrough,readonly_steady,100,3,during,2026-05-06T09:17:11.709229+00:00,0,0,0,0,0,"psql: error: connection to server at ""comp1.local.neon.build"" (127.0.0.1), port 4432 failed: ERROR:  sorry, too many clients already"
proxy_passthrough,readonly_steady,100,3,during,2026-05-06T09:17:13.959847+00:00,0,0,0,0,0,"psql: error: connection to server at ""comp1.local.neon.build"" (127.0.0.1), port 4432 failed: ERROR:  sorry, too many clients already"
proxy_passthrough,readonly_steady,100,3,during,2026-05-06T09:17:16.109228+00:00,0,0,0,0,0,"psql: error: connection to server at ""comp1.local.neon.build"" (127.0.0.1), port 4432 failed: ERROR:  sorry, too many clients already"
proxy_passthrough,readonly_steady,100,3,during,2026-05-06T09:17:18.363392+00:00,0,0,0,0,0,"psql: error: connection to server at ""comp1.local.neon.build"" (127.0.0.1), port 4432 failed: ERROR:  sorry, too many clients already"
proxy_passthrough,readonly_steady,100,3,during,2026-05-06T09:17:20.463506+00:00,0,0,0,0,0,"psql: error: connection to server at ""comp1.local.neon.build"" (127.0.0.1), port 4432 failed: ERROR:  sorry, too many clients already"
proxy_passthrough,readonly_steady,100,3,during,2026-05-06T09:17:22.767969+00:00,0,0,0,0,0,"psql: error: connection to server at ""comp1.local.neon.build"" (127.0.0.1), port 4432 failed: ERROR:  sorry, too many clients already"
proxy_passthrough,readonly_steady,100,3,during,2026-05-06T09:17:24.920992+00:00,0,0,0,0,0,"psql: error: connection to server at ""comp1.local.neon.build"" (127.0.0.1), port 4432 failed: ERROR:  sorry, too many clients already"
proxy_passthrough,readonly_steady,100,3,during,2026-05-06T09:17:27.071095+00:00,0,0,0,0,0,"psql: error: connection to server at ""comp1.local.neon.build"" (127.0.0.1), port 4432 failed: ERROR:  sorry, too many clients already"
proxy_passthrough,readonly_steady,100,3,during,2026-05-06T09:17:29.319892+00:00,0,0,0,0,0,"psql: error: connection to server at ""comp1.local.neon.build"" (127.0.0.1), port 4432 failed: ERROR:  sorry, too many clients already"
proxy_passthrough,readonly_steady,100,3,during,2026-05-06T09:17:31.572983+00:00,0,0,0,0,0,"psql: error: connection to server at ""comp1.local.neon.build"" (127.0.0.1), port 4432 failed: ERROR:  sorry, too many clients already"
proxy_passthrough,readonly_steady,100,3,during,2026-05-06T09:17:33.826179+00:00,0,0,0,0,0,"psql: error: connection to server at ""comp1.local.neon.build"" (127.0.0.1), port 4432 failed: ERROR:  sorry, too many clients already"
proxy_passthrough,readonly_steady,100,3,during,2026-05-06T09:17:36.096185+00:00,0,0,0,0,0,"psql: error: connection to server at ""comp1.local.neon.build"" (127.0.0.1), port 4432 failed: ERROR:  sorry, too many clients already"
proxy_passthrough,readonly_steady,100,3,during,2026-05-06T09:17:38.335927+00:00,0,0,0,0,0,"psql: error: connection to server at ""comp1.local.neon.build"" (127.0.0.1), port 4432 failed: ERROR:  sorry, too many clients already"
proxy_passthrough,readonly_steady,100,3,during,2026-05-06T09:17:40.476972+00:00,0,0,0,0,0,
proxy_passthrough,readonly_steady,100,3,after_15s,2026-05-06T09:17:57.281423+00:00,0,0,0,0,0,
proxy_passthrough,readonly_steady,100,3,after_30s,2026-05-06T09:18:13.564181+00:00,0,0,0,0,0,
proxy_passthrough,readonly_steady,100,3,after_45s,2026-05-06T09:18:29.745425+00:00,0,0,0,0,0,
proxy_passthrough,readonly_steady,100,3,after_60s,2026-05-06T09:18:45.923456+00:00,0,0,0,0,0,
proxy_passthrough,readonly_steady,100,3,after_90s,2026-05-06T09:19:17.054580+00:00,0,0,0,0,0,
proxy_passthrough,readonly_steady,250,1,before,2026-05-06T09:19:24.734691+00:00,0,0,0,0,0,
proxy_passthrough,readonly_steady,250,1,during,2026-05-06T09:19:25.758340+00:00,0,0,0,0,0,"psql: error: connection to server at ""comp1.local.neon.build"" (127.0.0.1), port 4432 failed: ERROR:  sorry, too many clients already"
proxy_passthrough,readonly_steady,250,1,during,2026-05-06T09:19:27.904073+00:00,0,0,0,0,0,"psql: error: connection to server at ""comp1.local.neon.build"" (127.0.0.1), port 4432 failed: ERROR:  sorry, too many clients already"
proxy_passthrough,readonly_steady,250,1,after_15s,2026-05-06T09:19:44.092620+00:00,0,0,0,0,0,
proxy_passthrough,readonly_steady,250,1,after_30s,2026-05-06T09:20:00.266105+00:00,0,0,0,0,0,
proxy_passthrough,readonly_steady,250,1,after_45s,2026-05-06T09:20:16.521912+00:00,0,0,0,0,0,
proxy_passthrough,readonly_steady,250,1,after_60s,2026-05-06T09:20:32.636147+00:00,0,0,0,0,0,
proxy_passthrough,readonly_steady,250,1,after_90s,2026-05-06T09:21:03.752303+00:00,0,0,0,0,0,
proxy_passthrough,readonly_steady,250,2,before,2026-05-06T09:21:11.333316+00:00,0,0,0,0,0,
proxy_passthrough,readonly_steady,250,2,during,2026-05-06T09:21:12.454164+00:00,0,0,0,0,0,"psql: error: connection to server at ""comp1.local.neon.build"" (127.0.0.1), port 4432 failed: ERROR:  sorry, too many clients already"
proxy_passthrough,readonly_steady,250,2,after_15s,2026-05-06T09:21:28.539394+00:00,0,0,0,0,0,
proxy_passthrough,readonly_steady,250,2,after_30s,2026-05-06T09:21:44.700921+00:00,0,0,0,0,0,
proxy_passthrough,readonly_steady,250,2,after_45s,2026-05-06T09:22:00.875725+00:00,0,0,0,0,0,
proxy_passthrough,readonly_steady,250,2,after_60s,2026-05-06T09:22:17.154646+00:00,0,0,0,0,0,
proxy_passthrough,readonly_steady,250,2,after_90s,2026-05-06T09:22:48.380935+00:00,0,0,0,0,0,
proxy_passthrough,readonly_steady,250,3,before,2026-05-06T09:22:56.160360+00:00,0,0,0,0,0,
proxy_passthrough,readonly_steady,250,3,during,2026-05-06T09:22:57.188109+00:00,0,0,0,0,0,"psql: error: connection to server at ""comp1.local.neon.build"" (127.0.0.1), port 4432 failed: ERROR:  sorry, too many clients already"
proxy_passthrough,readonly_steady,250,3,after_15s,2026-05-06T09:23:13.360495+00:00,0,0,0,0,0,
proxy_passthrough,readonly_steady,250,3,after_30s,2026-05-06T09:23:29.534765+00:00,0,0,0,0,0,
proxy_passthrough,readonly_steady,250,3,after_45s,2026-05-06T09:23:45.657205+00:00,0,0,0,0,0,
proxy_passthrough,readonly_steady,250,3,after_60s,2026-05-06T09:24:01.889263+00:00,0,0,0,0,0,
proxy_passthrough,readonly_steady,250,3,after_90s,2026-05-06T09:24:33.013015+00:00,0,0,0,0,0,
proxy_passthrough,readonly_connect,1,1,before,2026-05-06T09:24:40.456093+00:00,0,0,0,0,0,
proxy_passthrough,readonly_connect,1,1,during,2026-05-06T09:24:41.479950+00:00,0,0,0,0,0,
proxy_passthrough,readonly_connect,1,1,during,2026-05-06T09:24:43.546951+00:00,0,0,0,0,0,
proxy_passthrough,readonly_connect,1,1,during,2026-05-06T09:24:45.614643+00:00,0,0,0,0,0,
proxy_passthrough,readonly_connect,1,1,during,2026-05-06T09:24:47.682548+00:00,0,0,0,0,0,
proxy_passthrough,readonly_connect,1,1,during,2026-05-06T09:24:49.750321+00:00,0,0,0,0,0,
proxy_passthrough,readonly_connect,1,1,during,2026-05-06T09:24:51.817598+00:00,0,0,0,0,0,
proxy_passthrough,readonly_connect,1,1,during,2026-05-06T09:24:53.884481+00:00,1,1,0,0,0,
proxy_passthrough,readonly_connect,1,1,during,2026-05-06T09:24:55.957678+00:00,1,0,0,0,1,
proxy_passthrough,readonly_connect,1,1,during,2026-05-06T09:24:58.025931+00:00,0,0,0,0,0,
proxy_passthrough,readonly_connect,1,1,during,2026-05-06T09:25:00.092759+00:00,0,0,0,0,0,
proxy_passthrough,readonly_connect,1,1,during,2026-05-06T09:25:02.161696+00:00,0,0,0,0,0,
proxy_passthrough,readonly_connect,1,1,during,2026-05-06T09:25:04.227257+00:00,0,0,0,0,0,
proxy_passthrough,readonly_connect,1,1,during,2026-05-06T09:25:06.294527+00:00,0,0,0,0,0,
proxy_passthrough,readonly_connect,1,1,during,2026-05-06T09:25:08.363732+00:00,0,0,0,0,0,
proxy_passthrough,readonly_connect,1,1,during,2026-05-06T09:25:10.429338+00:00,0,0,0,0,0,
proxy_passthrough,readonly_connect,1,1,after_15s,2026-05-06T09:25:26.549598+00:00,0,0,0,0,0,
proxy_passthrough,readonly_connect,1,1,after_30s,2026-05-06T09:25:42.840651+00:00,0,0,0,0,0,
proxy_passthrough,readonly_connect,1,1,after_45s,2026-05-06T09:25:59.114975+00:00,0,0,0,0,0,
proxy_passthrough,readonly_connect,1,1,after_60s,2026-05-06T09:26:15.396748+00:00,0,0,0,0,0,
proxy_passthrough,readonly_connect,1,1,after_90s,2026-05-06T09:26:46.616665+00:00,0,0,0,0,0,
proxy_passthrough,readonly_connect,1,2,before,2026-05-06T09:26:54.475212+00:00,0,0,0,0,0,
proxy_passthrough,readonly_connect,1,2,during,2026-05-06T09:26:55.497491+00:00,0,0,0,0,0,
proxy_passthrough,readonly_connect,1,2,during,2026-05-06T09:26:57.566056+00:00,0,0,0,0,0,
proxy_passthrough,readonly_connect,1,2,during,2026-05-06T09:27:04.520065+00:00,0,0,0,0,0,
proxy_passthrough,readonly_connect,1,2,during,2026-05-06T09:27:06.593317+00:00,0,0,0,0,0,
proxy_passthrough,readonly_connect,1,2,during,2026-05-06T09:27:08.663961+00:00,0,0,0,0,0,
proxy_passthrough,readonly_connect,1,2,during,2026-05-06T09:27:10.735790+00:00,0,0,0,0,0,
proxy_passthrough,readonly_connect,1,2,during,2026-05-06T09:27:12.803790+00:00,0,0,0,0,0,
proxy_passthrough,readonly_connect,1,2,during,2026-05-06T09:27:14.871560+00:00,0,0,0,0,0,
proxy_passthrough,readonly_connect,1,2,during,2026-05-06T09:27:16.942211+00:00,0,0,0,0,0,
proxy_passthrough,readonly_connect,1,2,during,2026-05-06T09:27:19.009456+00:00,0,0,0,0,0,
proxy_passthrough,readonly_connect,1,2,during,2026-05-06T09:27:21.078231+00:00,0,0,0,0,0,
proxy_passthrough,readonly_connect,1,2,during,2026-05-06T09:27:23.141861+00:00,0,0,0,0,0,
proxy_passthrough,readonly_connect,1,2,after_15s,2026-05-06T09:27:39.761537+00:00,0,0,0,0,0,
proxy_passthrough,readonly_connect,1,2,after_30s,2026-05-06T09:27:55.939515+00:00,0,0,0,0,0,
proxy_passthrough,readonly_connect,1,2,after_45s,2026-05-06T09:28:12.117575+00:00,0,0,0,0,0,
proxy_passthrough,readonly_connect,1,2,after_60s,2026-05-06T09:28:28.296607+00:00,0,0,0,0,0,
proxy_passthrough,readonly_connect,1,2,after_90s,2026-05-06T09:28:59.419964+00:00,0,0,0,0,0,
proxy_passthrough,readonly_connect,1,3,before,2026-05-06T09:29:06.891415+00:00,0,0,0,0,0,
proxy_passthrough,readonly_connect,1,3,during,2026-05-06T09:29:07.928546+00:00,0,0,0,0,0,
proxy_passthrough,readonly_connect,1,3,during,2026-05-06T09:29:09.998336+00:00,0,0,0,0,0,
proxy_passthrough,readonly_connect,1,3,during,2026-05-06T09:29:12.063268+00:00,0,0,0,0,0,
proxy_passthrough,readonly_connect,1,3,during,2026-05-06T09:29:14.131042+00:00,0,0,0,0,0,
proxy_passthrough,readonly_connect,1,3,during,2026-05-06T09:29:16.197768+00:00,0,0,0,0,0,
proxy_passthrough,readonly_connect,1,3,during,2026-05-06T09:29:18.263829+00:00,0,0,0,0,0,
proxy_passthrough,readonly_connect,1,3,during,2026-05-06T09:29:20.331259+00:00,0,0,0,0,0,
proxy_passthrough,readonly_connect,1,3,during,2026-05-06T09:29:22.399000+00:00,0,0,0,0,0,
proxy_passthrough,readonly_connect,1,3,during,2026-05-06T09:29:24.479988+00:00,0,0,0,0,0,
proxy_passthrough,readonly_connect,1,3,during,2026-05-06T09:29:26.545382+00:00,0,0,0,0,0,
proxy_passthrough,readonly_connect,1,3,during,2026-05-06T09:29:28.615788+00:00,0,0,0,0,0,
proxy_passthrough,readonly_connect,1,3,during,2026-05-06T09:29:30.681785+00:00,0,0,0,0,0,
proxy_passthrough,readonly_connect,1,3,during,2026-05-06T09:29:40.983022+00:00,0,0,0,0,0,
proxy_passthrough,readonly_connect,1,3,after_15s,2026-05-06T09:29:57.171029+00:00,0,0,0,0,0,
proxy_passthrough,readonly_connect,1,3,after_30s,2026-05-06T09:30:13.345522+00:00,0,0,0,0,0,
proxy_passthrough,readonly_connect,1,3,after_45s,2026-05-06T09:30:29.524255+00:00,0,0,0,0,0,
proxy_passthrough,readonly_connect,1,3,after_60s,2026-05-06T09:30:45.699278+00:00,0,0,0,0,0,
proxy_passthrough,readonly_connect,1,3,after_90s,2026-05-06T09:31:16.929679+00:00,0,0,0,0,0,
proxy_passthrough,readonly_connect,10,1,before,2026-05-06T09:31:24.713834+00:00,0,0,0,0,0,
proxy_passthrough,readonly_connect,10,1,during,2026-05-06T09:31:25.744970+00:00,0,0,0,0,0,
proxy_passthrough,readonly_connect,10,1,during,2026-05-06T09:31:27.892183+00:00,0,0,0,0,0,
proxy_passthrough,readonly_connect,10,1,during,2026-05-06T09:31:30.139177+00:00,0,0,0,0,0,
proxy_passthrough,readonly_connect,10,1,during,2026-05-06T09:31:32.391111+00:00,0,0,0,0,0,
proxy_passthrough,readonly_connect,10,1,during,2026-05-06T09:31:34.531033+00:00,0,0,0,0,0,
proxy_passthrough,readonly_connect,10,1,during,2026-05-06T09:31:36.689055+00:00,0,0,0,0,0,
proxy_passthrough,readonly_connect,10,1,during,2026-05-06T09:31:38.839150+00:00,0,0,0,0,0,
proxy_passthrough,readonly_connect,10,1,during,2026-05-06T09:31:40.991615+00:00,0,0,0,0,0,
proxy_passthrough,readonly_connect,10,1,during,2026-05-06T09:31:43.242987+00:00,0,0,0,0,0,
proxy_passthrough,readonly_connect,10,1,during,2026-05-06T09:31:45.495393+00:00,0,0,0,0,0,
proxy_passthrough,readonly_connect,10,1,during,2026-05-06T09:31:47.750797+00:00,0,0,0,0,0,
proxy_passthrough,readonly_connect,10,1,during,2026-05-06T09:31:50.001971+00:00,0,0,0,0,0,
proxy_passthrough,readonly_connect,10,1,during,2026-05-06T09:31:52.258808+00:00,0,0,0,0,0,
proxy_passthrough,readonly_connect,10,1,during,2026-05-06T09:31:54.406008+00:00,0,0,0,0,0,
proxy_passthrough,readonly_connect,10,1,after_15s,2026-05-06T09:32:10.575855+00:00,0,0,0,0,0,
proxy_passthrough,readonly_connect,10,1,after_30s,2026-05-06T09:32:26.866237+00:00,0,0,0,0,0,
proxy_passthrough,readonly_connect,10,1,after_45s,2026-05-06T09:32:43.042264+00:00,0,0,0,0,0,
proxy_passthrough,readonly_connect,10,1,after_60s,2026-05-06T09:32:59.219212+00:00,0,0,0,0,0,
proxy_passthrough,readonly_connect,10,1,after_90s,2026-05-06T09:33:30.351494+00:00,0,0,0,0,0,
proxy_passthrough,readonly_connect,10,2,before,2026-05-06T09:33:37.927580+00:00,0,0,0,0,0,
proxy_passthrough,readonly_connect,10,2,during,2026-05-06T09:33:38.958488+00:00,0,0,0,0,0,
proxy_passthrough,readonly_connect,10,2,during,2026-05-06T09:33:41.200356+00:00,0,0,0,0,0,
proxy_passthrough,readonly_connect,10,2,during,2026-05-06T09:33:43.445705+00:00,0,0,0,0,0,
proxy_passthrough,readonly_connect,10,2,during,2026-05-06T09:33:45.698820+00:00,0,0,0,0,0,
proxy_passthrough,readonly_connect,10,2,during,2026-05-06T09:33:47.784336+00:00,4,0,4,0,0,
proxy_passthrough,readonly_connect,10,2,during,2026-05-06T09:33:49.877686+00:00,0,0,0,0,0,
proxy_passthrough,readonly_connect,10,2,during,2026-05-06T09:33:52.055655+00:00,0,0,0,0,0,
proxy_passthrough,readonly_connect,10,2,during,2026-05-06T09:33:54.219537+00:00,0,0,0,0,0,
proxy_passthrough,readonly_connect,10,2,during,2026-05-06T09:33:56.408736+00:00,0,0,0,0,0,
proxy_passthrough,readonly_connect,10,2,during,2026-05-06T09:33:58.506290+00:00,0,0,0,0,0,
proxy_passthrough,readonly_connect,10,2,during,2026-05-06T09:34:00.588306+00:00,0,0,0,0,0,
proxy_passthrough,readonly_connect,10,2,during,2026-05-06T09:34:06.186811+00:00,0,0,0,0,0,
proxy_passthrough,readonly_connect,10,2,during,2026-05-06T09:34:08.267818+00:00,0,0,0,0,0,
proxy_passthrough,readonly_connect,10,2,after_15s,2026-05-06T09:34:24.412263+00:00,0,0,0,0,0,
proxy_passthrough,readonly_connect,10,2,after_30s,2026-05-06T09:34:40.590682+00:00,0,0,0,0,0,
proxy_passthrough,readonly_connect,10,2,after_45s,2026-05-06T09:34:56.770728+00:00,0,0,0,0,0,
proxy_passthrough,readonly_connect,10,2,after_60s,2026-05-06T09:35:12.946333+00:00,0,0,0,0,0,
proxy_passthrough,readonly_connect,10,2,after_90s,2026-05-06T09:35:44.079027+00:00,0,0,0,0,0,
proxy_passthrough,readonly_connect,10,3,before,2026-05-06T09:35:51.856742+00:00,0,0,0,0,0,
proxy_passthrough,readonly_connect,10,3,during,2026-05-06T09:35:52.889108+00:00,0,0,0,0,0,
proxy_passthrough,readonly_connect,10,3,during,2026-05-06T09:35:54.972526+00:00,0,0,0,0,0,
proxy_passthrough,readonly_connect,10,3,during,2026-05-06T09:35:57.179585+00:00,0,0,0,0,0,
proxy_passthrough,readonly_connect,10,3,during,2026-05-06T09:36:03.332673+00:00,0,0,0,0,0,
proxy_passthrough,readonly_connect,10,3,during,2026-05-06T09:36:05.473681+00:00,0,0,0,0,0,
proxy_passthrough,readonly_connect,10,3,during,2026-05-06T09:36:07.556503+00:00,0,0,0,0,0,
proxy_passthrough,readonly_connect,10,3,during,2026-05-06T09:36:09.775997+00:00,0,0,0,0,0,
proxy_passthrough,readonly_connect,10,3,during,2026-05-06T09:36:11.926671+00:00,0,0,0,0,0,
proxy_passthrough,readonly_connect,10,3,during,2026-05-06T09:36:14.179166+00:00,0,0,0,0,0,
proxy_passthrough,readonly_connect,10,3,during,2026-05-06T09:36:16.321928+00:00,0,0,0,0,0,
proxy_passthrough,readonly_connect,10,3,during,2026-05-06T09:36:18.481699+00:00,0,0,0,0,0,
proxy_passthrough,readonly_connect,10,3,during,2026-05-06T09:36:20.627678+00:00,0,0,0,0,0,
proxy_passthrough,readonly_connect,10,3,after_15s,2026-05-06T09:36:37.320450+00:00,0,0,0,0,0,
proxy_passthrough,readonly_connect,10,3,after_30s,2026-05-06T09:36:53.500478+00:00,0,0,0,0,0,
proxy_passthrough,readonly_connect,10,3,after_45s,2026-05-06T09:37:09.678538+00:00,0,0,0,0,0,
proxy_passthrough,readonly_connect,10,3,after_60s,2026-05-06T09:37:25.856754+00:00,0,0,0,0,0,
proxy_passthrough,readonly_connect,10,3,after_90s,2026-05-06T09:37:56.986007+00:00,0,0,0,0,0,
proxy_passthrough,readonly_connect,25,1,before,2026-05-06T09:38:04.488447+00:00,0,0,0,0,0,
proxy_passthrough,readonly_connect,25,1,during,2026-05-06T09:38:05.521233+00:00,0,0,0,0,0,
proxy_passthrough,readonly_connect,25,1,during,2026-05-06T09:38:07.635950+00:00,0,0,0,0,0,
proxy_passthrough,readonly_connect,25,1,during,2026-05-06T09:38:09.888197+00:00,0,0,0,0,0,
proxy_passthrough,readonly_connect,25,1,during,2026-05-06T09:38:12.054381+00:00,0,0,0,0,0,
proxy_passthrough,readonly_connect,25,1,during,2026-05-06T09:38:14.147610+00:00,1,0,1,0,0,
proxy_passthrough,readonly_connect,25,1,during,2026-05-06T09:38:16.234051+00:00,0,0,0,0,0,
proxy_passthrough,readonly_connect,25,1,during,2026-05-06T09:38:18.489920+00:00,0,0,0,0,0,
proxy_passthrough,readonly_connect,25,1,during,2026-05-06T09:38:20.637776+00:00,0,0,0,0,0,
proxy_passthrough,readonly_connect,25,1,during,2026-05-06T09:38:22.715296+00:00,0,0,0,0,0,
proxy_passthrough,readonly_connect,25,1,during,2026-05-06T09:38:24.839436+00:00,2,1,1,0,0,
proxy_passthrough,readonly_connect,25,1,during,2026-05-06T09:38:27.088717+00:00,0,0,0,0,0,
proxy_passthrough,readonly_connect,25,1,during,2026-05-06T09:38:29.167566+00:00,0,0,0,0,0,
proxy_passthrough,readonly_connect,25,1,during,2026-05-06T09:38:31.387685+00:00,0,0,0,0,0,
proxy_passthrough,readonly_connect,25,1,during,2026-05-06T09:38:33.461769+00:00,0,0,0,0,0,
proxy_passthrough,readonly_connect,25,1,after_15s,2026-05-06T09:38:49.821608+00:00,0,0,0,0,0,
proxy_passthrough,readonly_connect,25,1,after_30s,2026-05-06T09:39:05.956160+00:00,0,0,0,0,0,
proxy_passthrough,readonly_connect,25,1,after_45s,2026-05-06T09:39:22.177654+00:00,0,0,0,0,0,
proxy_passthrough,readonly_connect,25,1,after_60s,2026-05-06T09:39:38.358262+00:00,0,0,0,0,0,
proxy_passthrough,readonly_connect,25,1,after_90s,2026-05-06T09:40:09.485700+00:00,0,0,0,0,0,
proxy_passthrough,readonly_connect,25,2,before,2026-05-06T09:40:17.165993+00:00,0,0,0,0,0,
proxy_passthrough,readonly_connect,25,2,during,2026-05-06T09:40:18.203994+00:00,0,0,0,0,0,
proxy_passthrough,readonly_connect,25,2,during,2026-05-06T09:40:20.340589+00:00,0,0,0,0,0,
proxy_passthrough,readonly_connect,25,2,during,2026-05-06T09:40:22.435345+00:00,0,0,0,0,0,
proxy_passthrough,readonly_connect,25,2,during,2026-05-06T09:40:24.519962+00:00,7,0,6,0,1,
proxy_passthrough,readonly_connect,25,2,during,2026-05-06T09:40:26.690275+00:00,0,0,0,0,0,
proxy_passthrough,readonly_connect,25,2,during,2026-05-06T09:40:28.935150+00:00,0,0,0,0,0,
proxy_passthrough,readonly_connect,25,2,during,2026-05-06T09:40:31.094205+00:00,0,0,0,0,0,
proxy_passthrough,readonly_connect,25,2,during,2026-05-06T09:40:33.244072+00:00,0,0,0,0,0,
proxy_passthrough,readonly_connect,25,2,during,2026-05-06T09:40:35.496807+00:00,0,0,0,0,0,
proxy_passthrough,readonly_connect,25,2,during,2026-05-06T09:40:37.749710+00:00,0,0,0,0,0,
proxy_passthrough,readonly_connect,25,2,during,2026-05-06T09:40:39.839936+00:00,1,0,1,0,0,
proxy_passthrough,readonly_connect,25,2,during,2026-05-06T09:40:42.049244+00:00,0,0,0,0,0,
proxy_passthrough,readonly_connect,25,2,during,2026-05-06T09:40:44.299589+00:00,0,0,0,0,0,
proxy_passthrough,readonly_connect,25,2,during,2026-05-06T09:40:46.546548+00:00,0,0,0,0,0,
proxy_passthrough,readonly_connect,25,2,after_15s,2026-05-06T09:41:02.734448+00:00,0,0,0,0,0,
proxy_passthrough,readonly_connect,25,2,after_30s,2026-05-06T09:41:18.911535+00:00,0,0,0,0,0,
proxy_passthrough,readonly_connect,25,2,after_45s,2026-05-06T09:41:35.091467+00:00,0,0,0,0,0,
proxy_passthrough,readonly_connect,25,2,after_60s,2026-05-06T09:41:51.373041+00:00,0,0,0,0,0,
proxy_passthrough,readonly_connect,25,2,after_90s,2026-05-06T09:42:22.472991+00:00,0,0,0,0,0,
proxy_passthrough,readonly_connect,25,3,before,2026-05-06T09:42:30.385431+00:00,0,0,0,0,0,
proxy_passthrough,readonly_connect,25,3,during,2026-05-06T09:42:31.513907+00:00,0,0,0,0,0,
proxy_passthrough,readonly_connect,25,3,during,2026-05-06T09:42:33.765714+00:00,0,0,0,0,0,
proxy_passthrough,readonly_connect,25,3,during,2026-05-06T09:42:35.931745+00:00,0,0,0,0,0,
proxy_passthrough,readonly_connect,25,3,during,2026-05-06T09:42:38.168860+00:00,0,0,0,0,0,
proxy_passthrough,readonly_connect,25,3,during,2026-05-06T09:42:40.419100+00:00,0,0,0,0,0,
proxy_passthrough,readonly_connect,25,3,during,2026-05-06T09:42:42.561761+00:00,0,0,0,0,0,
proxy_passthrough,readonly_connect,25,3,during,2026-05-06T09:42:44.658733+00:00,0,0,0,0,0,
proxy_passthrough,readonly_connect,25,3,during,2026-05-06T09:42:46.765175+00:00,0,0,0,0,0,
proxy_passthrough,readonly_connect,25,3,during,2026-05-06T09:42:48.848780+00:00,0,0,0,0,0,
proxy_passthrough,readonly_connect,25,3,during,2026-05-06T09:42:51.068387+00:00,0,0,0,0,0,
proxy_passthrough,readonly_connect,25,3,during,2026-05-06T09:42:53.148696+00:00,0,0,0,0,0,
proxy_passthrough,readonly_connect,25,3,during,2026-05-06T09:42:55.376715+00:00,0,0,0,0,0,
proxy_passthrough,readonly_connect,25,3,during,2026-05-06T09:42:57.623579+00:00,0,0,0,0,0,
proxy_passthrough,readonly_connect,25,3,during,2026-05-06T09:42:59.876762+00:00,0,0,0,0,0,
proxy_passthrough,readonly_connect,25,3,after_15s,2026-05-06T09:43:16.156299+00:00,0,0,0,0,0,
proxy_passthrough,readonly_connect,25,3,after_30s,2026-05-06T09:43:32.438818+00:00,0,0,0,0,0,
proxy_passthrough,readonly_connect,25,3,after_45s,2026-05-06T09:43:48.617157+00:00,0,0,0,0,0,
proxy_passthrough,readonly_connect,25,3,after_60s,2026-05-06T09:44:04.798337+00:00,0,0,0,0,0,
proxy_passthrough,readonly_connect,25,3,after_90s,2026-05-06T09:44:35.926412+00:00,0,0,0,0,0,
proxy_passthrough,readonly_connect,50,1,before,2026-05-06T09:44:43.709237+00:00,0,0,0,0,0,
proxy_passthrough,readonly_connect,50,1,during,2026-05-06T09:44:44.940300+00:00,0,0,0,0,0,
proxy_passthrough,readonly_connect,50,1,during,2026-05-06T09:44:47.205304+00:00,0,0,0,0,0,
proxy_passthrough,readonly_connect,50,1,during,2026-05-06T09:44:49.467513+00:00,0,0,0,0,0,
proxy_passthrough,readonly_connect,50,1,during,2026-05-06T09:44:51.712461+00:00,0,0,0,0,0,
proxy_passthrough,readonly_connect,50,1,during,2026-05-06T09:44:53.968733+00:00,0,0,0,0,0,
proxy_passthrough,readonly_connect,50,1,during,2026-05-06T09:44:56.227711+00:00,0,0,0,0,0,
proxy_passthrough,readonly_connect,50,1,during,2026-05-06T09:44:58.458820+00:00,0,0,0,0,0,
proxy_passthrough,readonly_connect,50,1,during,2026-05-06T09:45:00.606663+00:00,0,0,0,0,0,
proxy_passthrough,readonly_connect,50,1,during,2026-05-06T09:45:02.762983+00:00,0,0,0,0,0,
proxy_passthrough,readonly_connect,50,1,during,2026-05-06T09:45:04.930734+00:00,0,0,0,0,0,
proxy_passthrough,readonly_connect,50,1,during,2026-05-06T09:45:07.160323+00:00,0,0,0,0,0,
proxy_passthrough,readonly_connect,50,1,during,2026-05-06T09:45:09.424609+00:00,0,0,0,0,0,
proxy_passthrough,readonly_connect,50,1,during,2026-05-06T09:45:11.602921+00:00,3,0,3,0,0,
proxy_passthrough,readonly_connect,50,1,during,2026-05-06T09:45:13.742721+00:00,2,0,2,0,0,
proxy_passthrough,readonly_connect,50,1,after_15s,2026-05-06T09:45:29.992717+00:00,0,0,0,0,0,
proxy_passthrough,readonly_connect,50,1,after_30s,2026-05-06T09:45:46.171446+00:00,0,0,0,0,0,
proxy_passthrough,readonly_connect,50,1,after_45s,2026-05-06T09:46:02.352084+00:00,0,0,0,0,0,
proxy_passthrough,readonly_connect,50,1,after_60s,2026-05-06T09:46:18.506869+00:00,0,0,0,0,0,
proxy_passthrough,readonly_connect,50,1,after_90s,2026-05-06T09:46:49.658179+00:00,0,0,0,0,0,
proxy_passthrough,readonly_connect,50,2,before,2026-05-06T09:46:57.441735+00:00,0,0,0,0,0,
proxy_passthrough,readonly_connect,50,2,during,2026-05-06T09:46:58.577613+00:00,0,0,0,0,0,
proxy_passthrough,readonly_connect,50,2,during,2026-05-06T09:47:00.841514+00:00,0,0,0,0,0,
proxy_passthrough,readonly_connect,50,2,during,2026-05-06T09:47:03.085522+00:00,0,0,0,0,0,
proxy_passthrough,readonly_connect,50,2,during,2026-05-06T09:47:05.336823+00:00,0,0,0,0,0,
proxy_passthrough,readonly_connect,50,2,during,2026-05-06T09:47:07.500732+00:00,0,0,0,0,0,
proxy_passthrough,readonly_connect,50,2,during,2026-05-06T09:47:09.741409+00:00,0,0,0,0,0,
proxy_passthrough,readonly_connect,50,2,during,2026-05-06T09:47:12.004574+00:00,0,0,0,0,0,
proxy_passthrough,readonly_connect,50,2,during,2026-05-06T09:47:14.165732+00:00,0,0,0,0,0,
proxy_passthrough,readonly_connect,50,2,during,2026-05-06T09:47:16.400389+00:00,0,0,0,0,0,
proxy_passthrough,readonly_connect,50,2,during,2026-05-06T09:47:18.573330+00:00,0,0,0,0,0,
proxy_passthrough,readonly_connect,50,2,during,2026-05-06T09:47:20.747956+00:00,2,0,2,0,0,
proxy_passthrough,readonly_connect,50,2,during,2026-05-06T09:47:23.044797+00:00,0,0,0,0,0,
proxy_passthrough,readonly_connect,50,2,during,2026-05-06T09:47:25.202171+00:00,1,0,1,0,0,
proxy_passthrough,readonly_connect,50,2,during,2026-05-06T09:47:27.374707+00:00,5,0,5,0,0,
proxy_passthrough,readonly_connect,50,2,after_15s,2026-05-06T09:47:43.519911+00:00,0,0,0,0,0,
proxy_passthrough,readonly_connect,50,2,after_30s,2026-05-06T09:47:59.701435+00:00,0,0,0,0,0,
proxy_passthrough,readonly_connect,50,2,after_45s,2026-05-06T09:48:15.880711+00:00,0,0,0,0,0,
proxy_passthrough,readonly_connect,50,2,after_60s,2026-05-06T09:48:32.058821+00:00,0,0,0,0,0,
proxy_passthrough,readonly_connect,50,2,after_90s,2026-05-06T09:49:03.186023+00:00,0,0,0,0,0,
proxy_passthrough,readonly_connect,50,3,before,2026-05-06T09:49:10.660062+00:00,0,0,0,0,0,
proxy_passthrough,readonly_connect,50,3,during,2026-05-06T09:49:11.724784+00:00,5,0,5,0,0,
proxy_passthrough,readonly_connect,50,3,during,2026-05-06T09:49:13.892650+00:00,2,0,2,0,0,
proxy_passthrough,readonly_connect,50,3,during,2026-05-06T09:49:16.075922+00:00,5,0,5,0,0,
proxy_passthrough,readonly_connect,50,3,during,2026-05-06T09:49:18.350737+00:00,4,0,4,0,0,
proxy_passthrough,readonly_connect,50,3,during,2026-05-06T09:49:20.490748+00:00,0,0,0,0,0,
proxy_passthrough,readonly_connect,50,3,during,2026-05-06T09:49:22.660744+00:00,0,0,0,0,0,
proxy_passthrough,readonly_connect,50,3,during,2026-05-06T09:49:24.917433+00:00,0,0,0,0,0,
proxy_passthrough,readonly_connect,50,3,during,2026-05-06T09:49:27.165401+00:00,0,0,0,0,0,
proxy_passthrough,readonly_connect,50,3,during,2026-05-06T09:49:29.356171+00:00,2,0,2,0,0,
proxy_passthrough,readonly_connect,50,3,during,2026-05-06T09:49:31.503661+00:00,0,0,0,0,0,
proxy_passthrough,readonly_connect,50,3,during,2026-05-06T09:49:33.711071+00:00,0,0,0,0,0,
proxy_passthrough,readonly_connect,50,3,during,2026-05-06T09:49:35.960962+00:00,0,0,0,0,0,
proxy_passthrough,readonly_connect,50,3,during,2026-05-06T09:49:38.234748+00:00,0,0,0,0,0,
proxy_passthrough,readonly_connect,50,3,during,2026-05-06T09:49:40.479725+00:00,0,0,0,0,0,
proxy_passthrough,readonly_connect,50,3,after_15s,2026-05-06T09:49:56.644505+00:00,0,0,0,0,0,
proxy_passthrough,readonly_connect,50,3,after_30s,2026-05-06T09:50:12.818572+00:00,0,0,0,0,0,
proxy_passthrough,readonly_connect,50,3,after_45s,2026-05-06T09:50:28.997797+00:00,0,0,0,0,0,
proxy_passthrough,readonly_connect,50,3,after_60s,2026-05-06T09:50:45.279717+00:00,0,0,0,0,0,
proxy_passthrough,readonly_connect,50,3,after_90s,2026-05-06T09:51:16.524223+00:00,0,0,0,0,0,
proxy_passthrough,readonly_connect,100,1,before,2026-05-06T09:51:24.292843+00:00,0,0,0,0,0,
proxy_passthrough,readonly_connect,100,1,during,2026-05-06T09:51:25.370483+00:00,38,0,38,0,0,
proxy_passthrough,readonly_connect,100,1,during,2026-05-06T09:51:27.617723+00:00,40,0,40,0,0,
proxy_passthrough,readonly_connect,100,1,during,2026-05-06T09:51:29.971629+00:00,36,0,36,0,0,
proxy_passthrough,readonly_connect,100,1,during,2026-05-06T09:51:32.225754+00:00,39,0,39,0,0,
proxy_passthrough,readonly_connect,100,1,during,2026-05-06T09:51:34.368610+00:00,36,0,36,0,0,
proxy_passthrough,readonly_connect,100,1,during,2026-05-06T09:51:36.558635+00:00,44,0,44,0,0,
proxy_passthrough,readonly_connect,100,1,during,2026-05-06T09:51:38.854107+00:00,36,0,36,0,0,
proxy_passthrough,readonly_connect,100,1,during,2026-05-06T09:51:41.118593+00:00,42,0,41,0,1,
proxy_passthrough,readonly_connect,100,1,during,2026-05-06T09:51:43.342753+00:00,38,0,38,0,0,
proxy_passthrough,readonly_connect,100,1,during,2026-05-06T09:51:45.550787+00:00,38,0,38,0,0,
proxy_passthrough,readonly_connect,100,1,during,2026-05-06T09:51:47.752138+00:00,36,0,36,0,0,
proxy_passthrough,readonly_connect,100,1,during,2026-05-06T09:51:49.924618+00:00,37,0,37,0,0,
proxy_passthrough,readonly_connect,100,1,during,2026-05-06T09:51:52.135447+00:00,38,0,37,0,1,
proxy_passthrough,readonly_connect,100,1,during,2026-05-06T09:51:54.351541+00:00,40,0,40,0,0,
proxy_passthrough,readonly_connect,100,1,after_15s,2026-05-06T09:52:10.510095+00:00,0,0,0,0,0,
proxy_passthrough,readonly_connect,100,1,after_30s,2026-05-06T09:52:26.653877+00:00,0,0,0,0,0,
proxy_passthrough,readonly_connect,100,1,after_45s,2026-05-06T09:52:42.935173+00:00,0,0,0,0,0,
proxy_passthrough,readonly_connect,100,1,after_60s,2026-05-06T09:52:59.114551+00:00,0,0,0,0,0,
proxy_passthrough,readonly_connect,100,1,after_90s,2026-05-06T09:53:30.242900+00:00,0,0,0,0,0,
proxy_passthrough,readonly_connect,100,2,before,2026-05-06T09:53:37.923662+00:00,0,0,0,0,0,
proxy_passthrough,readonly_connect,100,2,during,2026-05-06T09:53:39.052335+00:00,38,0,38,0,0,
proxy_passthrough,readonly_connect,100,2,during,2026-05-06T09:53:41.282486+00:00,41,0,41,0,0,
proxy_passthrough,readonly_connect,100,2,during,2026-05-06T09:53:43.462533+00:00,39,0,39,0,0,
proxy_passthrough,readonly_connect,100,2,during,2026-05-06T09:53:45.739330+00:00,36,0,36,0,0,
proxy_passthrough,readonly_connect,100,2,during,2026-05-06T09:53:47.959681+00:00,39,1,38,0,0,
proxy_passthrough,readonly_connect,100,2,during,2026-05-06T09:53:50.159564+00:00,37,0,37,0,0,
proxy_passthrough,readonly_connect,100,2,during,2026-05-06T09:53:52.361606+00:00,37,0,37,0,0,
proxy_passthrough,readonly_connect,100,2,during,2026-05-06T09:53:54.516529+00:00,36,0,36,0,0,
proxy_passthrough,readonly_connect,100,2,during,2026-05-06T09:53:56.702744+00:00,40,0,40,0,0,
proxy_passthrough,readonly_connect,100,2,during,2026-05-06T09:53:58.931923+00:00,36,0,36,0,0,
proxy_passthrough,readonly_connect,100,2,during,2026-05-06T09:54:01.133499+00:00,37,0,37,0,0,
proxy_passthrough,readonly_connect,100,2,during,2026-05-06T09:54:03.287824+00:00,38,0,38,0,0,
proxy_passthrough,readonly_connect,100,2,during,2026-05-06T09:54:05.508513+00:00,40,0,40,0,0,
proxy_passthrough,readonly_connect,100,2,during,2026-05-06T09:54:07.755776+00:00,40,0,40,0,0,
proxy_passthrough,readonly_connect,100,2,after_15s,2026-05-06T09:54:24.007545+00:00,0,0,0,0,0,
proxy_passthrough,readonly_connect,100,2,after_30s,2026-05-06T09:54:40.288965+00:00,0,0,0,0,0,
proxy_passthrough,readonly_connect,100,2,after_45s,2026-05-06T09:54:56.464176+00:00,0,0,0,0,0,
proxy_passthrough,readonly_connect,100,2,after_60s,2026-05-06T09:55:12.739954+00:00,0,0,0,0,0,
proxy_passthrough,readonly_connect,100,2,after_90s,2026-05-06T09:55:43.977475+00:00,0,0,0,0,0,
proxy_passthrough,readonly_connect,100,3,before,2026-05-06T09:55:51.863432+00:00,0,0,0,0,0,
proxy_passthrough,readonly_connect,100,3,during,2026-05-06T09:55:52.955467+00:00,44,0,44,0,0,
proxy_passthrough,readonly_connect,100,3,during,2026-05-06T09:55:55.183117+00:00,43,0,43,0,0,
proxy_passthrough,readonly_connect,100,3,during,2026-05-06T09:55:57.365467+00:00,38,0,38,0,0,
proxy_passthrough,readonly_connect,100,3,during,2026-05-06T09:55:59.558409+00:00,38,0,38,0,0,
proxy_passthrough,readonly_connect,100,3,during,2026-05-06T09:56:01.759982+00:00,37,0,37,0,0,
proxy_passthrough,readonly_connect,100,3,during,2026-05-06T09:56:04.054179+00:00,36,0,36,0,0,
proxy_passthrough,readonly_connect,100,3,during,2026-05-06T09:56:06.189233+00:00,38,0,38,0,0,
proxy_passthrough,readonly_connect,100,3,during,2026-05-06T09:56:08.405875+00:00,37,0,37,0,0,
proxy_passthrough,readonly_connect,100,3,during,2026-05-06T09:56:10.608717+00:00,36,0,36,0,0,
proxy_passthrough,readonly_connect,100,3,during,2026-05-06T09:56:12.788531+00:00,37,0,37,0,0,
proxy_passthrough,readonly_connect,100,3,during,2026-05-06T09:56:14.998061+00:00,40,0,40,0,0,
proxy_passthrough,readonly_connect,100,3,during,2026-05-06T09:56:17.219237+00:00,37,0,37,0,0,
proxy_passthrough,readonly_connect,100,3,during,2026-05-06T09:56:19.416940+00:00,36,0,36,0,0,
proxy_passthrough,readonly_connect,100,3,during,2026-05-06T09:56:21.598563+00:00,36,0,35,0,1,
proxy_passthrough,readonly_connect,100,3,after_15s,2026-05-06T09:56:37.842714+00:00,0,0,0,0,0,
proxy_passthrough,readonly_connect,100,3,after_30s,2026-05-06T09:56:54.020464+00:00,0,0,0,0,0,
proxy_passthrough,readonly_connect,100,3,after_45s,2026-05-06T09:57:10.203236+00:00,0,0,0,0,0,
proxy_passthrough,readonly_connect,100,3,after_60s,2026-05-06T09:57:26.376580+00:00,0,0,0,0,0,
proxy_passthrough,readonly_connect,100,3,after_90s,2026-05-06T09:57:57.507712+00:00,0,0,0,0,0,
proxy_passthrough,tpcb_steady,10,1,before,2026-05-06T09:58:04.879642+00:00,0,0,0,0,0,
proxy_passthrough,tpcb_steady,10,1,during,2026-05-06T09:58:06.106563+00:00,10,6,0,4,0,
proxy_passthrough,tpcb_steady,10,1,during,2026-05-06T09:58:08.357129+00:00,10,7,0,3,0,
proxy_passthrough,tpcb_steady,10,1,during,2026-05-06T09:58:10.439303+00:00,10,5,1,4,0,
proxy_passthrough,tpcb_steady,10,1,during,2026-05-06T09:58:12.512700+00:00,10,5,1,4,0,
proxy_passthrough,tpcb_steady,10,1,during,2026-05-06T09:58:14.604012+00:00,10,4,3,3,0,
proxy_passthrough,tpcb_steady,10,1,during,2026-05-06T09:58:16.753701+00:00,10,6,0,4,0,
proxy_passthrough,tpcb_steady,10,1,during,2026-05-06T09:58:19.006720+00:00,10,6,0,4,0,
proxy_passthrough,tpcb_steady,10,1,during,2026-05-06T09:58:21.260232+00:00,10,4,0,6,0,
proxy_passthrough,tpcb_steady,10,1,during,2026-05-06T09:58:23.514499+00:00,10,4,0,6,0,
proxy_passthrough,tpcb_steady,10,1,during,2026-05-06T09:58:25.767106+00:00,10,9,0,1,0,
proxy_passthrough,tpcb_steady,10,1,during,2026-05-06T09:58:28.018910+00:00,10,6,1,3,0,
proxy_passthrough,tpcb_steady,10,1,during,2026-05-06T09:58:30.270511+00:00,10,4,1,5,0,
proxy_passthrough,tpcb_steady,10,1,during,2026-05-06T09:58:32.617697+00:00,10,6,0,4,0,
proxy_passthrough,tpcb_steady,10,1,during,2026-05-06T09:58:34.776189+00:00,10,1,3,6,0,
proxy_passthrough,tpcb_steady,10,1,during,2026-05-06T09:58:37.028523+00:00,11,4,0,7,0,
proxy_passthrough,tpcb_steady,10,1,during,2026-05-06T09:58:39.281667+00:00,10,5,1,4,0,
proxy_passthrough,tpcb_steady,10,1,during,2026-05-06T09:58:41.534596+00:00,10,4,2,4,0,
proxy_passthrough,tpcb_steady,10,1,during,2026-05-06T09:58:43.795909+00:00,10,5,1,4,0,
proxy_passthrough,tpcb_steady,10,1,during,2026-05-06T09:58:45.938618+00:00,10,5,1,4,0,
proxy_passthrough,tpcb_steady,10,1,during,2026-05-06T09:58:48.087411+00:00,10,7,0,3,0,
proxy_passthrough,tpcb_steady,10,1,during,2026-05-06T09:58:50.340860+00:00,10,3,1,6,0,
proxy_passthrough,tpcb_steady,10,1,during,2026-05-06T09:58:52.586387+00:00,10,6,0,4,0,
proxy_passthrough,tpcb_steady,10,1,during,2026-05-06T09:58:54.744782+00:00,10,6,0,4,0,
proxy_passthrough,tpcb_steady,10,1,during,2026-05-06T09:58:56.894023+00:00,10,5,0,5,0,
proxy_passthrough,tpcb_steady,10,1,during,2026-05-06T09:58:59.147544+00:00,10,4,1,5,0,
proxy_passthrough,tpcb_steady,10,1,during,2026-05-06T09:59:01.401878+00:00,10,8,2,0,0,
proxy_passthrough,tpcb_steady,10,1,during,2026-05-06T09:59:03.653259+00:00,10,9,0,1,0,
proxy_passthrough,tpcb_steady,10,1,after_15s,2026-05-06T09:59:20.245378+00:00,0,0,0,0,0,
proxy_passthrough,tpcb_steady,10,1,after_30s,2026-05-06T09:59:36.425877+00:00,0,0,0,0,0,
proxy_passthrough,tpcb_steady,10,1,after_45s,2026-05-06T09:59:52.602903+00:00,0,0,0,0,0,
proxy_passthrough,tpcb_steady,10,1,after_60s,2026-05-06T10:00:08.785996+00:00,0,0,0,0,0,
proxy_passthrough,tpcb_steady,10,1,after_90s,2026-05-06T10:00:39.912912+00:00,0,0,0,0,0,
proxy_passthrough,tpcb_steady,10,2,before,2026-05-06T10:00:47.697194+00:00,0,0,0,0,0,
proxy_passthrough,tpcb_steady,10,2,during,2026-05-06T10:00:48.918973+00:00,10,5,1,4,0,
proxy_passthrough,tpcb_steady,10,2,during,2026-05-06T10:00:51.172269+00:00,10,5,1,4,0,
proxy_passthrough,tpcb_steady,10,2,during,2026-05-06T10:00:53.438755+00:00,10,6,1,3,0,
proxy_passthrough,tpcb_steady,10,2,during,2026-05-06T10:00:55.680297+00:00,10,5,3,2,0,
proxy_passthrough,tpcb_steady,10,2,during,2026-05-06T10:00:57.931219+00:00,10,8,0,2,0,
proxy_passthrough,tpcb_steady,10,2,during,2026-05-06T10:01:00.183662+00:00,10,4,2,4,0,
proxy_passthrough,tpcb_steady,10,2,during,2026-05-06T10:01:02.436352+00:00,10,3,0,7,0,
proxy_passthrough,tpcb_steady,10,2,during,2026-05-06T10:01:04.519322+00:00,10,2,1,7,0,
proxy_passthrough,tpcb_steady,10,2,during,2026-05-06T10:01:06.634707+00:00,10,7,0,3,0,
proxy_passthrough,tpcb_steady,10,2,during,2026-05-06T10:01:08.785448+00:00,10,6,0,4,0,
proxy_passthrough,tpcb_steady,10,2,during,2026-05-06T10:01:10.935815+00:00,10,1,0,9,0,
proxy_passthrough,tpcb_steady,10,2,during,2026-05-06T10:01:13.085413+00:00,10,3,3,4,0,
proxy_passthrough,tpcb_steady,10,2,during,2026-05-06T10:01:15.244068+00:00,10,5,1,4,0,
proxy_passthrough,tpcb_steady,10,2,during,2026-05-06T10:01:17.386935+00:00,10,8,0,2,0,
proxy_passthrough,tpcb_steady,10,2,during,2026-05-06T10:01:19.641051+00:00,10,3,2,5,0,
proxy_passthrough,tpcb_steady,10,2,during,2026-05-06T10:01:21.893062+00:00,10,5,0,5,0,
proxy_passthrough,tpcb_steady,10,2,during,2026-05-06T10:01:24.145787+00:00,10,6,1,3,0,
proxy_passthrough,tpcb_steady,10,2,during,2026-05-06T10:01:26.398057+00:00,10,3,1,6,0,
proxy_passthrough,tpcb_steady,10,2,during,2026-05-06T10:01:28.472918+00:00,10,6,0,4,0,
proxy_passthrough,tpcb_steady,10,2,during,2026-05-06T10:01:30.596749+00:00,10,4,0,6,0,
proxy_passthrough,tpcb_steady,10,2,during,2026-05-06T10:01:32.748432+00:00,10,5,0,5,0,
proxy_passthrough,tpcb_steady,10,2,during,2026-05-06T10:01:35.000443+00:00,10,7,0,3,0,
proxy_passthrough,tpcb_steady,10,2,during,2026-05-06T10:01:37.149857+00:00,11,9,0,2,0,
proxy_passthrough,tpcb_steady,10,2,during,2026-05-06T10:01:39.300994+00:00,11,9,0,2,0,
proxy_passthrough,tpcb_steady,10,2,during,2026-05-06T10:01:41.556142+00:00,10,2,2,6,0,
proxy_passthrough,tpcb_steady,10,2,during,2026-05-06T10:01:43.807241+00:00,10,5,1,4,0,
proxy_passthrough,tpcb_steady,10,2,during,2026-05-06T10:01:46.058276+00:00,10,6,1,3,0,
proxy_passthrough,tpcb_steady,10,2,after_15s,2026-05-06T10:02:03.065904+00:00,0,0,0,0,0,
proxy_passthrough,tpcb_steady,10,2,after_30s,2026-05-06T10:02:19.240190+00:00,0,0,0,0,0,
proxy_passthrough,tpcb_steady,10,2,after_45s,2026-05-06T10:02:35.420035+00:00,0,0,0,0,0,
proxy_passthrough,tpcb_steady,10,2,after_60s,2026-05-06T10:02:51.598003+00:00,0,0,0,0,0,
proxy_passthrough,tpcb_steady,10,2,after_90s,2026-05-06T10:03:22.728761+00:00,0,0,0,0,0,
proxy_passthrough,tpcb_steady,10,3,before,2026-05-06T10:03:30.441393+00:00,0,0,0,0,0,
proxy_passthrough,tpcb_steady,10,3,during,2026-05-06T10:03:31.529865+00:00,10,2,2,6,0,
proxy_passthrough,tpcb_steady,10,3,during,2026-05-06T10:03:33.782961+00:00,10,5,0,5,0,
proxy_passthrough,tpcb_steady,10,3,during,2026-05-06T10:03:36.038863+00:00,10,4,1,5,0,
proxy_passthrough,tpcb_steady,10,3,during,2026-05-06T10:03:38.289002+00:00,11,4,2,5,0,
proxy_passthrough,tpcb_steady,10,3,during,2026-05-06T10:03:40.486329+00:00,11,4,0,7,0,
proxy_passthrough,tpcb_steady,10,3,during,2026-05-06T10:03:42.589832+00:00,11,7,0,4,0,
proxy_passthrough,tpcb_steady,10,3,during,2026-05-06T10:03:44.842698+00:00,10,2,1,7,0,
proxy_passthrough,tpcb_steady,10,3,during,2026-05-06T10:03:47.100709+00:00,10,4,2,4,0,
proxy_passthrough,tpcb_steady,10,3,during,2026-05-06T10:03:49.348928+00:00,10,9,1,0,0,
proxy_passthrough,tpcb_steady,10,3,during,2026-05-06T10:03:51.603138+00:00,10,3,2,5,0,
proxy_passthrough,tpcb_steady,10,3,during,2026-05-06T10:03:53.855867+00:00,10,6,0,4,0,
proxy_passthrough,tpcb_steady,10,3,during,2026-05-06T10:03:56.106266+00:00,10,9,0,1,0,
proxy_passthrough,tpcb_steady,10,3,during,2026-05-06T10:03:58.365086+00:00,10,7,1,2,0,
proxy_passthrough,tpcb_steady,10,3,during,2026-05-06T10:04:00.455002+00:00,10,6,0,4,0,
proxy_passthrough,tpcb_steady,10,3,during,2026-05-06T10:04:02.530513+00:00,10,2,0,8,0,
proxy_passthrough,tpcb_steady,10,3,during,2026-05-06T10:04:04.708225+00:00,10,5,1,4,0,
proxy_passthrough,tpcb_steady,10,3,during,2026-05-06T10:04:06.960534+00:00,10,6,0,4,0,
proxy_passthrough,tpcb_steady,10,3,during,2026-05-06T10:04:09.213744+00:00,10,5,2,3,0,
proxy_passthrough,tpcb_steady,10,3,during,2026-05-06T10:04:11.466699+00:00,10,5,1,4,0,
proxy_passthrough,tpcb_steady,10,3,during,2026-05-06T10:04:13.539538+00:00,10,5,2,3,0,
proxy_passthrough,tpcb_steady,10,3,during,2026-05-06T10:04:15.678100+00:00,10,6,1,3,0,
proxy_passthrough,tpcb_steady,10,3,during,2026-05-06T10:04:17.918002+00:00,10,5,1,4,0,
proxy_passthrough,tpcb_steady,10,3,during,2026-05-06T10:04:20.067958+00:00,10,5,2,3,0,
proxy_passthrough,tpcb_steady,10,3,during,2026-05-06T10:04:22.323206+00:00,10,4,2,4,0,
proxy_passthrough,tpcb_steady,10,3,during,2026-05-06T10:04:24.455404+00:00,10,3,2,5,0,
proxy_passthrough,tpcb_steady,10,3,during,2026-05-06T10:04:26.717132+00:00,10,3,0,7,0,
proxy_passthrough,tpcb_steady,10,3,during,2026-05-06T10:04:28.874913+00:00,10,2,2,6,0,
proxy_passthrough,tpcb_steady,10,3,after_15s,2026-05-06T10:04:45.675938+00:00,0,0,0,0,0,
proxy_passthrough,tpcb_steady,10,3,after_30s,2026-05-06T10:05:01.952879+00:00,0,0,0,0,0,
proxy_passthrough,tpcb_steady,10,3,after_45s,2026-05-06T10:05:18.234183+00:00,0,0,0,0,0,
proxy_passthrough,tpcb_steady,10,3,after_60s,2026-05-06T10:05:34.414769+00:00,0,0,0,0,0,
proxy_passthrough,tpcb_steady,10,3,after_90s,2026-05-06T10:06:05.545459+00:00,0,0,0,0,0,
proxy_passthrough,tpcb_steady,50,1,before,2026-05-06T10:06:13.121327+00:00,0,0,0,0,0,
proxy_passthrough,tpcb_steady,50,1,during,2026-05-06T10:06:14.346603+00:00,50,43,0,7,0,
proxy_passthrough,tpcb_steady,50,1,during,2026-05-06T10:06:16.489929+00:00,50,34,4,12,0,
proxy_passthrough,tpcb_steady,50,1,during,2026-05-06T10:06:18.651411+00:00,50,38,4,8,0,
proxy_passthrough,tpcb_steady,50,1,during,2026-05-06T10:06:20.900844+00:00,50,44,0,6,0,
proxy_passthrough,tpcb_steady,50,1,during,2026-05-06T10:06:23.153746+00:00,50,36,5,9,0,
proxy_passthrough,tpcb_steady,50,1,during,2026-05-06T10:06:25.406844+00:00,50,38,1,11,0,
proxy_passthrough,tpcb_steady,50,1,during,2026-05-06T10:06:27.671618+00:00,50,40,2,8,0,
proxy_passthrough,tpcb_steady,50,1,during,2026-05-06T10:06:29.916288+00:00,50,39,3,8,0,
proxy_passthrough,tpcb_steady,50,1,during,2026-05-06T10:06:32.165919+00:00,50,38,3,9,0,
proxy_passthrough,tpcb_steady,50,1,during,2026-05-06T10:06:34.417484+00:00,50,37,0,13,0,
proxy_passthrough,tpcb_steady,50,1,during,2026-05-06T10:06:36.560849+00:00,50,41,0,9,0,
proxy_passthrough,tpcb_steady,50,1,during,2026-05-06T10:06:38.718437+00:00,51,37,0,14,0,
proxy_passthrough,tpcb_steady,50,1,during,2026-05-06T10:06:40.971915+00:00,51,41,1,9,0,
proxy_passthrough,tpcb_steady,50,1,during,2026-05-06T10:06:43.224235+00:00,50,36,5,9,0,
proxy_passthrough,tpcb_steady,50,1,during,2026-05-06T10:06:45.478597+00:00,50,38,3,9,0,
proxy_passthrough,tpcb_steady,50,1,during,2026-05-06T10:06:47.730989+00:00,50,44,0,6,0,
proxy_passthrough,tpcb_steady,50,1,during,2026-05-06T10:06:49.985719+00:00,50,39,0,11,0,
proxy_passthrough,tpcb_steady,50,1,during,2026-05-06T10:06:52.237126+00:00,50,30,6,14,0,
proxy_passthrough,tpcb_steady,50,1,during,2026-05-06T10:06:54.472260+00:00,50,40,1,9,0,
proxy_passthrough,tpcb_steady,50,1,during,2026-05-06T10:06:56.638364+00:00,50,42,0,8,0,
proxy_passthrough,tpcb_steady,50,1,during,2026-05-06T10:06:58.789606+00:00,50,41,2,7,0,
proxy_passthrough,tpcb_steady,50,1,during,2026-05-06T10:07:01.042958+00:00,50,40,1,9,0,
proxy_passthrough,tpcb_steady,50,1,during,2026-05-06T10:07:03.297599+00:00,50,44,0,6,0,
proxy_passthrough,tpcb_steady,50,1,during,2026-05-06T10:07:05.547849+00:00,50,43,0,7,0,
proxy_passthrough,tpcb_steady,50,1,during,2026-05-06T10:07:07.801552+00:00,50,41,0,9,0,
proxy_passthrough,tpcb_steady,50,1,during,2026-05-06T10:07:10.053512+00:00,50,36,2,12,0,
proxy_passthrough,tpcb_steady,50,1,during,2026-05-06T10:07:12.305602+00:00,50,44,0,6,0,
proxy_passthrough,tpcb_steady,50,1,after_15s,2026-05-06T10:07:28.571398+00:00,0,0,0,0,0,
proxy_passthrough,tpcb_steady,50,1,after_30s,2026-05-06T10:07:44.670098+00:00,0,0,0,0,0,
proxy_passthrough,tpcb_steady,50,1,after_45s,2026-05-06T10:08:00.847749+00:00,0,0,0,0,0,
proxy_passthrough,tpcb_steady,50,1,after_60s,2026-05-06T10:08:17.028888+00:00,0,0,0,0,0,
proxy_passthrough,tpcb_steady,50,1,after_90s,2026-05-06T10:08:48.155315+00:00,0,0,0,0,0,
proxy_passthrough,tpcb_steady,50,2,before,2026-05-06T10:08:55.938881+00:00,0,0,0,0,0,
proxy_passthrough,tpcb_steady,50,2,during,2026-05-06T10:08:57.163411+00:00,50,32,4,14,0,
proxy_passthrough,tpcb_steady,50,2,during,2026-05-06T10:08:59.418392+00:00,50,39,1,10,0,
proxy_passthrough,tpcb_steady,50,2,during,2026-05-06T10:09:01.668898+00:00,50,44,1,5,0,
proxy_passthrough,tpcb_steady,50,2,during,2026-05-06T10:09:03.922739+00:00,50,39,3,8,0,
proxy_passthrough,tpcb_steady,50,2,during,2026-05-06T10:09:06.176196+00:00,50,36,2,12,0,
proxy_passthrough,tpcb_steady,50,2,during,2026-05-06T10:09:08.428007+00:00,50,42,0,8,0,
proxy_passthrough,tpcb_steady,50,2,during,2026-05-06T10:09:10.570009+00:00,50,35,3,12,0,
proxy_passthrough,tpcb_steady,50,2,during,2026-05-06T10:09:12.732194+00:00,50,35,3,12,0,
proxy_passthrough,tpcb_steady,50,2,during,2026-05-06T10:09:14.981379+00:00,50,44,0,6,0,
proxy_passthrough,tpcb_steady,50,2,during,2026-05-06T10:09:17.234079+00:00,50,37,2,11,0,
proxy_passthrough,tpcb_steady,50,2,during,2026-05-06T10:09:19.487162+00:00,50,36,1,13,0,
proxy_passthrough,tpcb_steady,50,2,during,2026-05-06T10:09:21.574654+00:00,50,37,3,10,0,
proxy_passthrough,tpcb_steady,50,2,during,2026-05-06T10:09:23.788170+00:00,50,41,0,9,0,
proxy_passthrough,tpcb_steady,50,2,during,2026-05-06T10:09:26.044516+00:00,50,39,1,10,0,
proxy_passthrough,tpcb_steady,50,2,during,2026-05-06T10:09:28.294211+00:00,50,33,4,13,0,
proxy_passthrough,tpcb_steady,50,2,during,2026-05-06T10:09:30.444304+00:00,50,42,0,8,0,
proxy_passthrough,tpcb_steady,50,2,during,2026-05-06T10:09:32.595949+00:00,50,38,0,12,0,
proxy_passthrough,tpcb_steady,50,2,during,2026-05-06T10:09:34.848048+00:00,50,44,0,6,0,
proxy_passthrough,tpcb_steady,50,2,during,2026-05-06T10:09:37.099687+00:00,50,40,2,8,0,
proxy_passthrough,tpcb_steady,50,2,during,2026-05-06T10:09:39.356448+00:00,51,33,4,14,0,
proxy_passthrough,tpcb_steady,50,2,during,2026-05-06T10:09:41.481039+00:00,50,39,0,11,0,
proxy_passthrough,tpcb_steady,50,2,during,2026-05-06T10:09:43.630909+00:00,50,40,0,10,0,
proxy_passthrough,tpcb_steady,50,2,during,2026-05-06T10:09:45.743697+00:00,50,39,0,11,0,
proxy_passthrough,tpcb_steady,50,2,during,2026-05-06T10:09:47.896020+00:00,50,31,5,14,0,
proxy_passthrough,tpcb_steady,50,2,during,2026-05-06T10:09:50.105058+00:00,50,44,0,6,0,
proxy_passthrough,tpcb_steady,50,2,during,2026-05-06T10:09:52.254301+00:00,50,42,0,8,0,
proxy_passthrough,tpcb_steady,50,2,during,2026-05-06T10:09:54.439561+00:00,50,37,0,13,0,
proxy_passthrough,tpcb_steady,50,2,after_15s,2026-05-06T10:10:11.510150+00:00,0,0,0,0,0,
proxy_passthrough,tpcb_steady,50,2,after_30s,2026-05-06T10:10:27.689669+00:00,0,0,0,0,0,
proxy_passthrough,tpcb_steady,50,2,after_45s,2026-05-06T10:10:43.870034+00:00,0,0,0,0,0,
proxy_passthrough,tpcb_steady,50,2,after_60s,2026-05-06T10:11:00.050524+00:00,0,0,0,0,0,
proxy_passthrough,tpcb_steady,50,2,after_90s,2026-05-06T10:11:31.179161+00:00,0,0,0,0,0,
proxy_passthrough,tpcb_steady,50,3,before,2026-05-06T10:11:38.652109+00:00,0,0,0,0,0,
proxy_passthrough,tpcb_steady,50,3,during,2026-05-06T10:11:39.774201+00:00,50,44,0,6,0,
proxy_passthrough,tpcb_steady,50,3,during,2026-05-06T10:11:42.026671+00:00,50,31,4,15,0,
proxy_passthrough,tpcb_steady,50,3,during,2026-05-06T10:11:44.280152+00:00,50,42,1,7,0,
proxy_passthrough,tpcb_steady,50,3,during,2026-05-06T10:11:46.538541+00:00,50,34,1,15,0,
proxy_passthrough,tpcb_steady,50,3,during,2026-05-06T10:11:48.683121+00:00,50,35,3,12,0,
proxy_passthrough,tpcb_steady,50,3,during,2026-05-06T10:11:50.834424+00:00,50,39,3,8,0,
proxy_passthrough,tpcb_steady,50,3,during,2026-05-06T10:11:53.091226+00:00,50,41,2,7,0,
proxy_passthrough,tpcb_steady,50,3,during,2026-05-06T10:11:55.338933+00:00,50,36,4,10,0,
proxy_passthrough,tpcb_steady,50,3,during,2026-05-06T10:11:57.594764+00:00,50,38,1,11,0,
proxy_passthrough,tpcb_steady,50,3,during,2026-05-06T10:11:59.845314+00:00,50,39,0,11,0,
proxy_passthrough,tpcb_steady,50,3,during,2026-05-06T10:12:01.929971+00:00,50,41,1,8,0,
proxy_passthrough,tpcb_steady,50,3,during,2026-05-06T10:12:04.145997+00:00,50,41,2,7,0,
proxy_passthrough,tpcb_steady,50,3,during,2026-05-06T10:12:06.398168+00:00,50,35,4,11,0,
proxy_passthrough,tpcb_steady,50,3,during,2026-05-06T10:12:08.540524+00:00,50,37,3,10,0,
proxy_passthrough,tpcb_steady,50,3,during,2026-05-06T10:12:10.702743+00:00,50,32,4,14,0,
proxy_passthrough,tpcb_steady,50,3,during,2026-05-06T10:12:12.954173+00:00,50,42,2,6,0,
proxy_passthrough,tpcb_steady,50,3,during,2026-05-06T10:12:15.205113+00:00,50,38,2,10,0,
proxy_passthrough,tpcb_steady,50,3,during,2026-05-06T10:12:17.457650+00:00,50,39,6,5,0,
proxy_passthrough,tpcb_steady,50,3,during,2026-05-06T10:12:19.712004+00:00,50,43,2,5,0,
proxy_passthrough,tpcb_steady,50,3,during,2026-05-06T10:12:21.963382+00:00,50,34,5,11,0,
proxy_passthrough,tpcb_steady,50,3,during,2026-05-06T10:12:24.218441+00:00,50,41,1,8,0,
proxy_passthrough,tpcb_steady,50,3,during,2026-05-06T10:12:26.468368+00:00,50,41,0,9,0,
proxy_passthrough,tpcb_steady,50,3,during,2026-05-06T10:12:28.622248+00:00,50,36,3,11,0,
proxy_passthrough,tpcb_steady,50,3,during,2026-05-06T10:12:30.706857+00:00,50,40,0,10,0,
proxy_passthrough,tpcb_steady,50,3,during,2026-05-06T10:12:32.817565+00:00,50,39,1,10,0,
proxy_passthrough,tpcb_steady,50,3,during,2026-05-06T10:12:35.070281+00:00,50,33,3,14,0,
proxy_passthrough,tpcb_steady,50,3,during,2026-05-06T10:12:37.323705+00:00,50,41,0,9,0,
proxy_passthrough,tpcb_steady,50,3,after_15s,2026-05-06T10:12:54.121671+00:00,0,0,0,0,0,
proxy_passthrough,tpcb_steady,50,3,after_30s,2026-05-06T10:13:10.307348+00:00,0,0,0,0,0,
proxy_passthrough,tpcb_steady,50,3,after_45s,2026-05-06T10:13:26.573533+00:00,0,0,0,0,0,
proxy_passthrough,tpcb_steady,50,3,after_60s,2026-05-06T10:13:42.861101+00:00,0,0,0,0,0,
proxy_passthrough,tpcb_steady,50,3,after_90s,2026-05-06T10:14:13.991874+00:00,0,0,0,0,0,
proxy_passthrough,tpcb_steady,100,1,before,2026-05-06T10:14:21.782611+00:00,0,0,0,0,0,
proxy_passthrough,tpcb_steady,100,1,during,2026-05-06T10:14:23.002994+00:00,0,0,0,0,0,"psql: error: connection to server at ""comp1.local.neon.build"" (127.0.0.1), port 4432 failed: ERROR:  sorry, too many clients already"
proxy_passthrough,tpcb_steady,100,1,during,2026-05-06T10:14:25.250241+00:00,0,0,0,0,0,"psql: error: connection to server at ""comp1.local.neon.build"" (127.0.0.1), port 4432 failed: ERROR:  sorry, too many clients already"
proxy_passthrough,tpcb_steady,100,1,during,2026-05-06T10:14:27.502886+00:00,0,0,0,0,0,"psql: error: connection to server at ""comp1.local.neon.build"" (127.0.0.1), port 4432 failed: ERROR:  sorry, too many clients already"
proxy_passthrough,tpcb_steady,100,1,during,2026-05-06T10:14:29.762485+00:00,0,0,0,0,0,"psql: error: connection to server at ""comp1.local.neon.build"" (127.0.0.1), port 4432 failed: ERROR:  sorry, too many clients already"
proxy_passthrough,tpcb_steady,100,1,during,2026-05-06T10:14:32.010712+00:00,0,0,0,0,0,"psql: error: connection to server at ""comp1.local.neon.build"" (127.0.0.1), port 4432 failed: ERROR:  sorry, too many clients already"
proxy_passthrough,tpcb_steady,100,1,during,2026-05-06T10:14:34.262314+00:00,0,0,0,0,0,"psql: error: connection to server at ""comp1.local.neon.build"" (127.0.0.1), port 4432 failed: ERROR:  sorry, too many clients already"
proxy_passthrough,tpcb_steady,100,1,during,2026-05-06T10:14:36.506141+00:00,0,0,0,0,0,"psql: error: connection to server at ""comp1.local.neon.build"" (127.0.0.1), port 4432 failed: ERROR:  sorry, too many clients already"
proxy_passthrough,tpcb_steady,100,1,during,2026-05-06T10:14:38.664705+00:00,0,0,0,0,0,"psql: error: connection to server at ""comp1.local.neon.build"" (127.0.0.1), port 4432 failed: ERROR:  sorry, too many clients already"
proxy_passthrough,tpcb_steady,100,1,during,2026-05-06T10:14:40.814698+00:00,0,0,0,0,0,"psql: error: connection to server at ""comp1.local.neon.build"" (127.0.0.1), port 4432 failed: ERROR:  sorry, too many clients already"
proxy_passthrough,tpcb_steady,100,1,during,2026-05-06T10:14:43.067203+00:00,0,0,0,0,0,"psql: error: connection to server at ""comp1.local.neon.build"" (127.0.0.1), port 4432 failed: ERROR:  sorry, too many clients already"
proxy_passthrough,tpcb_steady,100,1,during,2026-05-06T10:14:45.320839+00:00,0,0,0,0,0,"psql: error: connection to server at ""comp1.local.neon.build"" (127.0.0.1), port 4432 failed: ERROR:  sorry, too many clients already"
proxy_passthrough,tpcb_steady,100,1,during,2026-05-06T10:14:47.574190+00:00,0,0,0,0,0,"psql: error: connection to server at ""comp1.local.neon.build"" (127.0.0.1), port 4432 failed: ERROR:  sorry, too many clients already"
proxy_passthrough,tpcb_steady,100,1,during,2026-05-06T10:14:49.662016+00:00,0,0,0,0,0,"psql: error: connection to server at ""comp1.local.neon.build"" (127.0.0.1), port 4432 failed: ERROR:  sorry, too many clients already"
proxy_passthrough,tpcb_steady,100,1,during,2026-05-06T10:14:51.763315+00:00,0,0,0,0,0,"psql: error: connection to server at ""comp1.local.neon.build"" (127.0.0.1), port 4432 failed: ERROR:  sorry, too many clients already"
proxy_passthrough,tpcb_steady,100,1,during,2026-05-06T10:14:53.950157+00:00,0,0,0,0,0,"psql: error: connection to server at ""comp1.local.neon.build"" (127.0.0.1), port 4432 failed: ERROR:  sorry, too many clients already"
proxy_passthrough,tpcb_steady,100,1,during,2026-05-06T10:14:56.175237+00:00,0,0,0,0,0,"psql: error: connection to server at ""comp1.local.neon.build"" (127.0.0.1), port 4432 failed: ERROR:  sorry, too many clients already"
proxy_passthrough,tpcb_steady,100,1,during,2026-05-06T10:14:58.431441+00:00,0,0,0,0,0,"psql: error: connection to server at ""comp1.local.neon.build"" (127.0.0.1), port 4432 failed: ERROR:  sorry, too many clients already"
proxy_passthrough,tpcb_steady,100,1,during,2026-05-06T10:15:00.522280+00:00,0,0,0,0,0,"psql: error: connection to server at ""comp1.local.neon.build"" (127.0.0.1), port 4432 failed: ERROR:  sorry, too many clients already"
proxy_passthrough,tpcb_steady,100,1,during,2026-05-06T10:15:02.609725+00:00,0,0,0,0,0,"psql: error: connection to server at ""comp1.local.neon.build"" (127.0.0.1), port 4432 failed: ERROR:  sorry, too many clients already"
proxy_passthrough,tpcb_steady,100,1,during,2026-05-06T10:15:04.775007+00:00,0,0,0,0,0,"psql: error: connection to server at ""comp1.local.neon.build"" (127.0.0.1), port 4432 failed: ERROR:  sorry, too many clients already"
proxy_passthrough,tpcb_steady,100,1,during,2026-05-06T10:15:07.032602+00:00,0,0,0,0,0,"psql: error: connection to server at ""comp1.local.neon.build"" (127.0.0.1), port 4432 failed: ERROR:  sorry, too many clients already"
proxy_passthrough,tpcb_steady,100,1,during,2026-05-06T10:15:09.282343+00:00,0,0,0,0,0,"psql: error: connection to server at ""comp1.local.neon.build"" (127.0.0.1), port 4432 failed: ERROR:  sorry, too many clients already"
proxy_passthrough,tpcb_steady,100,1,during,2026-05-06T10:15:11.535040+00:00,0,0,0,0,0,"psql: error: connection to server at ""comp1.local.neon.build"" (127.0.0.1), port 4432 failed: ERROR:  sorry, too many clients already"
proxy_passthrough,tpcb_steady,100,1,during,2026-05-06T10:15:13.795899+00:00,0,0,0,0,0,"psql: error: connection to server at ""comp1.local.neon.build"" (127.0.0.1), port 4432 failed: ERROR:  sorry, too many clients already"
proxy_passthrough,tpcb_steady,100,1,during,2026-05-06T10:15:16.040416+00:00,0,0,0,0,0,"psql: error: connection to server at ""comp1.local.neon.build"" (127.0.0.1), port 4432 failed: ERROR:  sorry, too many clients already"
proxy_passthrough,tpcb_steady,100,1,during,2026-05-06T10:15:18.294474+00:00,0,0,0,0,0,"psql: error: connection to server at ""comp1.local.neon.build"" (127.0.0.1), port 4432 failed: ERROR:  sorry, too many clients already"
proxy_passthrough,tpcb_steady,100,1,during,2026-05-06T10:15:20.517401+00:00,0,0,0,0,0,"psql: error: connection to server at ""comp1.local.neon.build"" (127.0.0.1), port 4432 failed: ERROR:  sorry, too many clients already"
proxy_passthrough,tpcb_steady,100,1,after_15s,2026-05-06T10:15:37.143039+00:00,0,0,0,0,0,
proxy_passthrough,tpcb_steady,100,1,after_30s,2026-05-06T10:15:53.305408+00:00,0,0,0,0,0,
proxy_passthrough,tpcb_steady,100,1,after_45s,2026-05-06T10:16:09.498038+00:00,0,0,0,0,0,
proxy_passthrough,tpcb_steady,100,1,after_60s,2026-05-06T10:16:25.790007+00:00,0,0,0,0,0,
proxy_passthrough,tpcb_steady,100,1,after_90s,2026-05-06T10:16:57.012600+00:00,0,0,0,0,0,
proxy_passthrough,tpcb_steady,100,2,before,2026-05-06T10:17:04.384942+00:00,0,0,0,0,0,
proxy_passthrough,tpcb_steady,100,2,during,2026-05-06T10:17:05.476506+00:00,0,0,0,0,0,"psql: error: connection to server at ""comp1.local.neon.build"" (127.0.0.1), port 4432 failed: ERROR:  sorry, too many clients already"
proxy_passthrough,tpcb_steady,100,2,during,2026-05-06T10:17:07.760916+00:00,0,0,0,0,0,"psql: error: connection to server at ""comp1.local.neon.build"" (127.0.0.1), port 4432 failed: ERROR:  sorry, too many clients already"
proxy_passthrough,tpcb_steady,100,2,during,2026-05-06T10:17:09.910417+00:00,0,0,0,0,0,"psql: error: connection to server at ""comp1.local.neon.build"" (127.0.0.1), port 4432 failed: ERROR:  sorry, too many clients already"
proxy_passthrough,tpcb_steady,100,2,during,2026-05-06T10:17:12.161596+00:00,0,0,0,0,0,"psql: error: connection to server at ""comp1.local.neon.build"" (127.0.0.1), port 4432 failed: ERROR:  sorry, too many clients already"
proxy_passthrough,tpcb_steady,100,2,during,2026-05-06T10:17:14.312597+00:00,0,0,0,0,0,"psql: error: connection to server at ""comp1.local.neon.build"" (127.0.0.1), port 4432 failed: ERROR:  sorry, too many clients already"
proxy_passthrough,tpcb_steady,100,2,during,2026-05-06T10:17:16.421047+00:00,0,0,0,0,0,"psql: error: connection to server at ""comp1.local.neon.build"" (127.0.0.1), port 4432 failed: ERROR:  sorry, too many clients already"
proxy_passthrough,tpcb_steady,100,2,during,2026-05-06T10:17:18.617046+00:00,0,0,0,0,0,"psql: error: connection to server at ""comp1.local.neon.build"" (127.0.0.1), port 4432 failed: ERROR:  sorry, too many clients already"
proxy_passthrough,tpcb_steady,100,2,during,2026-05-06T10:17:20.763728+00:00,0,0,0,0,0,"psql: error: connection to server at ""comp1.local.neon.build"" (127.0.0.1), port 4432 failed: ERROR:  sorry, too many clients already"
proxy_passthrough,tpcb_steady,100,2,during,2026-05-06T10:17:23.016803+00:00,0,0,0,0,0,"psql: error: connection to server at ""comp1.local.neon.build"" (127.0.0.1), port 4432 failed: ERROR:  sorry, too many clients already"
proxy_passthrough,tpcb_steady,100,2,during,2026-05-06T10:17:25.272276+00:00,0,0,0,0,0,"psql: error: connection to server at ""comp1.local.neon.build"" (127.0.0.1), port 4432 failed: ERROR:  sorry, too many clients already"
proxy_passthrough,tpcb_steady,100,2,during,2026-05-06T10:17:27.358998+00:00,0,0,0,0,0,"psql: error: connection to server at ""comp1.local.neon.build"" (127.0.0.1), port 4432 failed: ERROR:  sorry, too many clients already"
proxy_passthrough,tpcb_steady,100,2,during,2026-05-06T10:17:29.533634+00:00,0,0,0,0,0,"psql: error: connection to server at ""comp1.local.neon.build"" (127.0.0.1), port 4432 failed: ERROR:  sorry, too many clients already"
proxy_passthrough,tpcb_steady,100,2,during,2026-05-06T10:17:31.823392+00:00,0,0,0,0,0,"psql: error: connection to server at ""comp1.local.neon.build"" (127.0.0.1), port 4432 failed: ERROR:  sorry, too many clients already"
proxy_passthrough,tpcb_steady,100,2,during,2026-05-06T10:17:34.075826+00:00,0,0,0,0,0,"psql: error: connection to server at ""comp1.local.neon.build"" (127.0.0.1), port 4432 failed: ERROR:  sorry, too many clients already"
proxy_passthrough,tpcb_steady,100,2,during,2026-05-06T10:17:36.329092+00:00,0,0,0,0,0,"psql: error: connection to server at ""comp1.local.neon.build"" (127.0.0.1), port 4432 failed: ERROR:  sorry, too many clients already"
proxy_passthrough,tpcb_steady,100,2,during,2026-05-06T10:17:38.501063+00:00,0,0,0,0,0,"psql: error: connection to server at ""comp1.local.neon.build"" (127.0.0.1), port 4432 failed: ERROR:  sorry, too many clients already"
proxy_passthrough,tpcb_steady,100,2,during,2026-05-06T10:17:40.732769+00:00,0,0,0,0,0,"psql: error: connection to server at ""comp1.local.neon.build"" (127.0.0.1), port 4432 failed: ERROR:  sorry, too many clients already"
proxy_passthrough,tpcb_steady,100,2,during,2026-05-06T10:17:42.884369+00:00,0,0,0,0,0,"psql: error: connection to server at ""comp1.local.neon.build"" (127.0.0.1), port 4432 failed: ERROR:  sorry, too many clients already"
proxy_passthrough,tpcb_steady,100,2,during,2026-05-06T10:17:45.136059+00:00,0,0,0,0,0,"psql: error: connection to server at ""comp1.local.neon.build"" (127.0.0.1), port 4432 failed: ERROR:  sorry, too many clients already"
proxy_passthrough,tpcb_steady,100,2,during,2026-05-06T10:17:47.284734+00:00,0,0,0,0,0,"psql: error: connection to server at ""comp1.local.neon.build"" (127.0.0.1), port 4432 failed: ERROR:  sorry, too many clients already"
proxy_passthrough,tpcb_steady,100,2,during,2026-05-06T10:17:49.435900+00:00,0,0,0,0,0,"psql: error: connection to server at ""comp1.local.neon.build"" (127.0.0.1), port 4432 failed: ERROR:  sorry, too many clients already"
proxy_passthrough,tpcb_steady,100,2,during,2026-05-06T10:17:51.588495+00:00,0,0,0,0,0,"psql: error: connection to server at ""comp1.local.neon.build"" (127.0.0.1), port 4432 failed: ERROR:  sorry, too many clients already"
proxy_passthrough,tpcb_steady,100,2,during,2026-05-06T10:17:53.739762+00:00,0,0,0,0,0,"psql: error: connection to server at ""comp1.local.neon.build"" (127.0.0.1), port 4432 failed: ERROR:  sorry, too many clients already"
proxy_passthrough,tpcb_steady,100,2,during,2026-05-06T10:17:55.990010+00:00,0,0,0,0,0,"psql: error: connection to server at ""comp1.local.neon.build"" (127.0.0.1), port 4432 failed: ERROR:  sorry, too many clients already"
proxy_passthrough,tpcb_steady,100,2,during,2026-05-06T10:17:58.242496+00:00,0,0,0,0,0,"psql: error: connection to server at ""comp1.local.neon.build"" (127.0.0.1), port 4432 failed: ERROR:  sorry, too many clients already"
proxy_passthrough,tpcb_steady,100,2,during,2026-05-06T10:18:00.487482+00:00,0,0,0,0,0,"psql: error: connection to server at ""comp1.local.neon.build"" (127.0.0.1), port 4432 failed: ERROR:  sorry, too many clients already"
proxy_passthrough,tpcb_steady,100,2,during,2026-05-06T10:18:02.645450+00:00,0,0,0,0,0,"psql: error: connection to server at ""comp1.local.neon.build"" (127.0.0.1), port 4432 failed: ERROR:  sorry, too many clients already"
proxy_passthrough,tpcb_steady,100,2,during,2026-05-06T10:18:04.799627+00:00,0,0,0,0,0,
proxy_passthrough,tpcb_steady,100,2,after_15s,2026-05-06T10:18:20.980684+00:00,0,0,0,0,0,
proxy_passthrough,tpcb_steady,100,2,after_30s,2026-05-06T10:18:37.159845+00:00,0,0,0,0,0,
proxy_passthrough,tpcb_steady,100,2,after_45s,2026-05-06T10:18:53.339338+00:00,0,0,0,0,0,
proxy_passthrough,tpcb_steady,100,2,after_60s,2026-05-06T10:19:09.520606+00:00,0,0,0,0,0,
proxy_passthrough,tpcb_steady,100,2,after_90s,2026-05-06T10:19:40.647741+00:00,0,0,0,0,0,
proxy_passthrough,tpcb_steady,100,3,before,2026-05-06T10:19:48.328808+00:00,0,0,0,0,0,
proxy_passthrough,tpcb_steady,100,3,during,2026-05-06T10:19:49.551241+00:00,0,0,0,0,0,"psql: error: connection to server at ""comp1.local.neon.build"" (127.0.0.1), port 4432 failed: ERROR:  sorry, too many clients already"
proxy_passthrough,tpcb_steady,100,3,during,2026-05-06T10:19:51.701101+00:00,0,0,0,0,0,"psql: error: connection to server at ""comp1.local.neon.build"" (127.0.0.1), port 4432 failed: ERROR:  sorry, too many clients already"
proxy_passthrough,tpcb_steady,100,3,during,2026-05-06T10:19:53.878034+00:00,0,0,0,0,0,"psql: error: connection to server at ""comp1.local.neon.build"" (127.0.0.1), port 4432 failed: ERROR:  sorry, too many clients already"
proxy_passthrough,tpcb_steady,100,3,during,2026-05-06T10:19:55.987002+00:00,0,0,0,0,0,"psql: error: connection to server at ""comp1.local.neon.build"" (127.0.0.1), port 4432 failed: ERROR:  sorry, too many clients already"
proxy_passthrough,tpcb_steady,100,3,during,2026-05-06T10:19:58.075730+00:00,0,0,0,0,0,"psql: error: connection to server at ""comp1.local.neon.build"" (127.0.0.1), port 4432 failed: ERROR:  sorry, too many clients already"
proxy_passthrough,tpcb_steady,100,3,during,2026-05-06T10:20:00.163328+00:00,0,0,0,0,0,"psql: error: connection to server at ""comp1.local.neon.build"" (127.0.0.1), port 4432 failed: ERROR:  sorry, too many clients already"
proxy_passthrough,tpcb_steady,100,3,during,2026-05-06T10:20:02.350813+00:00,0,0,0,0,0,"psql: error: connection to server at ""comp1.local.neon.build"" (127.0.0.1), port 4432 failed: ERROR:  sorry, too many clients already"
proxy_passthrough,tpcb_steady,100,3,during,2026-05-06T10:20:04.699320+00:00,0,0,0,0,0,"psql: error: connection to server at ""comp1.local.neon.build"" (127.0.0.1), port 4432 failed: ERROR:  sorry, too many clients already"
proxy_passthrough,tpcb_steady,100,3,during,2026-05-06T10:20:06.856043+00:00,0,0,0,0,0,"psql: error: connection to server at ""comp1.local.neon.build"" (127.0.0.1), port 4432 failed: ERROR:  sorry, too many clients already"
proxy_passthrough,tpcb_steady,100,3,during,2026-05-06T10:20:09.111181+00:00,0,0,0,0,0,"psql: error: connection to server at ""comp1.local.neon.build"" (127.0.0.1), port 4432 failed: ERROR:  sorry, too many clients already"
proxy_passthrough,tpcb_steady,100,3,during,2026-05-06T10:20:11.362549+00:00,0,0,0,0,0,"psql: error: connection to server at ""comp1.local.neon.build"" (127.0.0.1), port 4432 failed: ERROR:  sorry, too many clients already"
proxy_passthrough,tpcb_steady,100,3,during,2026-05-06T10:20:13.614990+00:00,0,0,0,0,0,"psql: error: connection to server at ""comp1.local.neon.build"" (127.0.0.1), port 4432 failed: ERROR:  sorry, too many clients already"
proxy_passthrough,tpcb_steady,100,3,during,2026-05-06T10:20:15.868290+00:00,0,0,0,0,0,"psql: error: connection to server at ""comp1.local.neon.build"" (127.0.0.1), port 4432 failed: ERROR:  sorry, too many clients already"
proxy_passthrough,tpcb_steady,100,3,during,2026-05-06T10:20:18.120736+00:00,0,0,0,0,0,"psql: error: connection to server at ""comp1.local.neon.build"" (127.0.0.1), port 4432 failed: ERROR:  sorry, too many clients already"
proxy_passthrough,tpcb_steady,100,3,during,2026-05-06T10:20:20.373737+00:00,0,0,0,0,0,"psql: error: connection to server at ""comp1.local.neon.build"" (127.0.0.1), port 4432 failed: ERROR:  sorry, too many clients already"
proxy_passthrough,tpcb_steady,100,3,during,2026-05-06T10:20:22.464051+00:00,0,0,0,0,0,"psql: error: connection to server at ""comp1.local.neon.build"" (127.0.0.1), port 4432 failed: ERROR:  sorry, too many clients already"
proxy_passthrough,tpcb_steady,100,3,during,2026-05-06T10:20:24.558606+00:00,0,0,0,0,0,"psql: error: connection to server at ""comp1.local.neon.build"" (127.0.0.1), port 4432 failed: ERROR:  sorry, too many clients already"
proxy_passthrough,tpcb_steady,100,3,during,2026-05-06T10:20:26.723433+00:00,0,0,0,0,0,"psql: error: connection to server at ""comp1.local.neon.build"" (127.0.0.1), port 4432 failed: ERROR:  sorry, too many clients already"
proxy_passthrough,tpcb_steady,100,3,during,2026-05-06T10:20:28.974849+00:00,0,0,0,0,0,"psql: error: connection to server at ""comp1.local.neon.build"" (127.0.0.1), port 4432 failed: ERROR:  sorry, too many clients already"
proxy_passthrough,tpcb_steady,100,3,during,2026-05-06T10:20:31.125520+00:00,0,0,0,0,0,"psql: error: connection to server at ""comp1.local.neon.build"" (127.0.0.1), port 4432 failed: ERROR:  sorry, too many clients already"
proxy_passthrough,tpcb_steady,100,3,during,2026-05-06T10:20:33.379157+00:00,0,0,0,0,0,"psql: error: connection to server at ""comp1.local.neon.build"" (127.0.0.1), port 4432 failed: ERROR:  sorry, too many clients already"
proxy_passthrough,tpcb_steady,100,3,during,2026-05-06T10:20:35.529085+00:00,0,0,0,0,0,"psql: error: connection to server at ""comp1.local.neon.build"" (127.0.0.1), port 4432 failed: ERROR:  sorry, too many clients already"
proxy_passthrough,tpcb_steady,100,3,during,2026-05-06T10:20:37.781250+00:00,0,0,0,0,0,"psql: error: connection to server at ""comp1.local.neon.build"" (127.0.0.1), port 4432 failed: ERROR:  sorry, too many clients already"
proxy_passthrough,tpcb_steady,100,3,during,2026-05-06T10:20:40.034360+00:00,0,0,0,0,0,"psql: error: connection to server at ""comp1.local.neon.build"" (127.0.0.1), port 4432 failed: ERROR:  sorry, too many clients already"
proxy_passthrough,tpcb_steady,100,3,during,2026-05-06T10:20:42.287071+00:00,0,0,0,0,0,"psql: error: connection to server at ""comp1.local.neon.build"" (127.0.0.1), port 4432 failed: ERROR:  sorry, too many clients already"
proxy_passthrough,tpcb_steady,100,3,during,2026-05-06T10:20:44.486130+00:00,0,0,0,0,0,"psql: error: connection to server at ""comp1.local.neon.build"" (127.0.0.1), port 4432 failed: ERROR:  sorry, too many clients already"
proxy_passthrough,tpcb_steady,100,3,during,2026-05-06T10:20:46.588876+00:00,0,0,0,0,0,"psql: error: connection to server at ""comp1.local.neon.build"" (127.0.0.1), port 4432 failed: ERROR:  sorry, too many clients already"
proxy_passthrough,tpcb_steady,100,3,during,2026-05-06T10:20:48.843692+00:00,0,0,0,0,0,
proxy_passthrough,tpcb_steady,100,3,after_15s,2026-05-06T10:21:05.026585+00:00,0,0,0,0,0,
proxy_passthrough,tpcb_steady,100,3,after_30s,2026-05-06T10:21:21.207491+00:00,0,0,0,0,0,
proxy_passthrough,tpcb_steady,100,3,after_45s,2026-05-06T10:21:37.384206+00:00,0,0,0,0,0,
proxy_passthrough,tpcb_steady,100,3,after_60s,2026-05-06T10:21:53.563718+00:00,0,0,0,0,0,
proxy_passthrough,tpcb_steady,100,3,after_90s,2026-05-06T10:22:24.695353+00:00,0,0,0,0,0,
proxy_passthrough,tpcb_steady,250,1,before,2026-05-06T10:22:32.476390+00:00,0,0,0,0,0,
proxy_passthrough,tpcb_steady,250,1,after_15s,2026-05-06T10:22:48.290001+00:00,0,0,0,0,0,
proxy_passthrough,tpcb_steady,250,1,after_30s,2026-05-06T10:23:04.422947+00:00,0,0,0,0,0,
proxy_passthrough,tpcb_steady,250,1,after_45s,2026-05-06T10:23:20.519672+00:00,0,0,0,0,0,
proxy_passthrough,tpcb_steady,250,1,after_60s,2026-05-06T10:23:36.679577+00:00,0,0,0,0,0,
proxy_passthrough,tpcb_steady,250,1,after_90s,2026-05-06T10:24:07.913547+00:00,0,0,0,0,0,
proxy_passthrough,tpcb_steady,250,2,before,2026-05-06T10:24:15.694047+00:00,0,0,0,0,0,
proxy_passthrough,tpcb_steady,250,2,during,2026-05-06T10:24:16.922263+00:00,0,0,0,0,0,"psql: error: connection to server at ""comp1.local.neon.build"" (127.0.0.1), port 4432 failed: ERROR:  sorry, too many clients already"
proxy_passthrough,tpcb_steady,250,2,after_15s,2026-05-06T10:24:33.101767+00:00,0,0,0,0,0,
proxy_passthrough,tpcb_steady,250,2,after_30s,2026-05-06T10:24:49.285793+00:00,0,0,0,0,0,
proxy_passthrough,tpcb_steady,250,2,after_45s,2026-05-06T10:25:05.369023+00:00,0,0,0,0,0,
proxy_passthrough,tpcb_steady,250,2,after_60s,2026-05-06T10:25:21.451900+00:00,0,0,0,0,0,
proxy_passthrough,tpcb_steady,250,2,after_90s,2026-05-06T10:25:52.535595+00:00,0,0,0,0,0,
proxy_passthrough,tpcb_steady,250,3,before,2026-05-06T10:26:00.346675+00:00,0,0,0,0,0,
proxy_passthrough,tpcb_steady,250,3,during,2026-05-06T10:26:01.572268+00:00,0,0,0,0,0,"psql: error: connection to server at ""comp1.local.neon.build"" (127.0.0.1), port 4432 failed: ERROR:  sorry, too many clients already"
proxy_passthrough,tpcb_steady,250,3,after_15s,2026-05-06T10:26:17.951882+00:00,0,0,0,0,0,
proxy_passthrough,tpcb_steady,250,3,after_30s,2026-05-06T10:26:34.137996+00:00,0,0,0,0,0,
proxy_passthrough,tpcb_steady,250,3,after_45s,2026-05-06T10:26:50.317871+00:00,0,0,0,0,0,
proxy_passthrough,tpcb_steady,250,3,after_60s,2026-05-06T10:27:06.497089+00:00,0,0,0,0,0,
proxy_passthrough,tpcb_steady,250,3,after_90s,2026-05-06T10:27:41.715303+00:00,0,0,0,0,0,
